datetime,open,high,low,close,volume
2024-08-06 09:30:00-04:00,205.38999938964844,206.25,201.07000732421875,204.89010620117188,0
2024-08-06 10:30:00-04:00,204.97999572753906,207.739501953125,204.3699951171875,206.11000061035156,7809373
2024-08-06 11:30:00-04:00,206.1204071044922,208.99000549316406,206.05999755859375,208.63099670410156,5843682
2024-08-06 12:30:00-04:00,208.6699981689453,209.97999572753906,208.36000061035156,208.99000549316406,4607591
2024-08-06 13:30:00-04:00,209.00999450683594,209.4799041748047,207.85000610351562,209.44639587402344,4690988
2024-08-06 14:30:00-04:00,209.4499969482422,209.9499969482422,207.39999389648438,208.5050048828125,5270629
2024-08-06 15:30:00-04:00,208.5050048828125,208.58999633789062,206.39999389648438,207.125,6503258
2024-08-07 09:30:00-04:00,206.88999938964844,212.89999389648438,206.41000366210938,211.6999969482422,15714668
2024-08-07 10:30:00-04:00,211.69000244140625,213.58999633789062,211.47000122070312,213.16000366210938,6367518
2024-08-07 11:30:00-04:00,213.12399291992188,213.63999938964844,211.17999267578125,212.5850067138672,5060827
2024-08-07 12:30:00-04:00,212.59970092773438,212.97000122070312,210.35000610351562,211.0399932861328,5212227
2024-08-07 13:30:00-04:00,211.0399932861328,211.49000549316406,210.02000427246094,211.05999755859375,5095212
2024-08-07 14:30:00-04:00,211.02000427246094,211.02000427246094,208.47999572753906,210.5200958251953,6015049
2024-08-07 15:30:00-04:00,210.5500030517578,210.99000549316406,209.41000366210938,209.86000061035156,5358011
2024-08-08 09:30:00-04:00,213.09500122070312,213.2100067138672,208.8300018310547,212.55999755859375,10203691
2024-08-08 10:30:00-04:00,212.5800018310547,212.99000549316406,211.0800018310547,212.2100067138672,4980328
2024-08-08 11:30:00-04:00,212.2100067138672,213.4600067138672,211.7100067138672,213.25,4471605
2024-08-08 12:30:00-04:00,213.26499938964844,213.99000549316406,212.5,213.89759826660156,3897513
2024-08-08 13:30:00-04:00,213.89999389648438,214.1999969482422,212.70750427246094,212.97999572753906,3971724
2024-08-08 14:30:00-04:00,212.9958953857422,213.42999267578125,212.1199951171875,212.13009643554688,3833831
2024-08-08 15:30:00-04:00,212.13999938964844,213.52000427246094,211.8800048828125,213.33999633789062,4665159
2024-08-09 09:30:00-04:00,212.0800018310547,214.7895050048828,211.97999572753906,214.6999969482422,7767530
2024-08-09 10:30:00-04:00,214.7100067138672,215.73500061035156,213.6699981689453,215.13499450683594,4852988
2024-08-09 11:30:00-04:00,215.1199951171875,215.7100067138672,214.41000366210938,214.5301055908203,3993538
2024-08-09 12:30:00-04:00,214.52999877929688,216.5399932861328,214.51010131835938,216.53500366210938,3806159
2024-08-09 13:30:00-04:00,216.5399932861328,216.77999877929688,214.9199981689453,215.27999877929688,3531367
2024-08-09 14:30:00-04:00,215.27499389648438,216.3800048828125,214.89999389648438,216.28500366210938,4226291
2024-08-09 15:30:00-04:00,216.25999450683594,216.61500549316406,215.33999633789062,216.3000030517578,5238718
2024-08-12 09:30:00-04:00,216.0,218.71499633789062,215.60000610351562,218.4499969482422,8545889
2024-08-12 10:30:00-04:00,218.44000244140625,219.50990295410156,217.14999389648438,217.80999755859375,5732544
2024-08-12 11:30:00-04:00,217.7947998046875,218.7574005126953,217.35000610351562,217.97999572753906,4072901
2024-08-12 12:30:00-04:00,217.97000122070312,218.33999633789062,217.02999877929688,217.24769592285156,3376508
2024-08-12 13:30:00-04:00,217.25,217.4550018310547,216.47999572753906,216.7449951171875,2928826
2024-08-12 14:30:00-04:00,216.6999969482422,217.42999267578125,216.59500122070312,217.02999877929688,2657864
2024-08-12 15:30:00-04:00,217.0399932861328,217.6300048828125,216.58999633789062,217.5500030517578,3179687
2024-08-13 09:30:00-04:00,219.10499572753906,221.7100067138672,219.00999450683594,221.0,11857628
2024-08-13 10:30:00-04:00,220.9949951171875,221.5,220.26060485839844,221.05499267578125,4325256
2024-08-13 11:30:00-04:00,221.0500030517578,221.59869384765625,220.88999938964844,221.11050415039062,3691243
2024-08-13 12:30:00-04:00,221.08999633789062,221.8000030517578,220.9600067138672,221.69000244140625,2825480
2024-08-13 13:30:00-04:00,221.69000244140625,221.88999938964844,220.56500244140625,221.21800231933594,3040248
2024-08-13 14:30:00-04:00,221.24609375,221.48489379882812,220.5399932861328,220.66000366210938,2559260
2024-08-13 15:30:00-04:00,220.6699981689453,221.27999877929688,220.4199981689453,221.27000427246094,3842702
2024-08-14 09:30:00-04:00,220.56500244140625,222.02000427246094,219.6999969482422,221.1103973388672,10322006
2024-08-14 10:30:00-04:00,221.11000061035156,222.55999755859375,220.4550018310547,222.55870056152344,4517827
2024-08-14 11:30:00-04:00,222.5500030517578,223.02999877929688,221.01499938964844,221.30499267578125,4029799
2024-08-14 12:30:00-04:00,221.32000732421875,221.4600067138672,220.3800048828125,221.1750030517578,3645945
2024-08-14 13:30:00-04:00,221.16000366210938,221.7689971923828,220.91000366210938,221.5399932861328,3099853
2024-08-14 14:30:00-04:00,221.52999877929688,221.61000061035156,220.80999755859375,221.16000366210938,2990194
2024-08-14 15:30:00-04:00,221.16000366210938,222.35000610351562,221.15310668945312,221.6199951171875,4112373
2024-08-15 09:30:00-04:00,224.5500030517578,224.99000549316406,222.75999450683594,224.7899932861328,9897134
2024-08-15 10:30:00-04:00,224.77999877929688,225.33999633789062,223.89999389648438,224.0050048828125,5316678
2024-08-15 11:30:00-04:00,224.00999450683594,225.01499938964844,223.85000610351562,224.9949951171875,3233561
2024-08-15 12:30:00-04:00,225.0,225.02000427246094,224.2449951171875,224.5449981689453,3507566
2024-08-15 13:30:00-04:00,224.55999755859375,225.14999389648438,224.50999450683594,225.07000732421875,2520626
2024-08-15 14:30:00-04:00,225.05999755859375,225.3300018310547,224.91380310058594,225.05999755859375,3818557
2024-08-15 15:30:00-04:00,225.05499267578125,225.08999633789062,223.84500122070312,224.7100067138672,5065291
2024-08-16 09:30:00-04:00,223.9199981689453,225.02000427246094,223.6501007080078,224.38999938964844,11905855
2024-08-16 10:30:00-04:00,224.3800048828125,225.02000427246094,223.96609497070312,224.91000366210938,4388806
2024-08-16 11:30:00-04:00,224.91000366210938,226.4456024169922,224.91000366210938,226.33999633789062,5068731
2024-08-16 12:30:00-04:00,226.35000610351562,226.8271026611328,226.30999755859375,226.5500030517578,4500362
2024-08-16 13:30:00-04:00,226.5500030517578,226.6699981689453,225.6300048828125,225.99000549316406,3023962
2024-08-16 14:30:00-04:00,225.98500061035156,226.2100067138672,225.7635955810547,225.9600067138672,2364036
2024-08-16 15:30:00-04:00,225.9604949951172,226.13999938964844,225.5399932861328,226.10000610351562,3252354
2024-08-19 09:30:00-04:00,225.69500732421875,225.69500732421875,223.0399932861328,224.16000366210938,9670189
2024-08-19 10:30:00-04:00,224.16000366210938,224.72999572753906,223.49000549316406,224.43020629882812,4193053
2024-08-19 11:30:00-04:00,224.42759704589844,224.64999389648438,223.75,224.4250030517578,3379602
2024-08-19 12:30:00-04:00,224.41000366210938,224.46499633789062,223.75,224.02499389648438,2649753
2024-08-19 13:30:00-04:00,224.02999877929688,224.66000366210938,223.8000030517578,224.63999938964844,3556772
2024-08-19 14:30:00-04:00,224.64500427246094,224.9499969482422,224.5800018310547,224.92999267578125,2814556
2024-08-19 15:30:00-04:00,224.9250030517578,225.97000122070312,224.88999938964844,225.89999389648438,4867293
2024-08-20 09:30:00-04:00,225.77000427246094,227.1699981689453,225.4499969482422,226.66000366210938,7693400
2024-08-20 10:30:00-04:00,226.67999267578125,226.69000244140625,225.7100067138672,226.2100067138672,3611714
2024-08-20 11:30:00-04:00,226.2050018310547,227.09500122070312,226.08999633789062,226.89999389648438,2572227
2024-08-20 12:30:00-04:00,226.89500427246094,227.08999633789062,226.11000061035156,226.7100067138672,2086631
2024-08-20 13:30:00-04:00,226.6999969482422,227.11000061035156,226.35000610351562,227.01499938964844,1991274
2024-08-20 14:30:00-04:00,227.02999877929688,227.05999755859375,226.19000244140625,226.48500061035156,2299219
2024-08-20 15:30:00-04:00,226.47999572753906,226.92999267578125,226.38999938964844,226.49000549316406,2581538
2024-08-21 09:30:00-04:00,226.49000549316406,227.6699981689453,225.91000366210938,227.22500610351562,8159799
2024-08-21 10:30:00-04:00,227.22999572753906,227.97999572753906,225.8800048828125,226.49000549316406,4755603
2024-08-21 11:30:00-04:00,226.49989318847656,226.58999633789062,225.63499450683594,226.24000549316406,2772090
2024-08-21 12:30:00-04:00,226.25,226.50399780273438,225.92010498046875,226.00010681152344,2061134
2024-08-21 13:30:00-04:00,226.00999450683594,226.4499969482422,225.8300018310547,226.4499969482422,2566714
2024-08-21 14:30:00-04:00,226.4499969482422,226.5800018310547,225.3302001953125,225.77000427246094,2984227
2024-08-21 15:30:00-04:00,225.77999877929688,226.55999755859375,225.1909942626953,226.39999389648438,3834165
2024-08-22 09:30:00-04:00,227.60000610351562,228.33999633789062,226.5500030517578,226.77000427246094,8837839
2024-08-22 10:30:00-04:00,226.75999450683594,227.2100067138672,226.13999938964844,226.17999267578125,3513476
2024-08-22 11:30:00-04:00,226.13999938964844,226.44000244140625,224.92010498046875,226.42999267578125,3401206
2024-08-22 12:30:00-04:00,226.43499755859375,226.61000061035156,225.0847930908203,225.64500427246094,2873698
2024-08-22 13:30:00-04:00,225.6300048828125,225.82000732421875,223.89999389648438,224.85989379882812,3951613
2024-08-22 14:30:00-04:00,224.86000061035156,224.94000244140625,224.14999389648438,224.32000732421875,2652812
2024-08-22 15:30:00-04:00,224.33999633789062,224.9199981689453,224.02999877929688,224.52999877929688,4874043
2024-08-23 09:30:00-04:00,225.65890502929688,228.22000122070312,225.52000427246094,227.97500610351562,8606738
2024-08-23 10:30:00-04:00,227.99000549316406,228.10000610351562,225.19009399414062,225.9499969482422,5457419
2024-08-23 11:30:00-04:00,225.968505859375,226.7100067138672,224.8800048828125,225.11500549316406,3192087
2024-08-23 12:30:00-04:00,225.11000061035156,225.99000549316406,224.33999633789062,225.96499633789062,2664126
2024-08-23 13:30:00-04:00,225.97000122070312,226.5500030517578,225.9499969482422,226.45269775390625,2323736
2024-08-23 14:30:00-04:00,226.4550018310547,227.10000610351562,226.22000122070312,227.05999755859375,2752049
2024-08-23 15:30:00-04:00,227.06500244140625,227.16690063476562,226.22999572753906,226.7736053466797,3536618
2024-08-26 09:30:00-04:00,227.2100067138672,227.2100067138672,224.47720336914062,224.9499969482422,6251104
2024-08-26 10:30:00-04:00,224.9199981689453,225.19000244140625,223.8905029296875,225.07000732421875,3930509
2024-08-26 11:30:00-04:00,225.05999755859375,225.82000732421875,224.63999938964844,225.8105010986328,3335827
2024-08-26 12:30:00-04:00,225.81100463867188,226.39999389648438,225.75,226.1199951171875,2092165
2024-08-26 13:30:00-04:00,226.1300048828125,226.4250030517578,225.4429931640625,225.8699951171875,2251610
2024-08-26 14:30:00-04:00,225.86000061035156,226.6699981689453,225.76010131835938,226.4300994873047,2444527
2024-08-26 15:30:00-04:00,226.42999267578125,227.27999877929688,226.2899932861328,227.25999450683594,3543413
2024-08-27 09:30:00-04:00,226.21009826660156,228.22000122070312,224.88999938964844,227.97000122070312,8575296
2024-08-27 10:30:00-04:00,227.9600067138672,228.8459930419922,227.6501007080078,228.6300048828125,4591987
2024-08-27 11:30:00-04:00,228.57000732421875,228.66000366210938,227.8699951171875,227.94000244140625,2877065
2024-08-27 12:30:00-04:00,227.92999267578125,228.52999877929688,227.5500030517578,228.49000549316406,2150303
2024-08-27 13:30:00-04:00,228.5,228.66400146484375,228.07000732421875,228.4832000732422,1944293
2024-08-27 14:30:00-04:00,228.47999572753906,228.5489959716797,228.08999633789062,228.14999389648438,1885195
2024-08-27 15:30:00-04:00,228.14999389648438,228.27000427246094,227.75,228.13999938964844,3396614
2024-08-28 09:30:00-04:00,228.0500030517578,229.66000366210938,227.87100219726562,229.63999938964844,8121114
2024-08-28 10:30:00-04:00,229.6300048828125,229.85000610351562,226.3300018310547,226.80999755859375,5991731
2024-08-28 11:30:00-04:00,226.8000030517578,227.27000427246094,226.25999450683594,227.02999877929688,5540740
2024-08-28 12:30:00-04:00,227.02000427246094,227.75999450683594,227.00999450683594,227.47000122070312,2481723
2024-08-28 13:30:00-04:00,227.47000122070312,227.60000610351562,225.6800994873047,226.0800018310547,2007338
2024-08-28 14:30:00-04:00,226.0800018310547,227.63999938964844,225.9600067138672,227.4600067138672,3017614
2024-08-28 15:30:00-04:00,227.4499969482422,227.5399932861328,226.33999633789062,226.49000549316406,3607065
2024-08-29 09:30:00-04:00,230.27999877929688,231.94000244140625,228.8800048828125,231.4199981689453,15038494
2024-08-29 10:30:00-04:00,231.42999267578125,232.9199981689453,231.4199981689453,232.4499969482422,7514577
2024-08-29 11:30:00-04:00,232.44760131835938,232.7091064453125,231.49000549316406,232.4499969482422,5159347
2024-08-29 12:30:00-04:00,232.4499969482422,232.7100067138672,231.8699951171875,232.1300048828125,3294078
2024-08-29 13:30:00-04:00,232.13999938964844,232.5,230.5500030517578,230.83599853515625,4397159
2024-08-29 14:30:00-04:00,230.8300018310547,230.97000122070312,229.62010192871094,230.13999938964844,5247050
2024-08-29 15:30:00-04:00,230.1699981689453,230.77000427246094,229.3300018310547,229.80999755859375,4555191
2024-08-30 09:30:00-04:00,230.0,230.39999389648438,228.54010009765625,229.19500732421875,8962269
2024-08-30 10:30:00-04:00,229.1999969482422,230.00999450683594,227.72999572753906,228.2449951171875,4933862
2024-08-30 11:30:00-04:00,228.22000122070312,228.875,227.5500030517578,228.02999877929688,3257176
2024-08-30 12:30:00-04:00,228.02020263671875,228.6999969482422,227.47999572753906,228.14999389648438,2683350
2024-08-30 13:30:00-04:00,228.13499450683594,228.31500244140625,227.66000366210938,227.99000549316406,2414533
2024-08-30 14:30:00-04:00,228.0,229.0500030517578,227.9499969482422,229.0399932861328,3332557
2024-08-30 15:30:00-04:00,229.0399932861328,229.85000610351562,228.3800048828125,228.86000061035156,6922500
2024-09-03 09:30:00-04:00,228.23849487304688,229.0,224.72999572753906,225.30999755859375,10969784
2024-09-03 10:30:00-04:00,225.30499267578125,225.30499267578125,223.50999450683594,223.85499572753906,5984800
2024-09-03 11:30:00-04:00,223.86000061035156,224.42999267578125,223.27000427246094,223.88999938964844,3719653
2024-09-03 12:30:00-04:00,223.8800048828125,224.14999389648438,223.4499969482422,223.8314971923828,2520844
2024-09-03 13:30:00-04:00,223.8251953125,223.9199981689453,221.83999633789062,222.1300048828125,4242288
2024-09-03 14:30:00-04:00,222.1199951171875,222.72999572753906,221.77000427246094,222.4499969482422,4336460
2024-09-03 15:30:00-04:00,222.44000244140625,222.77999877929688,221.1699981689453,222.75,6650499
2024-09-04 09:30:00-04:00,221.4499969482422,221.7550048828125,217.47999572753906,218.63499450683594,13419708
2024-09-04 10:30:00-04:00,218.6300048828125,220.25,218.5399932861328,218.6800994873047,6164994
2024-09-04 11:30:00-04:00,218.69500732421875,219.96499633789062,218.02000427246094,219.92999267578125,3511069
2024-09-04 12:30:00-04:00,219.9199981689453,220.7843017578125,219.5399932861328,220.1199951171875,3078968
2024-09-04 13:30:00-04:00,220.10459899902344,221.11000061035156,220.07000732421875,220.91000366210938,3084195
2024-09-04 14:30:00-04:00,220.89999389648438,221.13999938964844,220.1699981689453,220.5500030517578,3235652
2024-09-04 15:30:00-04:00,220.5500030517578,221.4300994873047,220.4199981689453,220.7899932861328,4798702
2024-09-05 09:30:00-04:00,221.52000427246094,225.47999572753906,221.52000427246094,225.05999755859375,10704328
2024-09-05 10:30:00-04:00,225.0800018310547,225.38999938964844,222.3800048828125,222.47999572753906,4610709
2024-09-05 11:30:00-04:00,222.4600067138672,222.81959533691406,221.88999938964844,222.79519653320312,3171908
2024-09-05 12:30:00-04:00,222.7899932861328,223.14999389648438,222.33999633789062,222.38999938964844,2425313
2024-09-05 13:30:00-04:00,222.397705078125,223.75,222.37420654296875,223.33059692382812,2790012
2024-09-05 14:30:00-04:00,223.33999633789062,223.89999389648438,222.11000061035156,222.8300018310547,2545064
2024-09-05 15:30:00-04:00,222.82000732421875,223.3699951171875,221.8101043701172,222.39999389648438,3426613
2024-09-06 09:30:00-04:00,223.89999389648438,225.19659423828125,222.3800048828125,222.69000244140625,10837039
2024-09-06 10:30:00-04:00,222.6699981689453,223.02000427246094,220.8300018310547,221.25,6152793
2024-09-06 11:30:00-04:00,221.25,222.0677947998047,220.66200256347656,220.68569946289062,3892594
2024-09-06 12:30:00-04:00,220.6999969482422,221.63999938964844,220.4600067138672,220.97999572753906,3419148
2024-09-06 13:30:00-04:00,220.9499969482422,221.08999633789062,219.77000427246094,220.18780517578125,3000383
2024-09-06 14:30:00-04:00,220.19000244140625,221.47000122070312,219.82000732421875,221.05999755859375,3924346
2024-09-06 15:30:00-04:00,221.0625,221.5500030517578,220.13999938964844,220.91000366210938,4597875
2024-09-09 09:30:00-04:00,220.89999389648438,221.27000427246094,217.82000732421875,218.875,13584735
2024-09-09 10:30:00-04:00,218.8800048828125,219.00999450683594,217.0500030517578,218.9600067138672,6687156
2024-09-09 11:30:00-04:00,218.97999572753906,220.5,218.92999267578125,220.2039031982422,4368450
2024-09-09 12:30:00-04:00,220.2126007080078,220.92999267578125,219.80999755859375,220.83999633789062,4747989
2024-09-09 13:30:00-04:00,220.83799743652344,220.85000610351562,217.0800018310547,217.1699981689453,11488645
2024-09-09 14:30:00-04:00,217.13999938964844,219.2725067138672,216.72000122070312,219.25999450683594,9269515
2024-09-09 15:30:00-04:00,219.27000427246094,221.0364990234375,219.27000427246094,220.99000549316406,8206929
2024-09-10 09:30:00-04:00,218.88499450683594,220.02000427246094,216.72999572753906,219.77999877929688,14107205
2024-09-10 10:30:00-04:00,219.76499938964844,220.22000122070312,218.22000122070312,219.9499969482422,6070511
2024-09-10 11:30:00-04:00,219.9499969482422,220.41000366210938,218.0404052734375,218.5399932861328,4556201
2024-09-10 12:30:00-04:00,218.5301055908203,220.64999389648438,218.49000549316406,220.27000427246094,3685902
2024-09-10 13:30:00-04:00,220.27000427246094,221.47999572753906,220.19590759277344,220.80999755859375,3978034
2024-09-10 14:30:00-04:00,220.8300018310547,221.0449981689453,220.2100067138672,220.75,5332395
2024-09-10 15:30:00-04:00,220.7449951171875,221.11000061035156,219.67999267578125,220.1699981689453,4674197
2024-09-11 09:30:00-04:00,221.4250030517578,223.08999633789062,219.14999389648438,219.25,9711642
2024-09-11 10:30:00-04:00,219.24000549316406,219.33999633789062,217.88999938964844,218.89999389648438,4829296
2024-09-11 11:30:00-04:00,218.89999389648438,220.9499969482422,218.6699981689453,220.835205078125,3877449
2024-09-11 12:30:00-04:00,220.86000061035156,221.85000610351562,220.50999450683594,221.32000732421875,2788950
2024-09-11 13:30:00-04:00,221.25999450683594,221.6999969482422,220.83999633789062,221.6199951171875,3552924
2024-09-11 14:30:00-04:00,221.64999389648438,221.97000122070312,221.11000061035156,221.97000122070312,4285668
2024-09-11 15:30:00-04:00,221.9550018310547,223.0,221.67999267578125,222.86000061035156,5531388
2024-09-12 09:30:00-04:00,221.67999267578125,222.5800018310547,219.82000732421875,222.07000732421875,8196037
2024-09-12 10:30:00-04:00,222.07119750976562,223.0675048828125,221.08999633789062,221.89999389648438,4368515
2024-09-12 11:30:00-04:00,221.89999389648438,222.5399932861328,221.6199951171875,221.92999267578125,2289208
2024-09-12 12:30:00-04:00,221.9499969482422,223.0500030517578,221.7100067138672,222.6199951171875,2450018
2024-09-12 13:30:00-04:00,222.60000610351562,223.22999572753906,222.5800018310547,223.14010620117188,2928926
2024-09-12 14:30:00-04:00,223.13999938964844,223.5399932861328,222.16000366210938,222.94000244140625,3839512
2024-09-12 15:30:00-04:00,222.92999267578125,223.3489990234375,222.44000244140625,222.8699951171875,5236457
2024-09-13 09:30:00-04:00,223.59500122070312,223.85000610351562,222.19000244140625,222.3699951171875,9588879
2024-09-13 10:30:00-04:00,222.35000610351562,223.75,221.91000366210938,223.5449981689453,4492924
2024-09-13 11:30:00-04:00,223.5449981689453,223.99000549316406,223.05499267578125,223.3101043701172,2825345
2024-09-13 12:30:00-04:00,223.32000732421875,224.02999877929688,223.22000122070312,223.58380126953125,2326834
2024-09-13 13:30:00-04:00,223.5800018310547,224.02000427246094,222.85000610351562,223.0,2945593
2024-09-13 14:30:00-04:00,222.9949951171875,223.0500030517578,222.33120727539062,222.53399658203125,3150741
2024-09-13 15:30:00-04:00,222.5399932861328,222.84300231933594,222.30999755859375,222.4600067138672,4426267
2024-09-16 09:30:00-04:00,216.5500030517578,217.1999969482422,213.9199981689453,216.66000366210938,21390264
2024-09-16 10:30:00-04:00,216.64010620117188,216.9149932861328,214.83999633789062,216.55650329589844,8162076
2024-09-16 11:30:00-04:00,216.5500030517578,216.5800018310547,214.91000366210938,215.39999389648438,4852521
2024-09-16 12:30:00-04:00,215.38999938964844,215.97999572753906,214.92010498046875,215.96499633789062,3748142
2024-09-16 13:30:00-04:00,215.9600067138672,216.52000427246094,215.75,216.42999267578125,3606890
2024-09-16 14:30:00-04:00,216.4250030517578,216.466796875,215.9199981689453,216.22500610351562,4144167
2024-09-16 15:30:00-04:00,216.3000030517578,216.6999969482422,216.17999267578125,216.3000030517578,5232224
2024-09-17 09:30:00-04:00,215.75,216.58990478515625,214.5,216.4199981689453,11537502
2024-09-17 10:30:00-04:00,216.39999389648438,216.89999389648438,215.8426055908203,216.2050018310547,5086619
2024-09-17 11:30:00-04:00,216.2100067138672,216.83999633789062,215.50999450683594,215.75999450683594,4563369
2024-09-17 12:30:00-04:00,215.77000427246094,216.22999572753906,215.22999572753906,216.1699981689453,4929353
2024-09-17 13:30:00-04:00,216.16000366210938,216.38999938964844,215.05999755859375,216.14999389648438,3204596
2024-09-17 14:30:00-04:00,216.13999938964844,216.6199951171875,215.3000030517578,216.61000061035156,3928149
2024-09-17 15:30:00-04:00,216.60000610351562,216.85000610351562,216.1699981689453,216.85000610351562,4733527
2024-09-18 09:30:00-04:00,217.58999633789062,220.73500061035156,217.5399932861328,220.73500061035156,11719770
2024-09-18 10:30:00-04:00,220.7301025390625,221.61000061035156,220.25100708007812,220.6300048828125,8156545
2024-09-18 11:30:00-04:00,220.63999938964844,220.86990356445312,219.52000427246094,220.80999755859375,4730443
2024-09-18 12:30:00-04:00,220.8000030517578,221.35000610351562,220.25999450683594,221.21009826660156,4663209
2024-09-18 13:30:00-04:00,221.22000122070312,222.6999969482422,219.92999267578125,221.4073028564453,7417109
2024-09-18 14:30:00-04:00,221.4958953857422,221.85000610351562,218.92999267578125,221.5,7309128
2024-09-18 15:30:00-04:00,221.5399932861328,221.80999755859375,219.8800048828125,220.69000244140625,6247706
2024-09-19 09:30:00-04:00,224.94000244140625,229.60000610351562,224.63999938964844,229.4949951171875,18240508
2024-09-19 10:30:00-04:00,229.60499572753906,229.82000732421875,227.66000366210938,228.49000549316406,8846328
2024-09-19 11:30:00-04:00,228.48460388183594,229.17999267578125,228.0,228.9949951171875,5729594
2024-09-19 12:30:00-04:00,228.99000549316406,229.3300018310547,228.72079467773438,229.17010498046875,4098355
2024-09-19 13:30:00-04:00,229.20689392089844,229.45570373535156,228.39999389648438,228.8699951171875,4410441
2024-09-19 14:30:00-04:00,228.8699951171875,229.49000549316406,228.76010131835938,229.46719360351562,4815301
2024-09-19 15:30:00-04:00,229.4600067138672,229.58999633789062,228.2899932861328,228.82000732421875,7376731
2024-09-20 09:30:00-04:00,229.97000122070312,231.16000366210938,229.22000122070312,230.0345001220703,28984531
2024-09-20 10:30:00-04:00,230.02999877929688,230.5800018310547,229.1999969482422,229.77000427246094,12497143
2024-09-20 11:30:00-04:00,229.75999450683594,231.74000549316406,229.74000549316406,231.72999572753906,7914719
2024-09-20 12:30:00-04:00,231.72000122070312,231.9199981689453,230.61000061035156,230.75,6485883
2024-09-20 13:30:00-04:00,230.74000549316406,231.25999450683594,229.60000610351562,229.77720642089844,7870480
2024-09-20 14:30:00-04:00,229.77000427246094,232.0,229.5,231.97500610351562,10546962
2024-09-20 15:30:00-04:00,231.97500610351562,233.08999633789062,227.6199951171875,228.52999877929688,25542112
2024-09-23 09:30:00-04:00,227.33999633789062,228.02310180664062,225.86000061035156,228.00999450683594,13371890
2024-09-23 10:30:00-04:00,228.00999450683594,229.4499969482422,227.6300048828125,228.6533966064453,6527851
2024-09-23 11:30:00-04:00,228.66000366210938,228.89999389648438,226.92999267578125,226.94000244140625,3575768
2024-09-23 12:30:00-04:00,226.94000244140625,227.41000366210938,226.62010192871094,226.74000549316406,3228628
2024-09-23 13:30:00-04:00,226.74899291992188,227.17999267578125,226.50999450683594,226.67999267578125,2921492
2024-09-23 14:30:00-04:00,226.69000244140625,226.75999450683594,226.0,226.2899932861328,3625613
2024-09-23 15:30:00-04:00,226.27999877929688,226.6999969482422,225.80999755859375,226.4499969482422,4381769
2024-09-24 09:30:00-04:00,229.17999267578125,229.35000610351562,226.0500030517578,226.07000732421875,7586055
2024-09-24 10:30:00-04:00,226.07000732421875,227.47999572753906,225.74000549316406,227.01210021972656,4155816
2024-09-24 11:30:00-04:00,227.02000427246094,227.73939514160156,226.6999969482422,227.5500030517578,2884573
2024-09-24 12:30:00-04:00,227.5399932861328,227.75999450683594,226.80999755859375,227.24000549316406,2149179
2024-09-24 13:30:00-04:00,227.24220275878906,227.47999572753906,226.80999755859375,226.8791046142578,1936488
2024-09-24 14:30:00-04:00,226.8699951171875,227.08999633789062,226.5399932861328,227.0260009765625,1999556
2024-09-24 15:30:00-04:00,227.0399932861328,227.5,226.3699951171875,227.36000061035156,4656959
2024-09-25 09:30:00-04:00,224.92999267578125,227.2899932861328,224.61000061035156,226.38499450683594,8474136
2024-09-25 10:30:00-04:00,226.3699951171875,226.79989624023438,225.3000030517578,225.4499969482422,4105730
2024-09-25 11:30:00-04:00,225.39999389648438,225.98989868164062,225.32000732421875,225.87010192871094,2773314
2024-09-25 12:30:00-04:00,225.86000061035156,226.02000427246094,225.27000427246094,225.36000061035156,2776012
2024-09-25 13:30:00-04:00,225.35000610351562,225.4499969482422,224.02999877929688,224.89999389648438,4550963
2024-09-25 14:30:00-04:00,224.88999938964844,225.32000732421875,224.72999572753906,225.25990295410156,2750104
2024-09-25 15:30:00-04:00,225.25,226.44000244140625,225.19000244140625,226.30999755859375,4052788
2024-09-26 09:30:00-04:00,227.3000030517578,227.6199951171875,225.41000366210938,226.89999389648438,8068088
2024-09-26 10:30:00-04:00,226.91000366210938,228.5,226.52999877929688,227.3896942138672,5650345
2024-09-26 11:30:00-04:00,227.38650512695312,227.82000732421875,226.67999267578125,227.30999755859375,2992378
2024-09-26 12:30:00-04:00,227.31500244140625,227.39999389648438,226.6699981689453,227.15499877929688,1819367
2024-09-26 13:30:00-04:00,227.15499877929688,227.7100067138672,226.9709930419922,227.7050018310547,2270366
2024-09-26 14:30:00-04:00,227.7100067138672,227.86500549316406,227.46200561523438,227.5749969482422,2387943
2024-09-26 15:30:00-04:00,227.5800018310547,227.7899932861328,226.99000549316406,227.6199951171875,3934449
2024-09-27 09:30:00-04:00,228.42999267578125,229.52000427246094,227.99000549316406,228.95089721679688,7047356
2024-09-27 10:30:00-04:00,228.93960571289062,229.07000732421875,227.83999633789062,228.1300048828125,4099029
2024-09-27 11:30:00-04:00,228.1199951171875,228.25,227.3000030517578,228.14999389648438,3339358
2024-09-27 12:30:00-04:00,228.13999938964844,228.6199951171875,227.9199981689453,227.9949951171875,1914209
2024-09-27 13:30:00-04:00,227.99000549316406,228.52000427246094,227.80999755859375,227.89500427246094,2008696
2024-09-27 14:30:00-04:00,227.89999389648438,228.19000244140625,227.52999877929688,227.80999755859375,2165156
2024-09-27 15:30:00-04:00,227.82000732421875,228.0,227.5500030517578,227.82000732421875,3703154
2024-09-30 09:30:00-04:00,230.15499877929688,232.34120178222656,229.65499877929688,230.97999572753906,11787517
2024-09-30 10:30:00-04:00,230.97000122070312,232.04989624023438,230.75,231.89999389648438,4589294
2024-09-30 11:30:00-04:00,232.02000427246094,232.53829956054688,231.8300018310547,232.1199951171875,3947937
2024-09-30 12:30:00-04:00,232.1199951171875,232.1999969482422,231.30999755859375,231.64500427246094,2500766
2024-09-30 13:30:00-04:00,231.64999389648438,232.0,230.5500030517578,231.00999450683594,3105354
2024-09-30 14:30:00-04:00,231.0,231.91000366210938,230.77639770507812,231.22000122070312,3385830
2024-09-30 15:30:00-04:00,231.2050018310547,233.0,231.11000061035156,233.0,9077998
2024-10-01 09:30:00-04:00,229.5500030517578,229.6199951171875,224.66000366210938,224.9600067138672,18785859
2024-10-01 10:30:00-04:00,224.97999572753906,225.5,224.52000427246094,225.47500610351562,7238550
2024-10-01 11:30:00-04:00,225.47000122070312,225.94000244140625,225.0500030517578,225.31300354003906,5236262
2024-10-01 12:30:00-04:00,225.3000030517578,225.39500427246094,223.74000549316406,223.92999267578125,4629057
2024-10-01 13:30:00-04:00,223.92999267578125,225.63999938964844,223.83999633789062,225.4600067138672,4115947
2024-10-01 14:30:00-04:00,225.44000244140625,226.1884002685547,225.24600219726562,226.1501007080078,4202375
2024-10-01 15:30:00-04:00,226.14999389648438,226.33999633789062,225.87570190429688,226.25999450683594,5044106
2024-10-02 09:30:00-04:00,225.6999969482422,226.11000061035156,223.02999877929688,225.4199981689453,9385176
2024-10-02 10:30:00-04:00,225.39999389648438,226.60000610351562,225.27000427246094,226.2050018310547,4586645
2024-10-02 11:30:00-04:00,226.22000122070312,227.0500030517578,226.1649932861328,226.95199584960938,3954712
2024-10-02 12:30:00-04:00,226.9499969482422,227.03939819335938,226.58999633789062,226.95989990234375,2173028
2024-10-02 13:30:00-04:00,226.94000244140625,227.17999267578125,226.35000610351562,226.82000732421875,2418335
2024-10-02 14:30:00-04:00,226.8000030517578,227.3300018310547,226.64999389648438,227.24000549316406,2105356
2024-10-02 15:30:00-04:00,227.22500610351562,227.3699951171875,226.69009399414062,226.80999755859375,2793983
2024-10-03 09:30:00-04:00,225.24000549316406,226.8000030517578,224.72000122070312,224.8350067138672,6220681
2024-10-03 10:30:00-04:00,224.80999755859375,225.52999877929688,224.26499938964844,224.87420654296875,4150076
2024-10-03 11:30:00-04:00,224.88839721679688,225.3699951171875,224.8300018310547,225.07119750976562,3280055
2024-10-03 12:30:00-04:00,225.08999633789062,225.09629821777344,223.3238983154297,223.8350067138672,3492200
2024-10-03 13:30:00-04:00,223.83999633789062,224.40989685058594,223.70010375976562,223.84010314941406,1911305
2024-10-03 14:30:00-04:00,223.8350067138672,224.0399932861328,223.50010681152344,223.6999969482422,2380663
2024-10-03 15:30:00-04:00,223.7100067138672,225.83999633789062,223.66000366210938,225.6699981689453,5709739
2024-10-04 09:30:00-04:00,227.88999938964844,228.0,224.3800048828125,224.510498046875,8338473
2024-10-04 10:30:00-04:00,224.49000549316406,225.5399932861328,224.13999938964844,224.55999755859375,4171900
2024-10-04 11:30:00-04:00,224.52999877929688,225.57000732421875,224.3249969482422,224.9499969482422,3129678
2024-10-04 12:30:00-04:00,224.9571075439453,225.47999572753906,224.8675994873047,225.10009765625,1978865
2024-10-04 13:30:00-04:00,225.1199951171875,225.35000610351562,224.5500030517578,225.08999633789062,2430951
2024-10-04 14:30:00-04:00,225.08999633789062,226.19000244140625,225.0399932861328,226.09010314941406,3128943
2024-10-04 15:30:00-04:00,226.09500122070312,226.97999572753906,225.92999267578125,226.77999877929688,4791908
2024-10-07 09:30:00-04:00,224.4600067138672,225.5399932861328,224.05499267578125,225.32000732421875,7846943
2024-10-07 10:30:00-04:00,225.31500244140625,225.69000244140625,224.47999572753906,225.0601043701172,3155397
2024-10-07 11:30:00-04:00,225.0800018310547,225.27999877929688,224.07000732421875,224.25999450683594,2733871
2024-10-07 12:30:00-04:00,224.25,224.57000732421875,223.80999755859375,223.80999755859375,2471325
2024-10-07 13:30:00-04:00,223.7801055908203,224.05999755859375,223.39999389648438,223.74989318847656,2377594
2024-10-07 14:30:00-04:00,223.72999572753906,223.72999572753906,222.22999572753906,222.56500244140625,4495723
2024-10-07 15:30:00-04:00,222.56399536132812,222.6300048828125,221.3350067138672,221.72000122070312,4695507
2024-10-08 09:30:00-04:00,224.30999755859375,225.8800048828125,223.25,224.89999389648438,8969276
2024-10-08 10:30:00-04:00,224.89759826660156,225.9600067138672,224.66000366210938,225.3300018310547,3802538
2024-10-08 11:30:00-04:00,225.33929443359375,225.60000610351562,224.74000549316406,224.82000732421875,2178501
2024-10-08 12:30:00-04:00,224.8300018310547,225.0,224.22239685058594,224.74000549316406,1971901
2024-10-08 13:30:00-04:00,224.74000549316406,225.11500549316406,224.66000366210938,224.92970275878906,1560837
2024-10-08 14:30:00-04:00,224.9199981689453,225.58999633789062,224.77999877929688,225.27000427246094,2592549
2024-10-08 15:30:00-04:00,225.27000427246094,225.97500610351562,225.23500061035156,225.77999877929688,3794652
2024-10-09 09:30:00-04:00,225.5,227.1699981689453,224.8300018310547,227.10000610351562,6790643
2024-10-09 10:30:00-04:00,227.10000610351562,228.2899932861328,226.97000122070312,228.19000244140625,4601032
2024-10-09 11:30:00-04:00,228.2100067138672,228.7100067138672,228.08200073242188,228.7100067138672,3064533
2024-10-09 12:30:00-04:00,228.72000122070312,229.03990173339844,228.52000427246094,228.86000061035156,2317434
2024-10-09 13:30:00-04:00,228.83999633789062,229.6699981689453,228.02999877929688,229.6300048828125,2705052
2024-10-09 14:30:00-04:00,229.6199951171875,229.62989807128906,228.8000030517578,229.07420349121094,3361168
2024-10-09 15:30:00-04:00,229.07000732421875,229.75,229.05999755859375,229.50999450683594,3238655
2024-10-10 09:30:00-04:00,227.77999877929688,228.82980346679688,227.1699981689453,228.2554931640625,6391325
2024-10-10 10:30:00-04:00,228.2364044189453,228.39599609375,227.6300048828125,228.2899932861328,3150593
2024-10-10 11:30:00-04:00,228.2899932861328,229.22999572753906,228.13999938964844,228.7100067138672,2234297
2024-10-10 12:30:00-04:00,228.72500610351562,228.73910522460938,228.12030029296875,228.5,1857916
2024-10-10 13:30:00-04:00,228.49000549316406,228.8000030517578,228.0399932861328,228.32000732421875,1786905
2024-10-10 14:30:00-04:00,228.32000732421875,228.94500732421875,228.07000732421875,228.85499572753906,1924289
2024-10-10 15:30:00-04:00,228.85499572753906,229.5,228.80499267578125,229.02999877929688,3089900
2024-10-11 09:30:00-04:00,228.2949981689453,228.89999389648438,227.33999633789062,228.75999450683594,6270537
2024-10-11 10:30:00-04:00,228.74000549316406,229.19000244140625,227.7899932861328,227.97500610351562,3392321
2024-10-11 11:30:00-04:00,227.9700927734375,228.11000061035156,227.66000366210938,227.83009338378906,3047535
2024-10-11 12:30:00-04:00,227.8300018310547,227.98500061035156,227.41000366210938,227.83999633789062,2091191
2024-10-11 13:30:00-04:00,227.8249969482422,228.4499969482422,227.5800018310547,228.19500732421875,2354655
2024-10-11 14:30:00-04:00,228.19500732421875,228.97000122070312,228.05999755859375,228.69000244140625,2828890
2024-10-11 15:30:00-04:00,228.68870544433594,228.75999450683594,227.5,227.52000427246094,3955806
2024-10-14 09:30:00-04:00,228.6999969482422,231.30999755859375,228.60000610351562,230.68499755859375,8542412
2024-10-14 10:30:00-04:00,230.68499755859375,230.8800048828125,229.14999389648438,229.69000244140625,3661063
2024-10-14 11:30:00-04:00,229.67999267578125,230.52920532226562,229.42999267578125,230.24949645996094,2488171
2024-10-14 12:30:00-04:00,230.25999450683594,230.6063995361328,230.1999969482422,230.42999267578125,1601087
2024-10-14 13:30:00-04:00,230.41000366210938,230.55029296875,230.05999755859375,230.4600067138672,2240039
2024-10-14 14:30:00-04:00,230.48350524902344,231.44679260253906,230.4499969482422,231.22259521484375,3574497
2024-10-14 15:30:00-04:00,231.22000122070312,231.72779846191406,231.0399932861328,231.3000030517578,4541236
2024-10-15 09:30:00-04:00,233.58999633789062,237.49000549316406,232.3699951171875,235.82000732421875,21113589
2024-10-15 10:30:00-04:00,235.82000732421875,236.1300048828125,234.67010498046875,235.431396484375,8085291
2024-10-15 11:30:00-04:00,235.42999267578125,236.2899932861328,234.5500030517578,234.75999450683594,5436418
2024-10-15 12:30:00-04:00,234.75,235.1999969482422,233.85000610351562,234.02000427246094,3242105
2024-10-15 13:30:00-04:00,233.96400451660156,234.47000122070312,233.5,233.94000244140625,3554666
2024-10-15 14:30:00-04:00,233.94000244140625,234.0800018310547,233.0449981689453,233.24000549316406,3377696
2024-10-15 15:30:00-04:00,233.25,234.0699005126953,232.80999755859375,233.8000030517578,5720018
2024-10-16 09:30:00-04:00,231.6199951171875,232.1199951171875,229.85000610351562,230.72970581054688,10626875
2024-10-16 10:30:00-04:00,230.7100067138672,231.13999938964844,230.0500030517578,230.5850067138672,3846997
2024-10-16 11:30:00-04:00,230.5800018310547,230.95989990234375,230.06100463867188,230.33999633789062,3420832
2024-10-16 12:30:00-04:00,230.34500122070312,231.2899932861328,230.32000732421875,230.90989685058594,2259958
2024-10-16 13:30:00-04:00,230.90989685058594,231.36000061035156,230.5800018310547,231.11000061035156,2251178
2024-10-16 14:30:00-04:00,231.10000610351562,231.6199951171875,230.97999572753906,231.61500549316406,2354257
2024-10-16 15:30:00-04:00,231.6199951171875,231.92999267578125,231.22000122070312,231.75,3021398
2024-10-17 09:30:00-04:00,233.44000244140625,233.85000610351562,230.52999877929688,232.4001007080078,7759044
2024-10-17 10:30:00-04:00,232.42999267578125,232.48989868164062,231.1999969482422,232.25999450683594,2876717
2024-10-17 11:30:00-04:00,232.25999450683594,232.8040008544922,232.0500030517578,232.25,2263962
2024-10-17 12:30:00-04:00,232.24000549316406,232.52999877929688,232.02999877929688,232.3874053955078,2159812
2024-10-17 13:30:00-04:00,232.39999389648438,232.5800018310547,231.27499389648438,231.5865020751953,2722249
2024-10-17 14:30:00-04:00,231.5800018310547,232.11000061035156,231.3699951171875,231.7550048828125,2566480
2024-10-17 15:30:00-04:00,231.7550048828125,232.3300018310547,231.63999938964844,232.25999450683594,3485679
2024-10-18 09:30:00-04:00,235.8800048828125,236.0500030517578,234.02000427246094,234.77000427246094,17238560
2024-10-18 10:30:00-04:00,234.75999450683594,235.14999389648438,234.27499389648438,235.0399932861328,4579796
2024-10-18 11:30:00-04:00,235.0399932861328,235.33999633789062,234.75,234.99000549316406,4353306
2024-10-18 12:30:00-04:00,234.99000549316406,235.85000610351562,234.94000244140625,235.24000549316406,2973498
2024-10-18 13:30:00-04:00,235.24000549316406,235.75,235.04159545898438,235.52999877929688,2317890
2024-10-18 14:30:00-04:00,235.52499389648438,235.63999938964844,235.02999877929688,235.3000030517578,2651508
2024-10-18 15:30:00-04:00,235.2899932861328,235.3000030517578,234.8000030517578,234.97999572753906,3233611
2024-10-21 09:30:00-04:00,234.4499969482422,235.99000549316406,234.4499969482422,235.6699981689453,7360513
2024-10-21 10:30:00-04:00,235.6699981689453,236.10000610351562,235.1199951171875,235.4199981689453,5509527
2024-10-21 11:30:00-04:00,235.39999389648438,236.60499572753906,235.28500366210938,236.27999877929688,3915718
2024-10-21 12:30:00-04:00,236.3000030517578,236.61500549316406,236.11399841308594,236.37010192871094,2531558
2024-10-21 13:30:00-04:00,236.3800048828125,236.85000610351562,236.1999969482422,236.22500610351562,2198486
2024-10-21 14:30:00-04:00,236.22999572753906,236.27000427246094,235.88999938964844,236.13499450683594,2196498
2024-10-21 15:30:00-04:00,236.13499450683594,236.5800018310547,235.82749938964844,236.5800018310547,3275560
2024-10-22 09:30:00-04:00,233.8300018310547,234.1529998779297,232.61000061035156,233.91000366210938,10307807
2024-10-22 10:30:00-04:00,233.90499877929688,234.4499969482422,233.47000122070312,234.39950561523438,3560805
2024-10-22 11:30:00-04:00,234.40069580078125,234.90989685058594,234.1300048828125,234.1699981689453,2234313
2024-10-22 12:30:00-04:00,234.19000244140625,235.0399932861328,234.14999389648438,234.85000610351562,3239691
2024-10-22 13:30:00-04:00,234.85000610351562,236.0050048828125,234.84500122070312,235.31320190429688,3270200
2024-10-22 14:30:00-04:00,235.3300018310547,235.74000549316406,235.17999267578125,235.6999969482422,1919543
2024-10-22 15:30:00-04:00,235.6999969482422,236.19000244140625,235.6999969482422,235.86000061035156,3335830
2024-10-23 09:30:00-04:00,234.32000732421875,235.1439971923828,233.80999755859375,234.72000122070312,6240289
2024-10-23 10:30:00-04:00,234.72000122070312,235.11990356445312,233.3249969482422,233.5,3486087
2024-10-23 11:30:00-04:00,233.49000549316406,233.7362060546875,229.63999938964844,229.69000244140625,12888223
2024-10-23 12:30:00-04:00,229.6699981689453,230.25,228.92999267578125,230.05499267578125,6554954
2024-10-23 13:30:00-04:00,230.02000427246094,230.07000732421875,227.75999450683594,228.6199951171875,4848232
2024-10-23 14:30:00-04:00,228.60000610351562,229.80990600585938,228.50999450683594,229.6750030517578,3897807
2024-10-23 15:30:00-04:00,229.6999969482422,230.86000061035156,229.61000061035156,230.75,4272929
2024-10-24 09:30:00-04:00,229.91700744628906,230.39999389648438,228.41000366210938,229.80999755859375,7720502
2024-10-24 10:30:00-04:00,229.85000610351562,230.3800048828125,229.22999572753906,229.82000732421875,3120118
2024-10-24 11:30:00-04:00,229.82000732421875,230.0399932861328,228.6699981689453,229.51939392089844,3095463
2024-10-24 12:30:00-04:00,229.52000427246094,230.82000732421875,229.52000427246094,230.27000427246094,2497557
2024-10-24 13:30:00-04:00,230.27999877929688,230.5399932861328,230.0399932861328,230.4600067138672,1809617
2024-10-24 14:30:00-04:00,230.42999267578125,230.80999755859375,230.1199951171875,230.52999877929688,1900378
2024-10-24 15:30:00-04:00,230.5399932861328,230.8000030517578,230.22000122070312,230.57000732421875,2953907
2024-10-25 09:30:00-04:00,229.74000549316406,232.42990112304688,229.57000732421875,232.1300048828125,8235944
2024-10-25 10:30:00-04:00,232.1199951171875,233.1999969482422,232.1199951171875,232.22999572753906,4138746
2024-10-25 11:30:00-04:00,232.22999572753906,232.73199462890625,231.75999450683594,232.7100067138672,3211126
2024-10-25 12:30:00-04:00,232.73500061035156,232.94000244140625,231.52999877929688,231.8574981689453,2367087
2024-10-25 13:30:00-04:00,231.8300018310547,231.97149658203125,231.07000732421875,231.83999633789062,2818009
2024-10-25 14:30:00-04:00,231.84689331054688,232.1999969482422,231.3699951171875,231.6199951171875,2642893
2024-10-25 15:30:00-04:00,231.64999389648438,231.8000030517578,231.11000061035156,231.39999389648438,3572932
2024-10-28 09:30:00-04:00,233.31500244140625,234.5500030517578,232.65499877929688,233.6345977783203,7460256
2024-10-28 10:30:00-04:00,233.6199951171875,234.3300018310547,233.22000122070312,233.5500030517578,3740019
2024-10-28 11:30:00-04:00,233.5500030517578,234.31500244140625,233.14999389648438,234.3101043701172,2911796
2024-10-28 12:30:00-04:00,234.30999755859375,234.72999572753906,233.93260192871094,234.42999267578125,2874054
2024-10-28 13:30:00-04:00,234.4250030517578,234.64500427246094,233.91000366210938,233.9149932861328,1760124
2024-10-28 14:30:00-04:00,233.91000366210938,234.11000061035156,233.57000732421875,233.97000122070312,2014045
2024-10-28 15:30:00-04:00,233.9600067138672,233.98129272460938,233.11000061035156,233.49000549316406,4008212
2024-10-29 09:30:00-04:00,233.19500732421875,234.05499267578125,232.32000732421875,233.05999755859375,6668061
2024-10-29 10:30:00-04:00,233.0500030517578,233.69000244140625,233.0399932861328,233.27000427246094,3007074
2024-10-29 11:30:00-04:00,233.25999450683594,233.58999633789062,233.0200958251953,233.10000610351562,2252024
2024-10-29 12:30:00-04:00,233.10499572753906,234.2100067138672,233.02000427246094,233.88999938964844,2623926
2024-10-29 13:30:00-04:00,233.9199981689453,234.13999938964844,233.75999450683594,233.97000122070312,1696611
2024-10-29 14:30:00-04:00,233.98500061035156,234.2198944091797,233.8800048828125,234.1999969482422,3638890
2024-10-29 15:30:00-04:00,234.2050018310547,234.32000732421875,233.5399932861328,233.75,3460514
2024-10-30 09:30:00-04:00,232.6199951171875,233.2299041748047,231.69000244140625,231.86000061035156,8472341
2024-10-30 10:30:00-04:00,231.8668975830078,231.9499969482422,230.5050048828125,231.55499267578125,5454960
2024-10-30 11:30:00-04:00,231.55999755859375,231.6649932861328,231.05999755859375,231.1999053955078,3239280
2024-10-30 12:30:00-04:00,231.1999969482422,231.38999938964844,230.22999572753906,230.24110412597656,2657234
2024-10-30 13:30:00-04:00,230.2449951171875,231.0,229.8704071044922,230.64999389648438,3567357
2024-10-30 14:30:00-04:00,230.62010192871094,230.94000244140625,230.1699981689453,230.72999572753906,2963500
2024-10-30 15:30:00-04:00,230.72999572753906,230.83999633789062,229.55999755859375,230.13999938964844,6851304
2024-10-31 09:30:00-04:00,229.22999572753906,229.8300018310547,227.80999755859375,228.44500732421875,9145169
2024-10-31 10:30:00-04:00,228.4499969482422,228.72999572753906,226.8800048828125,227.31500244140625,5587159
2024-10-31 11:30:00-04:00,227.30999755859375,227.48500061035156,226.41000366210938,227.25,3752999
2024-10-31 12:30:00-04:00,227.27999877929688,228.1768035888672,227.2001953125,227.860107421875,3450859
2024-10-31 13:30:00-04:00,227.86000061035156,227.96629333496094,226.8249969482422,227.08999633789062,3797245
2024-10-31 14:30:00-04:00,227.09500122070312,227.77999877929688,226.69500732421875,227.3300018310547,5061193
2024-10-31 15:30:00-04:00,227.3300018310547,227.77999877929688,225.38999938964844,225.38999938964844,7068003
2024-11-01 09:30:00-04:00,221.42999267578125,225.33999633789062,220.27999877929688,224.07000732421875,20933780
2024-11-01 10:30:00-04:00,224.08999633789062,224.21400451660156,221.60000610351562,223.2104949951172,10239831
2024-11-01 11:30:00-04:00,223.22000122070312,223.25,221.77000427246094,222.0749969482422,6338407
2024-11-01 12:30:00-04:00,222.19000244140625,223.39990234375,222.0500030517578,223.33999633789062,3888496
2024-11-01 13:30:00-04:00,223.34019470214844,223.36000061035156,222.07000732421875,222.2449951171875,3414057
2024-11-01 14:30:00-04:00,222.24000549316406,223.0998992919922,222.13999938964844,222.3300018310547,4035303
2024-11-01 15:30:00-04:00,222.33999633789062,223.25,222.27000427246094,222.85000610351562,5287191
2024-11-04 09:30:00-05:00,221.01199340820312,222.5399932861328,219.7100067138672,221.73150634765625,9635855
2024-11-04 10:30:00-05:00,221.75,222.26499938964844,221.13009643554688,221.4801025390625,4458145
2024-11-04 11:30:00-05:00,221.48080444335938,221.57000732421875,220.41000366210938,221.11509704589844,4999217
2024-11-04 12:30:00-05:00,221.11500549316406,222.6199951171875,221.0200958251953,222.02049255371094,2890130
2024-11-04 13:30:00-05:00,222.02000427246094,222.6190948486328,221.96009826660156,222.25999450683594,2412789
2024-11-04 14:30:00-05:00,222.25,222.7899932861328,222.1999969482422,222.47999572753906,2504276
2024-11-04 15:30:00-05:00,222.5,222.55999755859375,221.52000427246094,222.1199951171875,4039677
2024-11-05 09:30:00-05:00,221.7949981689453,223.94500732421875,221.7949981689453,223.31910705566406,6371475
2024-11-05 10:30:00-05:00,223.32000732421875,223.47999572753906,221.93499755859375,222.6699981689453,4046507
2024-11-05 11:30:00-05:00,222.67999267578125,223.75,222.67999267578125,223.3800048828125,2163887
2024-11-05 12:30:00-05:00,223.39999389648438,223.77999877929688,222.6199951171875,222.6199951171875,2147843
2024-11-05 13:30:00-05:00,222.6300048828125,223.4499969482422,222.40020751953125,223.33009338378906,2141597
2024-11-05 14:30:00-05:00,223.33999633789062,223.4470977783203,222.80999755859375,223.25,1939508
2024-11-05 15:30:00-05:00,223.25,223.52999877929688,222.7100067138672,223.4499969482422,3341639
2024-11-06 09:30:00-05:00,221.23550415039062,225.88999938964844,221.22500610351562,225.65130615234375,15626726
2024-11-06 10:30:00-05:00,225.66000366210938,226.06500244140625,223.69500732421875,224.8000030517578,5934080
2024-11-06 11:30:00-05:00,224.80239868164062,225.17999267578125,223.96499633789062,224.25999450683594,4364147
2024-11-06 12:30:00-05:00,224.27000427246094,224.60000610351562,223.99000549316406,224.1876983642578,3127772
2024-11-06 13:30:00-05:00,224.18499755859375,224.3300018310547,223.7449951171875,223.85000610351562,3301101
2024-11-06 14:30:00-05:00,223.86000061035156,224.22500610351562,223.25999450683594,223.62550354003906,4460263
2024-11-06 15:30:00-05:00,223.66000366210938,223.8800048828125,222.5,222.6999969482422,5070195
2024-11-07 09:30:00-05:00,224.625,226.5500030517578,224.57000732421875,225.7335968017578,10347470
2024-11-07 10:30:00-05:00,225.75,226.4199981689453,225.35000610351562,226.30499267578125,3199921
2024-11-07 11:30:00-05:00,226.3000030517578,227.4199981689453,226.1699981689453,227.21499633789062,3447650
2024-11-07 12:30:00-05:00,227.2100067138672,227.49000549316406,226.77000427246094,227.10330200195312,2598523
2024-11-07 13:30:00-05:00,227.10000610351562,227.3800048828125,226.7449951171875,227.10000610351562,2170877
2024-11-07 14:30:00-05:00,227.11000061035156,227.75999450683594,226.85499572753906,227.52999877929688,3884098
2024-11-07 15:30:00-05:00,227.53500366210938,227.8699951171875,226.75,227.69000244140625,5268867
2024-11-08 09:30:00-05:00,227.13999938964844,228.66000366210938,227.13999938964844,227.4947052001953,7142789
2024-11-08 10:30:00-05:00,227.47999572753906,227.55999755859375,226.4084014892578,226.68809509277344,3790404
2024-11-08 11:30:00-05:00,226.68499755859375,227.5800018310547,226.68499755859375,226.8800048828125,2696407
2024-11-08 12:30:00-05:00,226.8699951171875,227.4564971923828,226.7899932861328,226.9949951171875,2566711
2024-11-08 13:30:00-05:00,227.0,227.61000061035156,226.97000122070312,227.53990173339844,4000748
2024-11-08 14:30:00-05:00,227.52999877929688,227.72000122070312,227.25999450683594,227.47999572753906,2313467
2024-11-08 15:30:00-05:00,227.4499969482422,227.48500061035156,226.72000122070312,227.16000366210938,6567817
2024-11-11 09:30:00-05:00,225.05499267578125,225.6999969482422,222.77000427246094,222.80499267578125,11229917
2024-11-11 10:30:00-05:00,222.80999755859375,223.72000122070312,222.6699981689453,222.77000427246094,5008612
2024-11-11 11:30:00-05:00,222.77999877929688,223.1387939453125,222.00999450683594,222.19500732421875,4557733
2024-11-11 12:30:00-05:00,222.19000244140625,222.4600067138672,221.5,222.4600067138672,3705260
2024-11-11 13:30:00-05:00,222.4499053955078,223.10000610351562,222.36000061035156,223.05999755859375,2795549
2024-11-11 14:30:00-05:00,223.05999755859375,223.74000549316406,222.97000122070312,223.63499450683594,2570966
2024-11-11 15:30:00-05:00,223.63999938964844,224.35000610351562,223.4600067138672,224.25,3922850
2024-11-12 09:30:00-05:00,224.6300048828125,225.0399932861328,223.5749969482422,224.1699981689453,6615053
2024-11-12 10:30:00-05:00,224.2050018310547,225.58999633789062,224.17999267578125,225.0,4679777
2024-11-12 11:30:00-05:00,224.99989318847656,225.50999450683594,223.88499450683594,223.9199981689453,4075218
2024-11-12 12:30:00-05:00,223.9199981689453,224.47000122070312,223.35499572753906,224.47000122070312,2814384
2024-11-12 13:30:00-05:00,224.4499969482422,224.75990295410156,224.13999938964844,224.61990356445312,2559013
2024-11-12 14:30:00-05:00,224.6300048828125,224.82000732421875,224.44039916992188,224.60000610351562,2217197
2024-11-12 15:30:00-05:00,224.58999633789062,224.8000030517578,223.94039916992188,224.24000549316406,5475872
2024-11-13 09:30:00-05:00,223.9499969482422,225.20989990234375,222.75999450683594,223.2100067138672,10063606
2024-11-13 10:30:00-05:00,223.24000549316406,224.47000122070312,223.22500610351562,224.39500427246094,3879118
2024-11-13 11:30:00-05:00,224.46490478515625,225.5500030517578,223.77000427246094,225.02000427246094,3325662
2024-11-13 12:30:00-05:00,225.02499389648438,226.64999389648438,224.94000244140625,226.36380004882812,3682752
2024-11-13 13:30:00-05:00,226.36000061035156,226.42999267578125,225.75289916992188,225.91990661621094,3034597
2024-11-13 14:30:00-05:00,225.91000366210938,225.99130249023438,225.1186065673828,225.3701934814453,2989568
2024-11-13 15:30:00-05:00,225.3800048828125,225.9199981689453,224.47000122070312,225.07000732421875,5085654
2024-11-14 09:30:00-05:00,225.69000244140625,226.60000610351562,225.0500030517578,226.57000732421875,8366080
2024-11-14 10:30:00-05:00,226.56500244140625,227.05999755859375,226.33999633789062,226.4199981689453,4306234
2024-11-14 11:30:00-05:00,226.5800018310547,227.0800018310547,226.5,227.0,2369653
2024-11-14 12:30:00-05:00,227.00999450683594,228.63999938964844,226.77000427246094,228.47279357910156,4327298
2024-11-14 13:30:00-05:00,228.4700927734375,228.8699951171875,227.8300018310547,228.52749633789062,3310597
2024-11-14 14:30:00-05:00,228.50999450683594,228.7100067138672,226.99000549316406,227.03500366210938,5226141
2024-11-14 15:30:00-05:00,227.03500366210938,228.3800048828125,227.03500366210938,228.19000244140625,4276782
2024-11-15 09:30:00-05:00,225.9199981689453,226.9199981689453,224.44000244140625,224.6300048828125,12149935
2024-11-15 10:30:00-05:00,224.6300048828125,225.24000549316406,224.47999572753906,225.23500061035156,3739705
2024-11-15 11:30:00-05:00,225.2310028076172,225.47999572753906,224.6699981689453,224.87240600585938,3065408
2024-11-15 12:30:00-05:00,224.8699951171875,224.9499969482422,224.27000427246094,224.73500061035156,4906231
2024-11-15 13:30:00-05:00,224.6999969482422,224.9600067138672,224.3300018310547,224.39990234375,2438130
2024-11-15 14:30:00-05:00,224.39999389648438,225.30999755859375,224.3000030517578,224.80999755859375,3159811
2024-11-15 15:30:00-05:00,224.80999755859375,225.24000549316406,224.5699005126953,224.9199981689453,4237936
2024-11-18 09:30:00-05:00,225.1999969482422,228.22000122070312,225.17999267578125,228.10000610351562,8356829
2024-11-18 10:30:00-05:00,228.10000610351562,229.2100067138672,228.10000610351562,229.05999755859375,4333949
2024-11-18 11:30:00-05:00,229.06509399414062,229.16000366210938,228.36000061035156,228.75,2932115
2024-11-18 12:30:00-05:00,228.7449951171875,229.74000549316406,228.63499450683594,228.96719360351562,3233690
2024-11-18 13:30:00-05:00,228.9600067138672,229.4980010986328,228.67999267578125,228.81500244140625,2504537
2024-11-18 14:30:00-05:00,228.82000732421875,229.08030700683594,228.03370666503906,228.05999755859375,3403227
2024-11-18 15:30:00-05:00,228.0500030517578,228.24000549316406,227.32000732421875,227.99000549316406,3614507
2024-11-19 09:30:00-05:00,227.77000427246094,228.86500549316406,227.1199951171875,228.85000610351562,6182588
2024-11-19 10:30:00-05:00,228.83999633789062,229.5399932861328,228.67999267578125,229.30999755859375,2959806
2024-11-19 11:30:00-05:00,229.3350067138672,229.86000061035156,229.19000244140625,229.85499572753906,3852606
2024-11-19 12:30:00-05:00,229.85499572753906,230.16000366210938,229.25,229.55499267578125,3531971
2024-11-19 13:30:00-05:00,229.5500030517578,229.99000549316406,229.35499572753906,229.38999938964844,2135676
2024-11-19 14:30:00-05:00,229.38999938964844,229.49000549316406,228.35000610351562,228.44000244140625,2882576
2024-11-19 15:30:00-05:00,228.42999267578125,228.72000122070312,227.72000122070312,228.33999633789062,3951414
2024-11-20 09:30:00-05:00,228.10499572753906,229.92999267578125,226.4199981689453,226.51499938964844,7607256
2024-11-20 10:30:00-05:00,226.52499389648438,227.2050018310547,226.10000610351562,226.17999267578125,3003827
2024-11-20 11:30:00-05:00,226.19000244140625,227.6999969482422,225.88999938964844,226.85009765625,2793314
2024-11-20 12:30:00-05:00,226.85000610351562,227.3699951171875,226.3800048828125,226.81329345703125,2118040
2024-11-20 13:30:00-05:00,226.7899932861328,227.00999450683594,226.39500427246094,226.80999755859375,1602064
2024-11-20 14:30:00-05:00,226.80999755859375,228.0,226.6999969482422,227.9748992919922,2315522
2024-11-20 15:30:00-05:00,227.97000122070312,229.0,227.97000122070312,229.0,4127268
2024-11-21 09:30:00-05:00,228.7899932861328,229.9199981689453,225.71029663085938,225.9499969482422,9619943
2024-11-21 10:30:00-05:00,225.94000244140625,228.9199981689453,225.8300018310547,228.77000427246094,4765620
2024-11-21 11:30:00-05:00,228.75,229.4698944091797,228.49000549316406,229.2899932861328,3469645
2024-11-21 12:30:00-05:00,229.30999755859375,230.14999389648438,229.27000427246094,229.83999633789062,3200750
2024-11-21 13:30:00-05:00,229.85000610351562,229.93370056152344,229.22000122070312,229.36000061035156,2913322
2024-11-21 14:30:00-05:00,229.3800048828125,229.5800018310547,228.99000549316406,229.27000427246094,2610348
2024-11-21 15:30:00-05:00,229.27000427246094,229.2899932861328,228.27000427246094,228.50999450683594,4482648
2024-11-22 09:30:00-05:00,228.05999755859375,230.1300048828125,228.05999755859375,229.27999877929688,6571537
2024-11-22 10:30:00-05:00,229.27999877929688,229.92999267578125,228.8300018310547,229.47999572753906,4454609
2024-11-22 11:30:00-05:00,229.48989868164062,230.1199951171875,228.97000122070312,229.98500061035156,3272578
2024-11-22 12:30:00-05:00,229.98500061035156,230.7198944091797,229.6750030517578,230.17999267578125,3201749
2024-11-22 13:30:00-05:00,230.1649932861328,230.38999938964844,229.3300018310547,229.44000244140625,2939345
2024-11-22 14:30:00-05:00,229.44500732421875,229.63999938964844,228.92999267578125,229.375,2765287
2024-11-22 15:30:00-05:00,229.3699951171875,230.14999389648438,229.30999755859375,229.75999450683594,4345539
2024-11-25 09:30:00-05:00,231.4600067138672,233.18499755859375,231.4199981689453,232.0,9845726
2024-11-25 10:30:00-05:00,231.97999572753906,232.80099487304688,231.70030212402344,231.7100067138672,3799907
2024-11-25 11:30:00-05:00,231.7050018310547,231.85000610351562,229.9600067138672,230.20680236816406,3682262
2024-11-25 12:30:00-05:00,230.1999969482422,230.5800018310547,229.74000549316406,230.4149932861328,2947971
2024-11-25 13:30:00-05:00,230.4250030517578,230.74000549316406,230.1999969482422,230.68499755859375,2057791
2024-11-25 14:30:00-05:00,230.6649932861328,230.85000610351562,230.09500122070312,230.52000427246094,2752031
2024-11-25 15:30:00-05:00,230.5012969970703,233.1699981689453,229.84500122070312,232.8800048828125,11344808
2024-11-26 09:30:00-05:00,233.47500610351562,235.43499755859375,233.47500610351562,234.36000061035156,12979632
2024-11-26 10:30:00-05:00,234.36000061035156,235.57000732421875,234.2100067138672,235.0399932861328,4972245
2024-11-26 11:30:00-05:00,235.0399932861328,235.10470581054688,234.27000427246094,234.47999572753906,2980746
2024-11-26 12:30:00-05:00,234.47999572753906,235.17999267578125,234.35000610351562,234.50999450683594,3515885
2024-11-26 13:30:00-05:00,234.50999450683594,235.10000610351562,234.44500732421875,234.92999267578125,2752588
2024-11-26 14:30:00-05:00,234.9250030517578,235.25,234.72999572753906,234.80999755859375,3000602
2024-11-26 15:30:00-05:00,234.80999755859375,235.27999877929688,234.5800018310547,235.0800018310547,5458831
2024-11-27 09:30:00-05:00,234.46499633789062,235.67999267578125,233.8101043701172,235.16000366210938,7058124
2024-11-27 10:30:00-05:00,235.16000366210938,235.69000244140625,234.15460205078125,234.6699981689453,3805611
2024-11-27 11:30:00-05:00,234.62010192871094,234.88999938964844,233.97999572753906,234.57000732421875,2845831
2024-11-27 12:30:00-05:00,234.55999755859375,235.0,234.40939331054688,234.7801055908203,2325512
2024-11-27 13:30:00-05:00,234.77999877929688,235.13710021972656,234.7100067138672,234.97999572753906,1683157
2024-11-27 14:30:00-05:00,234.97999572753906,235.25,234.73500061035156,234.84500122070312,2045715
2024-11-27 15:30:00-05:00,234.83999633789062,235.08999633789062,234.5850067138672,234.99000549316406,2919382
2024-11-29 09:30:00-05:00,234.83999633789062,235.88999938964844,233.97000122070312,235.34500122070312,5532507
2024-11-29 10:30:00-05:00,235.35000610351562,236.5998992919922,235.33999633789062,236.39999389648438,3997632
2024-11-29 11:30:00-05:00,236.3800048828125,237.14999389648438,236.2899932861328,236.3699951171875,3843062
2024-12-02 09:30:00-05:00,237.27000427246094,240.27999877929688,237.16000366210938,240.27000427246094,11143242
2024-12-02 10:30:00-05:00,240.27000427246094,240.7899932861328,239.44000244140625,239.8300018310547,5965321
2024-12-02 11:30:00-05:00,239.8271942138672,240.1999969482422,239.36000061035156,239.8300018310547,2850375
2024-12-02 12:30:00-05:00,239.83999633789062,240.0,239.24000549316406,239.44000244140625,3599025
2024-12-02 13:30:00-05:00,239.4199981689453,239.50999450683594,239.02999877929688,239.3300018310547,2372094
2024-12-02 14:30:00-05:00,239.3300018310547,239.83999633789062,239.25010681152344,239.7899932861328,2497573
2024-12-02 15:30:00-05:00,239.7899932861328,239.94000244140625,239.0500030517578,239.60000610351562,3858894
2024-12-03 09:30:00-05:00,239.9199981689453,241.36990356445312,238.90029907226562,240.47000122070312,8548308
2024-12-03 10:30:00-05:00,240.47500610351562,241.33999633789062,240.4499969482422,241.3300018310547,3962336
2024-12-03 11:30:00-05:00,241.3300018310547,241.63499450683594,240.98199462890625,241.26499938964844,3152692
2024-12-03 12:30:00-05:00,241.26499938964844,241.6999053955078,241.14500427246094,241.4199981689453,2157544
2024-12-03 13:30:00-05:00,241.4199981689453,242.1699981689453,241.34500122070312,242.14999389648438,3311661
2024-12-03 14:30:00-05:00,242.15499877929688,242.4600067138672,241.85000610351562,242.05320739746094,3274479
2024-12-03 15:30:00-05:00,242.05999755859375,242.7550048828125,242.05999755859375,242.6300048828125,3704333
2024-12-04 09:30:00-05:00,242.8800048828125,244.10499572753906,242.50999450683594,243.4499969482422,8409865
2024-12-04 10:30:00-05:00,243.44000244140625,243.80999755859375,242.85000610351562,242.90499877929688,3476264
2024-12-04 11:30:00-05:00,242.90499877929688,242.90989685058594,241.25,242.03990173339844,7183414
2024-12-04 12:30:00-05:00,242.0399932861328,242.50999450683594,241.63999938964844,242.25869750976562,2189900
2024-12-04 13:30:00-05:00,242.24000549316406,243.17640686035156,241.92999267578125,243.07000732421875,3055452
2024-12-04 14:30:00-05:00,243.05999755859375,243.125,242.77999877929688,242.98500061035156,2751650
2024-12-04 15:30:00-05:00,242.98500061035156,243.5399932861328,242.8260955810547,243.02000427246094,3738537
2024-12-05 09:30:00-05:00,244.0500030517578,244.5399932861328,242.71279907226562,242.92999267578125,8289397
2024-12-05 10:30:00-05:00,242.92999267578125,243.0800018310547,242.24000549316406,242.5500030517578,3597584
2024-12-05 11:30:00-05:00,242.5449981689453,243.40989685058594,242.30999755859375,243.36000061035156,4262442
2024-12-05 12:30:00-05:00,243.35830688476562,243.3699951171875,242.61000061035156,242.88499450683594,2973235
2024-12-05 13:30:00-05:00,242.88999938964844,243.69000244140625,242.83999633789062,243.27999877929688,2513592
2024-12-05 14:30:00-05:00,243.28500366210938,243.36000061035156,242.7449951171875,242.9058074951172,3069471
2024-12-05 15:30:00-05:00,242.90499877929688,243.0800018310547,242.1300048828125,243.0800018310547,4497338
2024-12-06 09:30:00-05:00,242.8699951171875,244.6300048828125,242.0800018310547,243.44000244140625,7897447
2024-12-06 10:30:00-05:00,243.4499969482422,244.10000610351562,243.27499389648438,243.58200073242188,3073497
2024-12-06 11:30:00-05:00,243.5800018310547,243.83999633789062,243.2100067138672,243.60000610351562,2643208
2024-12-06 12:30:00-05:00,243.58999633789062,243.61500549316406,242.94000244140625,243.26409912109375,2315920
2024-12-06 13:30:00-05:00,243.25999450683594,243.63999938964844,243.0399932861328,243.16270446777344,2434412
2024-12-06 14:30:00-05:00,243.16000366210938,243.39999389648438,242.87010192871094,243.0500030517578,3531491
2024-12-06 15:30:00-05:00,243.0500030517578,243.14999389648438,242.1999969482422,242.86000061035156,4585506
2024-12-09 09:30:00-05:00,242.39999389648438,244.72000122070312,242.39999389648438,244.50999450683594,6763286
2024-12-09 10:30:00-05:00,244.47999572753906,247.23880004882812,244.4199981689453,246.47000122070312,7885176
2024-12-09 11:30:00-05:00,246.48500061035156,247.24000549316406,246.30999755859375,246.79029846191406,3738978
2024-12-09 12:30:00-05:00,246.8249969482422,247.01510620117188,245.7100067138672,246.9053955078125,3215218
2024-12-09 13:30:00-05:00,246.88999938964844,246.88999938964844,246.05999755859375,246.09500122070312,2110393
2024-12-09 14:30:00-05:00,246.09500122070312,246.77999877929688,245.89999389648438,246.75999450683594,2636199
2024-12-09 15:30:00-05:00,246.77999877929688,247.08999633789062,246.11000061035156,246.80999755859375,5245539
2024-12-10 09:30:00-05:00,246.9499969482422,247.78709411621094,245.80999755859375,246.72999572753906,7969297
2024-12-10 10:30:00-05:00,246.73500061035156,246.9199981689453,245.3419952392578,245.6699981689453,3845062
2024-12-10 11:30:00-05:00,245.6699981689453,247.17999267578125,245.61000061035156,247.07000732421875,2669027
2024-12-10 12:30:00-05:00,247.05999755859375,247.4783935546875,246.72000122070312,247.40660095214844,2160359
2024-12-10 13:30:00-05:00,247.40499877929688,247.8000030517578,247.35000610351562,247.42999267578125,2326302
2024-12-10 14:30:00-05:00,247.42999267578125,248.2100067138672,247.41000366210938,247.72000122070312,4138454
2024-12-10 15:30:00-05:00,247.72500610351562,248.07000732421875,247.3699951171875,247.8000030517578,3607802
2024-12-11 09:30:00-05:00,247.94500732421875,249.99000549316406,247.64999389648438,249.42999267578125,8367368
2024-12-11 10:30:00-05:00,249.42999267578125,250.8000030517578,249.39500427246094,250.44000244140625,6584107
2024-12-11 11:30:00-05:00,250.4199981689453,250.4199981689453,249.33999633789062,249.681396484375,2792683
2024-12-11 12:30:00-05:00,249.67999267578125,249.77999877929688,248.97000122070312,249.10000610351562,2034409
2024-12-11 13:30:00-05:00,249.08999633789062,249.1649932861328,248.0863037109375,248.27999877929688,2859618
2024-12-11 14:30:00-05:00,248.2801055908203,248.44000244140625,247.0500030517578,247.14999389648438,3703277
2024-12-11 15:30:00-05:00,247.13999938964844,247.16000366210938,246.26010131835938,246.42999267578125,5247010
2024-12-12 09:30:00-05:00,246.94500732421875,248.1199951171875,245.67999267578125,247.99000549316406,7733107
2024-12-12 10:30:00-05:00,247.99000549316406,248.59959411621094,247.66000366210938,248.4709930419922,4798038
2024-12-12 11:30:00-05:00,248.47999572753906,248.54989624023438,247.99000549316406,248.09280395507812,2067122
2024-12-12 12:30:00-05:00,248.08999633789062,248.74000549316406,247.63999938964844,248.52999877929688,2027236
2024-12-12 13:30:00-05:00,248.52000427246094,248.74000549316406,248.0,248.02000427246094,1974147
2024-12-12 14:30:00-05:00,248.01499938964844,248.2100067138672,247.4499969482422,247.75,1927714
2024-12-12 15:30:00-05:00,247.75999450683594,248.1999969482422,247.74000549316406,247.9499969482422,2674221
2024-12-13 09:30:00-05:00,247.8800048828125,249.2902069091797,247.35000610351562,247.5500030517578,6597729
2024-12-13 10:30:00-05:00,247.5800018310547,247.9499969482422,246.5,246.625,3698292
2024-12-13 11:30:00-05:00,246.6199951171875,247.02999877929688,246.24000549316406,246.4600067138672,2717185
2024-12-13 12:30:00-05:00,246.47000122070312,247.25999450683594,246.33999633789062,247.19000244140625,2429085
2024-12-13 13:30:00-05:00,247.1750030517578,248.01499938964844,247.16009521484375,247.91000366210938,2136050
2024-12-13 14:30:00-05:00,247.90499877929688,248.10000610351562,247.63999938964844,248.02000427246094,2472418
2024-12-13 15:30:00-05:00,248.02000427246094,248.2987060546875,247.88999938964844,248.1300048828125,2520361
2024-12-16 09:30:00-05:00,248.0,250.0,247.64999389648438,249.05999755859375,7886880
2024-12-16 10:30:00-05:00,249.02999877929688,249.9600067138672,248.82000732421875,249.6699981689453,3291322
2024-12-16 11:30:00-05:00,249.7100067138672,250.3000030517578,249.53500366210938,250.05999755859375,3966563
2024-12-16 12:30:00-05:00,250.05999755859375,251.37890625,250.05259704589844,251.11000061035156,3741887
2024-12-16 13:30:00-05:00,251.08999633789062,251.2471923828125,250.5800018310547,250.8000946044922,2929661
2024-12-16 14:30:00-05:00,250.80999755859375,251.0001983642578,250.2100067138672,250.69500732421875,3296914
2024-12-16 15:30:00-05:00,250.6999969482422,251.10000610351562,249.9499969482422,251.0399932861328,3755928
2024-12-17 09:30:00-05:00,250.13499450683594,252.97999572753906,249.7899932861328,252.27000427246094,8272806
2024-12-17 10:30:00-05:00,252.2550048828125,253.35000610351562,251.77000427246094,252.5500030517578,4415074
2024-12-17 11:30:00-05:00,252.52999877929688,253.3000030517578,252.47999572753906,253.22500610351562,3694338
2024-12-17 12:30:00-05:00,253.25,253.2899932861328,252.69009399414062,253.1300048828125,2789948
2024-12-17 13:30:00-05:00,253.13999938964844,253.63499450683594,252.92999267578125,253.1999969482422,3028678
2024-12-17 14:30:00-05:00,253.1999969482422,253.38999938964844,252.75,252.8800048828125,3197831
2024-12-17 15:30:00-05:00,252.8800048828125,253.80999755859375,252.64999389648438,253.47999572753906,6517824
2024-12-18 09:30:00-05:00,252.22000122070312,253.39999389648438,251.3300018310547,253.07000732421875,7178746
2024-12-18 10:30:00-05:00,253.07000732421875,253.79989624023438,252.85000610351562,253.32000732421875,4534838
2024-12-18 11:30:00-05:00,253.32359313964844,254.0399932861328,253.1750030517578,253.63499450683594,3385526
2024-12-18 12:30:00-05:00,253.6300048828125,254.00999450683594,253.47000122070312,253.71009826660156,2498618
2024-12-18 13:30:00-05:00,253.6999969482422,254.27999877929688,251.5399932861328,252.4499969482422,4517172
2024-12-18 14:30:00-05:00,252.44900512695312,252.97999572753906,249.5,249.89999389648438,8004435
2024-12-18 15:30:00-05:00,249.9199981689453,250.39920043945312,247.75,247.86000061035156,8666490
2024-12-19 09:30:00-05:00,247.4600067138672,251.02000427246094,247.09500122070312,249.88999938964844,13163580
2024-12-19 10:30:00-05:00,249.88999938964844,251.38760375976562,249.3699951171875,251.0399932861328,6029993
2024-12-19 11:30:00-05:00,251.0399932861328,251.85000610351562,250.53500366210938,250.5800018310547,4327867
2024-12-19 12:30:00-05:00,250.58999633789062,250.94000244140625,249.72000122070312,250.8300018310547,3212228
2024-12-19 13:30:00-05:00,250.81500244140625,251.4499969482422,250.2902069091797,250.52000427246094,2255973
2024-12-19 14:30:00-05:00,250.50999450683594,250.52000427246094,249.52999877929688,250.3249969482422,2871418
2024-12-19 15:30:00-05:00,250.3300018310547,250.5500030517578,249.4093017578125,249.85000610351562,4256393
2024-12-20 09:30:00-05:00,248.1199951171875,249.6240997314453,246.3000030517578,249.59500122070312,21606592
2024-12-20 10:30:00-05:00,249.58999633789062,252.0,249.39999389648438,251.99000549316406,5534153
2024-12-20 11:30:00-05:00,251.97999572753906,253.92999267578125,251.88999938964844,253.73500061035156,6609817
2024-12-20 12:30:00-05:00,253.73500061035156,253.77000427246094,252.77200317382812,252.8699951171875,3597562
2024-12-20 13:30:00-05:00,252.91000366210938,253.64999389648438,252.67999267578125,253.62030029296875,3481696
2024-12-20 14:30:00-05:00,253.6300048828125,254.19000244140625,253.3000030517578,253.49000549316406,5096339
2024-12-20 15:30:00-05:00,253.5,255.0,252.7899932861328,254.58999633789062,8461430
2024-12-23 09:30:00-05:00,255.33999633789062,255.4199981689453,253.4499969482422,254.07000732421875,8639208
2024-12-23 10:30:00-05:00,254.0500030517578,255.07000732421875,253.4600067138672,254.8300018310547,3133440
2024-12-23 11:30:00-05:00,254.83909606933594,255.22999572753906,254.3699951171875,254.42999267578125,2397338
2024-12-23 12:30:00-05:00,254.42999267578125,254.7550048828125,253.72000122070312,253.9199981689453,3619882
2024-12-23 13:30:00-05:00,253.9199981689453,254.4600067138672,253.8699951171875,254.2949981689453,2441370
2024-12-23 14:30:00-05:00,254.3000030517578,254.39999389648438,253.67999267578125,254.33999633789062,2612184
2024-12-23 15:30:00-05:00,254.33999633789062,255.64999389648438,254.33999633789062,255.30999755859375,4322344
2024-12-24 09:30:00-05:00,255.86000061035156,257.45001220703125,255.75999450683594,257.1050109863281,6593845
2024-12-24 10:30:00-05:00,257.114990234375,258.0,257.1000061035156,257.2929992675781,3930054
2024-12-24 11:30:00-05:00,257.2699890136719,257.5400085449219,256.8700866699219,257.3599853515625,2866762
2024-12-26 09:30:00-05:00,258.9790954589844,260.0899963378906,257.6300048828125,258.3612060546875,8036580
2024-12-26 10:30:00-05:00,258.364990234375,259.19000244140625,258.1300048828125,258.8800048828125,2886529
2024-12-26 11:30:00-05:00,258.8900146484375,259.3399963378906,258.82000732421875,258.9849853515625,1989211
2024-12-26 12:30:00-05:00,258.9880065917969,259.32501220703125,258.57000732421875,258.81890869140625,1857025
2024-12-26 13:30:00-05:00,258.80999755859375,258.94891357421875,258.4100036621094,258.6000061035156,1532082
2024-12-26 14:30:00-05:00,258.6099853515625,259.4700012207031,258.5899963378906,259.1099853515625,2293812
2024-12-26 15:30:00-05:00,259.1199951171875,259.510009765625,259.010009765625,259.1000061035156,2691314
2024-12-27 09:30:00-05:00,257.8999938964844,258.70001220703125,254.91000366210938,254.99000549316406,7279122
2024-12-27 10:30:00-05:00,254.9600067138672,255.39999389648438,254.0399932861328,254.72999572753906,5252455
2024-12-27 11:30:00-05:00,254.74000549316406,254.8000030517578,253.05999755859375,253.67999267578125,4795494
2024-12-27 12:30:00-05:00,253.6699981689453,254.9799041748047,253.64779663085938,254.9499969482422,3338291
2024-12-27 13:30:00-05:00,254.94000244140625,255.50999450683594,254.86000061035156,255.01499938964844,2423344
2024-12-27 14:30:00-05:00,255.02999877929688,255.55990600585938,254.9600067138672,255.1699981689453,2513045
2024-12-27 15:30:00-05:00,255.1699981689453,255.82000732421875,254.97000122070312,255.72000122070312,5269742
2024-12-30 09:30:00-05:00,252.72000122070312,252.8699951171875,250.75,250.9199981689453,7918270
2024-12-30 10:30:00-05:00,250.91600036621094,252.28500366210938,250.91600036621094,251.89999389648438,3565575
2024-12-30 11:30:00-05:00,251.88999938964844,253.10000610351562,251.80999755859375,253.0500030517578,2716217
2024-12-30 12:30:00-05:00,253.05999755859375,253.47000122070312,252.5,252.82000732421875,2154164
2024-12-30 13:30:00-05:00,252.80499267578125,253.2899932861328,252.58999633789062,252.9364013671875,2351450
2024-12-30 14:30:00-05:00,252.92999267578125,253.49989318847656,252.69000244140625,252.72000122070312,2668679
2024-12-30 15:30:00-05:00,252.72999572753906,253.0399932861328,252.0399932861328,252.1199951171875,3863755
2024-12-31 09:30:00-05:00,252.66000366210938,253.27999877929688,251.32000732421875,251.6876983642578,5118031
2024-12-31 10:30:00-05:00,251.69000244140625,252.139892578125,251.02499389648438,251.17999267578125,2379768
2024-12-31 11:30:00-05:00,251.17999267578125,251.5500030517578,250.64999389648438,250.71629333496094,1975317
2024-12-31 12:30:00-05:00,250.6999969482422,250.75999450683594,249.44000244140625,249.69000244140625,3894785
2024-12-31 13:30:00-05:00,249.69000244140625,250.26800537109375,249.52999877929688,249.77000427246094,2272071
2024-12-31 14:30:00-05:00,249.76499938964844,250.8800048828125,249.69000244140625,250.7700958251953,3376639
2024-12-31 15:30:00-05:00,250.77000427246094,251.0800018310547,249.5,250.3800048828125,7162976
2025-01-02 09:30:00-05:00,248.92999267578125,249.10000610351562,244.8000030517578,245.73989868164062,13501229
2025-01-02 10:30:00-05:00,245.6300048828125,245.8800048828125,244.16009521484375,244.89500427246094,6830782
2025-01-02 11:30:00-05:00,244.90989685058594,245.25,243.32000732421875,243.42860412597656,4384552
2025-01-02 12:30:00-05:00,243.41000366210938,243.41000366210938,242.30999755859375,242.6862030029297,6464462
2025-01-02 13:30:00-05:00,242.6699981689453,242.83999633789062,241.82009887695312,242.4884033203125,5547977
2025-01-02 14:30:00-05:00,242.47999572753906,243.44000244140625,241.87130737304688,243.23109436035156,5106418
2025-01-02 15:30:00-05:00,243.25,243.9499969482422,243.01019287109375,243.82000732421875,6023491
2025-01-03 09:30:00-05:00,242.8802032470703,244.17999267578125,241.88999938964844,242.4597930908203,9135529
2025-01-03 10:30:00-05:00,242.4499969482422,243.67559814453125,242.13999938964844,243.49000549316406,4968036
2025-01-03 11:30:00-05:00,243.47999572753906,244.04859924316406,242.6699981689453,242.7707061767578,3673389
2025-01-03 12:30:00-05:00,242.77999877929688,243.16000366210938,242.27999877929688,243.00999450683594,3313371
2025-01-03 13:30:00-05:00,243.0,243.05999755859375,242.57000732421875,242.6699981689453,3130427
2025-01-03 14:30:00-05:00,242.66000366210938,243.44239807128906,242.63999938964844,242.85000610351562,3007142
2025-01-03 15:30:00-05:00,242.83999633789062,243.60000610351562,242.61000061035156,243.3000030517578,4381782
2025-01-06 09:30:00-05:00,244.3300018310547,246.1826934814453,243.83999633789062,245.5500030517578,10577599
2025-01-06 10:30:00-05:00,245.5399932861328,247.3300018310547,245.3300018310547,246.74000549316406,5006800
2025-01-06 11:30:00-05:00,246.7550048828125,246.76100158691406,245.7012939453125,245.77000427246094,3354093
2025-01-06 12:30:00-05:00,245.75999450683594,245.8699951171875,244.47999572753906,245.02999877929688,3070077
2025-01-06 13:30:00-05:00,245.02999877929688,245.17999267578125,244.60000610351562,244.97999572753906,2065770
2025-01-06 14:30:00-05:00,244.97999572753906,245.1300048828125,244.4250030517578,244.89500427246094,2306175
2025-01-06 15:30:00-05:00,244.91000366210938,245.33999633789062,244.4199981689453,245.0,3773029
2025-01-07 09:30:00-05:00,242.97999572753906,245.5500030517578,242.8300018310547,245.38890075683594,8173530
2025-01-07 10:30:00-05:00,245.13999938964844,245.32000732421875,243.7100067138672,243.77000427246094,4154915
2025-01-07 11:30:00-05:00,243.74000549316406,245.0,242.13819885253906,242.38999938964844,4446679
2025-01-07 12:30:00-05:00,242.39999389648438,243.4084014892578,241.36000061035156,243.15550231933594,3448950
2025-01-07 13:30:00-05:00,243.14999389648438,243.17999267578125,242.07009887695312,242.45799255371094,2577768
2025-01-07 14:30:00-05:00,242.4499969482422,242.49000549316406,241.75,242.00999450683594,2681979
2025-01-07 15:30:00-05:00,242.02000427246094,242.40499877929688,241.53900146484375,242.19000244140625,4772501
2025-01-08 09:30:00-05:00,241.97000122070312,242.86549377441406,240.0500030517578,242.40989685058594,7170550
2025-01-08 10:30:00-05:00,242.38999938964844,243.71229553222656,242.0850067138672,242.7100067138672,4154228
2025-01-08 11:30:00-05:00,242.72610473632812,243.5800018310547,241.24000549316406,241.3699951171875,3009958
2025-01-08 12:30:00-05:00,241.36000061035156,242.50869750976562,241.1999969482422,242.35000610351562,2612848
2025-01-08 13:30:00-05:00,242.35000610351562,242.97999572753906,241.04400634765625,242.7949981689453,2761227
2025-01-08 14:30:00-05:00,242.6999969482422,242.72000122070312,241.6999969482422,242.38400268554688,2452219
2025-01-08 15:30:00-05:00,242.3800048828125,242.98699951171875,241.8000030517578,242.72000122070312,3573432
2025-01-10 09:30:00-05:00,239.96499633789062,240.14999389648438,235.8000030517578,237.4250030517578,13137403
2025-01-10 10:30:00-05:00,237.4241943359375,237.43499755859375,233.5,233.77000427246094,8427975
2025-01-10 11:30:00-05:00,233.77000427246094,235.89999389648438,233.0,235.57000732421875,7179671
2025-01-10 12:30:00-05:00,235.5399932861328,237.33970642089844,235.06500244140625,237.11500549316406,3958571
2025-01-10 13:30:00-05:00,237.1199951171875,237.5850067138672,236.41000366210938,236.8300018310547,3175363
2025-01-10 14:30:00-05:00,236.83999633789062,236.8800048828125,235.75,235.9949951171875,3580665
2025-01-10 15:30:00-05:00,235.9949951171875,237.2899932861328,235.77000427246094,236.92999267578125,5097626
2025-01-13 09:30:00-05:00,233.5,233.58999633789062,229.72000122070312,230.3800048828125,13314474
2025-01-13 10:30:00-05:00,230.3800048828125,231.8000030517578,230.22000122070312,230.72500610351562,5357189
2025-01-13 11:30:00-05:00,230.7324981689453,232.52999877929688,230.39999389648438,232.32000732421875,4160495
2025-01-13 12:30:00-05:00,232.2899932861328,233.43499755859375,231.97999572753906,233.3800048828125,2920622
2025-01-13 13:30:00-05:00,233.3800048828125,233.97000122070312,233.25,233.55999755859375,2678525
2025-01-13 14:30:00-05:00,233.5500030517578,234.1999969482422,233.3699951171875,233.6844024658203,3290938
2025-01-13 15:30:00-05:00,233.69000244140625,234.6699981689453,233.65499877929688,234.39999389648438,4579852
2025-01-14 09:30:00-05:00,234.75,236.1199951171875,234.25999450683594,235.61000061035156,6863540
2025-01-14 10:30:00-05:00,235.60000610351562,235.97000122070312,234.1300048828125,234.2100067138672,3836690
2025-01-14 11:30:00-05:00,234.19000244140625,234.47630310058594,232.84500122070312,233.3249969482422,3080840
2025-01-14 12:30:00-05:00,233.30999755859375,234.1199951171875,232.64999389648438,234.02020263671875,2179055
2025-01-14 13:30:00-05:00,234.0399932861328,234.9199981689453,233.72000122070312,234.25869750976562,2448410
2025-01-14 14:30:00-05:00,234.25,234.64999389648438,232.4720001220703,233.2949981689453,3619972
2025-01-14 15:30:00-05:00,233.27999877929688,233.44000244140625,232.5399932861328,233.27999877929688,4851942
2025-01-15 09:30:00-05:00,234.63999938964844,238.38999938964844,234.42999267578125,237.92010498046875,8599650
2025-01-15 10:30:00-05:00,237.9600067138672,238.5399932861328,237.30999755859375,237.40069580078125,3705014
2025-01-15 11:30:00-05:00,237.39999389648438,237.5800018310547,236.5023956298828,237.11990356445312,2959584
2025-01-15 12:30:00-05:00,237.11500549316406,237.74000549316406,236.97000122070312,237.52999877929688,2206504
2025-01-15 13:30:00-05:00,237.52000427246094,237.75999450683594,237.25999450683594,237.5601043701172,1908254
2025-01-15 14:30:00-05:00,237.5800018310547,238.03419494628906,237.52000427246094,237.62120056152344,2782086
2025-01-15 15:30:00-05:00,237.6199951171875,238.47000122070312,237.38999938964844,237.85000610351562,4684385
2025-01-16 09:30:00-05:00,237.49000549316406,238.00999450683594,232.71060180664062,232.8179931640625,10445774
2025-01-16 10:30:00-05:00,232.802001953125,233.02000427246094,230.16000366210938,230.5850067138672,11066513
2025-01-16 11:30:00-05:00,230.59950256347656,231.10000610351562,229.75,230.9199981689453,8412063
2025-01-16 12:30:00-05:00,230.9199981689453,231.1999969482422,229.07000732421875,229.19000244140625,6223224
2025-01-16 13:30:00-05:00,229.18499755859375,229.39999389648438,228.55999755859375,229.1750030517578,5844721
2025-01-16 14:30:00-05:00,229.1750030517578,230.068603515625,228.89999389648438,229.02499389648438,6469586
2025-01-16 15:30:00-05:00,229.00999450683594,229.2917938232422,228.02999877929688,228.24000549316406,9428473
2025-01-17 09:30:00-05:00,231.30999755859375,232.2899932861328,229.72000122070312,230.38499450683594,25704386
2025-01-17 10:30:00-05:00,230.39999389648438,231.64999389648438,230.35000610351562,231.2812957763672,6641037
2025-01-17 11:30:00-05:00,231.2899932861328,231.32000732421875,229.49000549316406,230.25909423828125,5636022
2025-01-17 12:30:00-05:00,230.26499938964844,230.44000244140625,229.88999938964844,229.91000366210938,3639355
2025-01-17 13:30:00-05:00,229.9102020263672,229.9499969482422,228.47999572753906,229.17999267578125,4996598
2025-01-17 14:30:00-05:00,229.17999267578125,229.77000427246094,229.0800018310547,229.44009399414062,4408697
2025-01-17 15:30:00-05:00,229.44000244140625,230.02000427246094,229.22999572753906,229.99000549316406,5430152
2025-01-21 09:30:00-05:00,224.0,224.4199981689453,220.8000030517578,221.77029418945312,25254424
2025-01-21 10:30:00-05:00,221.77499389648438,222.08999633789062,219.6999969482422,220.10780334472656,13429826
2025-01-21 11:30:00-05:00,220.08999633789062,220.77000427246094,219.3800048828125,220.36000061035156,9451785
2025-01-21 12:30:00-05:00,220.36000061035156,221.07000732421875,220.00999450683594,220.40499877929688,6315018
2025-01-21 13:30:00-05:00,220.40469360351562,221.69000244140625,220.3699951171875,221.60989379882812,6914968
2025-01-21 14:30:00-05:00,221.60499572753906,221.6699981689453,220.30999755859375,221.64990234375,7105466
2025-01-21 15:30:00-05:00,221.63999938964844,222.77999877929688,221.33999633789062,222.66000366210938,7242328
2025-01-22 09:30:00-05:00,219.94000244140625,223.35279846191406,219.8000030517578,221.63099670410156,16298662
2025-01-22 10:30:00-05:00,221.63499450683594,223.0800018310547,221.5500030517578,222.85980224609375,6740287
2025-01-22 11:30:00-05:00,222.85789489746094,222.92799377441406,221.6999969482422,222.56500244140625,5094747
2025-01-22 12:30:00-05:00,222.56500244140625,222.85000610351562,222.01499938964844,222.11570739746094,3954228
2025-01-22 13:30:00-05:00,222.1300048828125,222.86500549316406,221.91000366210938,222.74600219726562,3384532
2025-01-22 14:30:00-05:00,222.75,223.60000610351562,222.4199981689453,223.35000610351562,5606510
2025-01-22 15:30:00-05:00,223.36500549316406,223.97999572753906,223.05999755859375,223.77000427246094,5027611
2025-01-23 09:30:00-05:00,224.72999572753906,227.02999877929688,224.38949584960938,225.97000122070312,14316012
2025-01-23 10:30:00-05:00,225.96499633789062,226.3699951171875,224.3800048828125,225.1750030517578,6661602
2025-01-23 11:30:00-05:00,225.16000366210938,225.19500732421875,223.3856964111328,223.57000732421875,5267365
2025-01-23 12:30:00-05:00,223.56500244140625,223.77999877929688,223.19000244140625,223.5500030517578,5083443
2025-01-23 13:30:00-05:00,223.55999755859375,223.63499450683594,222.42999267578125,222.8000030517578,4117821
2025-01-23 14:30:00-05:00,222.80999755859375,223.1699981689453,222.5749969482422,222.8800048828125,4096781
2025-01-23 15:30:00-05:00,222.86500549316406,223.64999389648438,222.3000030517578,223.64999389648438,6903829
2025-01-24 09:30:00-05:00,224.97500610351562,225.6300048828125,222.5301055908203,222.72999572753906,15246196
2025-01-24 10:30:00-05:00,222.73500061035156,223.3699951171875,222.35009765625,222.75999450683594,6090500
2025-01-24 11:30:00-05:00,222.77000427246094,223.49000549316406,222.13999938964844,222.27999877929688,5067407
2025-01-24 12:30:00-05:00,222.27999877929688,222.72450256347656,221.9499969482422,222.16000366210938,3586687
2025-01-24 13:30:00-05:00,222.13999938964844,222.5500030517578,221.9199981689453,222.3699951171875,2912495
2025-01-24 14:30:00-05:00,222.35000610351562,222.92999267578125,221.41000366210938,222.32000732421875,4686564
2025-01-24 15:30:00-05:00,222.31500244140625,223.0449981689453,222.1999969482422,222.7899932861328,5237044
2025-01-27 09:30:00-05:00,224.02999877929688,227.6999969482422,224.0,227.29229736328125,22895716
2025-01-27 10:30:00-05:00,227.3000030517578,228.8300018310547,227.08999633789062,228.49380493164062,9565070
2025-01-27 11:30:00-05:00,228.47000122070312,230.13999938964844,228.17999267578125,230.08999633789062,8523755
2025-01-27 12:30:00-05:00,230.08999633789062,231.3800048828125,229.8105010986328,231.32000732421875,6766052
2025-01-27 13:30:00-05:00,231.3000030517578,232.14999389648438,230.99000549316406,232.02999877929688,7080439
2025-01-27 14:30:00-05:00,232.02999877929688,232.02999877929688,230.13999938964844,230.67999267578125,9415488
2025-01-27 15:30:00-05:00,230.6999969482422,231.3800048828125,228.47999572753906,229.94000244140625,10815158
2025-01-28 09:30:00-05:00,230.8800048828125,237.7899932861328,230.8800048828125,237.63999938964844,21113721
2025-01-28 10:30:00-05:00,237.64999389648438,239.4499969482422,237.6300048828125,239.0800018310547,12275716
2025-01-28 11:30:00-05:00,239.05999755859375,240.19000244140625,238.20010375976562,238.5500030517578,8384418
2025-01-28 12:30:00-05:00,238.5500030517578,239.24989318847656,238.23500061035156,238.74420166015625,3770424
2025-01-28 13:30:00-05:00,238.76800537109375,239.10000610351562,238.58999633789062,238.82000732421875,3369693
2025-01-28 14:30:00-05:00,238.82220458984375,239.47999572753906,238.30999755859375,238.83999633789062,4877201
2025-01-28 15:30:00-05:00,238.8800048828125,238.97999572753906,237.75999450683594,238.24000549316406,5143611
2025-01-29 09:30:00-05:00,235.0,237.1300048828125,234.52000427246094,236.8300018310547,11611110
2025-01-29 10:30:00-05:00,236.80999755859375,238.0,236.42999267578125,236.5157012939453,4857419
2025-01-29 11:30:00-05:00,236.52999877929688,237.22000122070312,236.1300048828125,236.86900329589844,4055486
2025-01-29 12:30:00-05:00,236.8699951171875,237.43499755859375,235.4600067138672,237.42999267578125,3400271
2025-01-29 13:30:00-05:00,237.4499969482422,237.66000366210938,236.30999755859375,236.44500732421875,2765958
2025-01-29 14:30:00-05:00,236.44000244140625,239.24000549316406,236.34500122070312,239.0500030517578,4886187
2025-01-29 15:30:00-05:00,239.05999755859375,239.85499572753906,238.72000122070312,239.35000610351562,5064524
2025-01-30 09:30:00-05:00,238.6649932861328,240.7899932861328,238.08999633789062,238.4600067138672,8800925
2025-01-30 10:30:00-05:00,238.4600067138672,239.02999877929688,237.2100067138672,238.16000366210938,6211686
2025-01-30 11:30:00-05:00,238.1844024658203,238.8800048828125,237.80999755859375,238.02999877929688,3222220
2025-01-30 12:30:00-05:00,238.02999877929688,238.7686004638672,237.90499877929688,238.4499969482422,2683972
2025-01-30 13:30:00-05:00,238.44000244140625,239.6699981689453,238.44000244140625,239.25,3360211
2025-01-30 14:30:00-05:00,239.25,240.0500030517578,239.2100067138672,239.5800018310547,4799123
2025-01-30 15:30:00-05:00,239.5800018310547,239.85499572753906,237.24000549316406,237.55999755859375,6836079
2025-01-31 09:30:00-05:00,247.0399932861328,247.19000244140625,240.5500030517578,240.943603515625,27334395
2025-01-31 10:30:00-05:00,240.90499877929688,241.42930603027344,238.58999633789062,238.94900512695312,10162823
2025-01-31 11:30:00-05:00,238.97000122070312,240.0500030517578,238.74000549316406,239.74000549316406,6222938
2025-01-31 12:30:00-05:00,239.75,239.80099487304688,236.22000122070312,236.4250030517578,7822078
2025-01-31 13:30:00-05:00,236.42999267578125,236.86000061035156,234.47000122070312,235.13499450683594,7380314
2025-01-31 14:30:00-05:00,235.15499877929688,235.2799072265625,233.44000244140625,234.2899932861328,7945570
2025-01-31 15:30:00-05:00,234.30999755859375,236.5,233.74000549316406,235.86000061035156,8379858
2025-02-03 09:30:00-05:00,229.44000244140625,231.8300018310547,226.63499450683594,229.25999450683594,21198249
2025-02-03 10:30:00-05:00,229.25999450683594,229.8199005126953,226.0800018310547,226.4199981689453,10347971
2025-02-03 11:30:00-05:00,226.41000366210938,227.1300048828125,225.7100067138672,226.36990356445312,7067637
2025-02-03 12:30:00-05:00,226.36000061035156,227.07000732421875,225.9499969482422,226.89999389648438,4952072
2025-02-03 13:30:00-05:00,226.91000366210938,228.8477020263672,226.88999938964844,228.47000122070312,5283668
2025-02-03 14:30:00-05:00,228.47999572753906,229.2100067138672,228.32000732421875,228.5500946044922,4499030
2025-02-03 15:30:00-05:00,228.57000732421875,228.9698944091797,227.6300048828125,227.97999572753906,5648751
2025-02-04 09:30:00-05:00,227.1999969482422,230.41180419921875,226.64999389648438,230.3699951171875,11635605
2025-02-04 10:30:00-05:00,230.3800048828125,231.54879760742188,230.1199951171875,231.0500030517578,5363016
2025-02-04 11:30:00-05:00,231.05999755859375,232.7899932861328,231.0500030517578,231.77999877929688,5207796
2025-02-04 12:30:00-05:00,231.7899932861328,232.3800048828125,231.38999938964844,232.22000122070312,3095970
2025-02-04 13:30:00-05:00,232.22569274902344,232.36000061035156,231.3800048828125,232.13999938964844,2286596
2025-02-04 14:30:00-05:00,232.13999938964844,232.9499969482422,232.13499450683594,232.3090057373047,3344618
2025-02-04 15:30:00-05:00,232.2899932861328,233.1300048828125,232.02999877929688,232.7899932861328,3490884
2025-02-05 09:30:00-05:00,228.49000549316406,230.60000610351562,228.3000030517578,229.5,9950114
2025-02-05 10:30:00-05:00,229.50999450683594,230.19749450683594,228.8513946533203,230.08999633789062,3447904
2025-02-05 11:30:00-05:00,230.08999633789062,231.27999877929688,229.99000549316406,230.69000244140625,2916112
2025-02-05 12:30:00-05:00,230.67999267578125,230.75,229.6300048828125,229.91000366210938,2376195
2025-02-05 13:30:00-05:00,229.89999389648438,231.52999877929688,229.7100067138672,230.64869689941406,3043271
2025-02-05 14:30:00-05:00,230.63999938964844,231.8699951171875,230.5,231.7949981689453,2871834
2025-02-05 15:30:00-05:00,231.77999877929688,232.6699981689453,231.110107421875,232.4600067138672,3443025
2025-02-06 09:30:00-05:00,231.33999633789062,233.8000030517578,230.779296875,231.5399932861328,6919081
2025-02-06 10:30:00-05:00,231.5850067138672,232.3256072998047,230.4250030517578,231.51499938964844,3599406
2025-02-06 11:30:00-05:00,231.50999450683594,231.63499450683594,230.89999389648438,231.3300018310547,2213517
2025-02-06 12:30:00-05:00,231.34500122070312,232.33999633789062,231.02999877929688,232.19000244140625,2393555
2025-02-06 13:30:00-05:00,232.19000244140625,233.11000061035156,232.0800018310547,232.8699951171875,1818718
2025-02-06 14:30:00-05:00,232.88999938964844,232.88999938964844,231.89500427246094,232.27999877929688,2205672
2025-02-06 15:30:00-05:00,232.2899932861328,233.27999877929688,231.92999267578125,233.22000122070312,3111368
2025-02-07 09:30:00-05:00,232.51499938964844,234.0,229.8800048828125,230.38999938964844,7814805
2025-02-07 10:30:00-05:00,230.33999633789062,231.26800537109375,228.89999389648438,229.05499267578125,5664232
2025-02-07 11:30:00-05:00,229.0850067138672,229.4199981689453,228.19500732421875,228.40060424804688,3763438
2025-02-07 12:30:00-05:00,228.38999938964844,229.44000244140625,228.36329650878906,229.2989044189453,3721234
2025-02-07 13:30:00-05:00,229.2899932861328,229.5,227.8300018310547,227.8800048828125,2602577
2025-02-07 14:30:00-05:00,227.88999938964844,228.5800018310547,227.7899932861328,228.0,2965606
2025-02-07 15:30:00-05:00,227.99000549316406,228.14999389648438,227.25999450683594,227.7100067138672,5030649
2025-02-10 09:30:00-05:00,229.57000732421875,230.5850067138672,228.8000030517578,229.86619567871094,6362641
2025-02-10 10:30:00-05:00,229.88999938964844,229.91160583496094,228.74000549316406,229.36000061035156,3755966
2025-02-10 11:30:00-05:00,229.3708038330078,229.38499450683594,228.23919677734375,228.470703125,2474012
2025-02-10 12:30:00-05:00,228.47000122070312,228.8800048828125,228.3699951171875,228.47000122070312,2457578
2025-02-10 13:30:00-05:00,228.48500061035156,229.03500366210938,228.40499877929688,228.6999053955078,1724663
2025-02-10 14:30:00-05:00,228.6999969482422,228.83999633789062,227.60000610351562,227.69000244140625,2971076
2025-02-10 15:30:00-05:00,227.69500732421875,227.8800048828125,227.1999969482422,227.63999938964844,3507517
2025-02-11 09:30:00-05:00,228.1999969482422,233.49000549316406,228.1300048828125,233.33999633789062,16450165
2025-02-11 10:30:00-05:00,233.32000732421875,234.7178955078125,232.82009887695312,234.64999389648438,7044159
2025-02-11 11:30:00-05:00,234.66000366210938,235.22999572753906,233.72169494628906,234.57229614257812,5739199
2025-02-11 12:30:00-05:00,234.58999633789062,234.625,233.25,233.5449981689453,3044227
2025-02-11 13:30:00-05:00,233.59609985351562,234.1898956298828,233.1300048828125,233.3699951171875,2813907
2025-02-11 14:30:00-05:00,233.3621063232422,233.9250030517578,232.89999389648438,233.1107940673828,3713179
2025-02-11 15:30:00-05:00,233.11000061035156,233.3000030517578,232.1699981689453,232.77000427246094,4614482
2025-02-12 09:30:00-05:00,231.27499389648438,234.0500030517578,230.67999267578125,233.60499572753906,11363398
2025-02-12 10:30:00-05:00,233.58120727539062,235.13999938964844,233.5800018310547,235.07000732421875,5460408
2025-02-12 11:30:00-05:00,235.07000732421875,235.66000366210938,234.72999572753906,235.2899932861328,3522413
2025-02-12 12:30:00-05:00,235.27330017089844,235.88999938964844,234.86000061035156,235.47999572753906,2818998
2025-02-12 13:30:00-05:00,235.47320556640625,236.4199981689453,235.32000732421875,236.2100067138672,3035921
2025-02-12 14:30:00-05:00,236.2100067138672,236.66000366210938,236.07000732421875,236.46499633789062,3343068
2025-02-12 15:30:00-05:00,236.4600067138672,236.9600067138672,235.91000366210938,236.88999938964844,4493778
2025-02-13 09:30:00-05:00,236.97500610351562,239.0,235.57000732421875,237.8800048828125,9839880
2025-02-13 10:30:00-05:00,237.89599609375,241.61000061035156,237.72999572753906,240.47999572753906,8943032
2025-02-13 11:30:00-05:00,240.49029541015625,240.83999633789062,239.82000732421875,240.34500122070312,3794251
2025-02-13 12:30:00-05:00,240.3498992919922,241.35000610351562,240.19000244140625,241.02999877929688,3188980
2025-02-13 13:30:00-05:00,241.0399932861328,242.07000732421875,240.52999877929688,241.7698974609375,3761997
2025-02-13 14:30:00-05:00,241.75010681152344,242.33990478515625,241.25999450683594,241.5449981689453,3704786
2025-02-13 15:30:00-05:00,241.5449981689453,241.7689971923828,241.00999450683594,241.52000427246094,4257382
2025-02-14 09:30:00-05:00,241.07000732421875,245.0500030517578,241.0,244.3800048828125,11286651
2025-02-14 10:30:00-05:00,244.3800048828125,244.3800048828125,243.16000366210938,243.94500732421875,4923421
2025-02-14 11:30:00-05:00,243.94000244140625,244.52999877929688,243.69000244140625,243.81520080566406,4178251
2025-02-14 12:30:00-05:00,243.8249969482422,244.30999755859375,243.33999633789062,243.99989318847656,2425988
2025-02-14 13:30:00-05:00,243.97999572753906,244.5399932861328,243.94000244140625,244.14999389648438,1978801
2025-02-14 14:30:00-05:00,244.139892578125,244.3699951171875,243.91009521484375,244.10000610351562,2427820
2025-02-14 15:30:00-05:00,244.0800018310547,245.41000366210938,243.91000366210938,244.57000732421875,4882408
2025-02-18 09:30:00-05:00,243.91000366210938,245.17999267578125,242.860107421875,244.0904998779297,10825110
2025-02-18 10:30:00-05:00,244.0800018310547,244.9698944091797,243.94000244140625,244.72999572753906,3159856
2025-02-18 11:30:00-05:00,244.72000122070312,245.0500030517578,244.17999267578125,244.42999267578125,3072601
2025-02-18 12:30:00-05:00,244.4499969482422,244.5,243.25,243.43499755859375,2653024
2025-02-18 13:30:00-05:00,243.42999267578125,243.48330688476562,241.83999633789062,243.05499267578125,3303217
2025-02-18 14:30:00-05:00,243.05499267578125,243.8350067138672,242.97999572753906,243.52000427246094,2923310
2025-02-18 15:30:00-05:00,243.52999877929688,244.60000610351562,243.14999389648438,244.47000122070312,4972578
2025-02-19 09:30:00-05:00,244.61000061035156,246.00999450683594,243.7899932861328,243.9398956298828,7953912
2025-02-19 10:30:00-05:00,243.92999267578125,244.49000549316406,243.160400390625,244.3957061767578,3875842
2025-02-19 11:30:00-05:00,244.38999938964844,245.65139770507812,244.02999877929688,245.14999389648438,3328518
2025-02-19 12:30:00-05:00,245.13999938964844,245.27999877929688,244.22999572753906,244.7100067138672,1965036
2025-02-19 13:30:00-05:00,244.71499633789062,245.1898956298828,244.22000122070312,244.9001007080078,2025071
2025-02-19 14:30:00-05:00,244.89999389648438,245.1699981689453,244.45010375976562,244.8800048828125,2676277
2025-02-19 15:30:00-05:00,244.8800048828125,245.089599609375,244.53500366210938,244.8800048828125,2963614
2025-02-20 09:30:00-05:00,244.97000122070312,246.77999877929688,244.2899932861328,244.7449951171875,7059474
2025-02-20 10:30:00-05:00,244.74000549316406,246.6999969482422,244.58999633789062,246.13059997558594,4286584
2025-02-20 11:30:00-05:00,246.125,246.4600067138672,245.02999877929688,246.3800048828125,4072175
2025-02-20 12:30:00-05:00,246.3699951171875,246.41000366210938,245.16000366210938,245.44500732421875,2248069
2025-02-20 13:30:00-05:00,245.44000244140625,245.5800018310547,245.02000427246094,245.2550048828125,1791583
2025-02-20 14:30:00-05:00,245.25,245.75,244.85000610351562,245.6199951171875,2339026
2025-02-20 15:30:00-05:00,245.61000061035156,246.0,245.36000061035156,245.86000061035156,3152476
2025-02-21 09:30:00-05:00,245.96499633789062,246.94000244140625,245.22000122070312,245.7899932861328,8207297
2025-02-21 10:30:00-05:00,245.77499389648438,247.4499969482422,245.22000122070312,247.1300048828125,5440754
2025-02-21 11:30:00-05:00,247.14500427246094,247.64999389648438,246.64999389648438,247.3699951171875,4700950
2025-02-21 12:30:00-05:00,247.3800048828125,248.69000244140625,247.10000610351562,247.44119262695312,6864397
2025-02-21 13:30:00-05:00,247.44509887695312,248.0767059326172,246.42999267578125,246.49000549316406,4986285
2025-02-21 14:30:00-05:00,246.5050048828125,246.82000732421875,245.39010620117188,245.8000030517578,7827784
2025-02-21 15:30:00-05:00,245.81500244140625,246.08999633789062,245.3300018310547,245.58999633789062,5597978
2025-02-24 09:30:00-05:00,246.11500549316406,248.86000061035156,244.58999633789062,247.85000610351562,13193734
2025-02-24 10:30:00-05:00,247.85000610351562,247.9541015625,246.00999450683594,247.11019897460938,6815696
2025-02-24 11:30:00-05:00,247.1199951171875,248.32000732421875,247.1199951171875,247.7949981689453,3637316
2025-02-24 12:30:00-05:00,247.82000732421875,248.13999938964844,247.22000122070312,248.0500030517578,2550281
2025-02-24 13:30:00-05:00,248.0500030517578,248.8000030517578,247.6699981689453,248.66000366210938,4364229
2025-02-24 14:30:00-05:00,248.66000366210938,248.75,247.42999267578125,247.61000061035156,3655325
2025-02-24 15:30:00-05:00,247.59500122070312,247.7899932861328,246.82000732421875,247.22999572753906,4975763
2025-02-25 09:30:00-05:00,248.0,249.52000427246094,244.91000366210938,245.11000061035156,12543414
2025-02-25 10:30:00-05:00,245.1300048828125,246.8699951171875,244.91000366210938,246.52499389648438,4912736
2025-02-25 11:30:00-05:00,246.53500366210938,249.97999572753906,246.4300994873047,249.5800018310547,6711698
2025-02-25 12:30:00-05:00,249.5800018310547,249.6199951171875,247.72999572753906,247.97999572753906,3191684
2025-02-25 13:30:00-05:00,247.97000122070312,248.6199951171875,247.16000366210938,247.66810607910156,3236285
2025-02-25 14:30:00-05:00,247.63999938964844,248.58999633789062,247.5500030517578,247.72000122070312,3408426
2025-02-25 15:30:00-05:00,247.72500610351562,247.77000427246094,246.0449981689453,247.0500030517578,4291190
2025-02-26 09:30:00-05:00,244.3300018310547,244.97999572753906,241.4199981689453,243.47999572753906,11922325
2025-02-26 10:30:00-05:00,243.4949951171875,243.72000122070312,241.5800018310547,241.80999755859375,4844532
2025-02-26 11:30:00-05:00,241.8000030517578,243.88999938964844,241.75,243.1300048828125,3260739
2025-02-26 12:30:00-05:00,243.13999938964844,243.2899932861328,240.24000549316406,240.34030151367188,4011307
2025-02-26 13:30:00-05:00,240.33999633789062,240.38999938964844,239.1300048828125,239.82000732421875,4096351
2025-02-26 14:30:00-05:00,239.80999755859375,240.4499969482422,239.52999877929688,239.9499969482422,3160834
2025-02-26 15:30:00-05:00,239.9600067138672,240.7100067138672,239.68499755859375,240.30999755859375,4066395
2025-02-27 09:30:00-05:00,239.34500122070312,242.27999877929688,238.47000122070312,241.375,11860928
2025-02-27 10:30:00-05:00,241.36000061035156,242.4600067138672,240.63999938964844,241.52000427246094,3314596
2025-02-27 11:30:00-05:00,241.52000427246094,241.78480529785156,239.5850067138672,241.05799865722656,2483584
2025-02-27 12:30:00-05:00,241.12969970703125,242.17999267578125,240.36000061035156,241.89999389648438,2123940
2025-02-27 13:30:00-05:00,241.92999267578125,242.0500030517578,240.52000427246094,240.6300048828125,2376630
2025-02-27 14:30:00-05:00,240.64500427246094,240.66000366210938,238.77029418945312,238.9199981689453,4411625
2025-02-27 15:30:00-05:00,238.9550018310547,239.3695068359375,237.10000610351562,237.3800048828125,5981830
2025-02-28 09:30:00-05:00,236.9499969482422,237.8000030517578,234.50999450683594,237.59500122070312,9707088
2025-02-28 10:30:00-05:00,237.5800018310547,237.8300018310547,236.49000549316406,236.9199981689453,3856963
2025-02-28 11:30:00-05:00,236.8699951171875,237.75,236.5500030517578,237.60499572753906,2652791
2025-02-28 12:30:00-05:00,237.69000244140625,237.89999389648438,236.22999572753906,237.41000366210938,3253563
2025-02-28 13:30:00-05:00,237.40499877929688,238.3083038330078,237.00999450683594,237.9199981689453,3040911
2025-02-28 14:30:00-05:00,237.8800048828125,239.77999877929688,237.7003936767578,239.7100067138672,4607390
2025-02-28 15:30:00-05:00,239.69000244140625,242.08999633789062,238.80999755859375,241.83999633789062,7654870
2025-03-03 09:30:00-05:00,241.7220001220703,244.02720642089844,239.8249969482422,241.48500061035156,10137001
2025-03-03 10:30:00-05:00,241.5,242.6300048828125,241.12669372558594,241.19000244140625,3962348
2025-03-03 11:30:00-05:00,241.22999572753906,242.5500030517578,240.6649932861328,242.5399932861328,2726862
2025-03-03 12:30:00-05:00,242.5399932861328,242.98680114746094,240.74000549316406,240.96499633789062,2892774
2025-03-03 13:30:00-05:00,241.02000427246094,241.8699951171875,240.44000244140625,241.15179443359375,3716220
2025-03-03 14:30:00-05:00,241.16000366210938,242.0,236.64999389648438,236.8892059326172,5255129
2025-03-03 15:30:00-05:00,236.8800048828125,238.55999755859375,236.11199951171875,238.13999938964844,6362960
2025-03-04 09:30:00-05:00,237.7050018310547,239.38999938964844,236.35000610351562,238.39999389648438,12574876
2025-03-04 10:30:00-05:00,238.39999389648438,239.80999755859375,237.64999389648438,238.6300048828125,6419558
2025-03-04 11:30:00-05:00,238.58999633789062,240.07000732421875,238.12890625,238.1649932861328,4617834
2025-03-04 12:30:00-05:00,238.11000061035156,238.17990112304688,236.16000366210938,236.75,4297681
2025-03-04 13:30:00-05:00,236.75,238.55999755859375,236.42999267578125,238.2888946533203,3524557
2025-03-04 14:30:00-05:00,238.2899932861328,239.24989318847656,237.9822998046875,238.69000244140625,4105168
2025-03-04 15:30:00-05:00,238.67999267578125,238.75,234.6999969482422,236.07000732421875,6470426
2025-03-05 09:30:00-05:00,235.4949951171875,235.9499969482422,230.5500030517578,230.9199981689453,11396281
2025-03-05 10:30:00-05:00,230.94000244140625,233.1999969482422,230.13999938964844,230.6490020751953,4757085
2025-03-05 11:30:00-05:00,230.6199951171875,234.64999389648438,229.22999572753906,234.53990173339844,5831367
2025-03-05 12:30:00-05:00,234.5399932861328,235.5399932861328,234.0,234.67999267578125,3887648
2025-03-05 13:30:00-05:00,234.66529846191406,236.5500030517578,234.10000610351562,235.74749755859375,2837195
2025-03-05 14:30:00-05:00,235.8000030517578,236.47999572753906,235.14999389648438,236.0399932861328,3103634
2025-03-05 15:30:00-05:00,236.00999450683594,236.35000610351562,235.05999755859375,235.77000427246094,3864004
2025-03-06 09:30:00-05:00,234.43499755859375,237.16000366210938,233.5399932861328,236.47000122070312,8965074
2025-03-06 10:30:00-05:00,236.47000122070312,237.86000061035156,236.2449951171875,236.77999877929688,4326344
2025-03-06 11:30:00-05:00,236.74000549316406,237.33999633789062,234.0404052734375,234.4149932861328,4246957
2025-03-06 12:30:00-05:00,234.39999389648438,235.42999267578125,234.05999755859375,234.2949981689453,3660287
2025-03-06 13:30:00-05:00,234.30499267578125,235.1699981689453,233.39999389648438,233.69000244140625,4333970
2025-03-06 14:30:00-05:00,233.65499877929688,236.00999450683594,233.3300018310547,235.17999267578125,4926584
2025-03-06 15:30:00-05:00,235.1699981689453,235.75999450683594,234.4499969482422,235.32000732421875,4800803
2025-03-07 09:30:00-05:00,235.10499572753906,239.42999267578125,234.75999450683594,238.30999755859375,8540305
2025-03-07 10:30:00-05:00,238.31500244140625,240.16000366210938,237.0301055908203,239.02000427246094,6445384
2025-03-07 11:30:00-05:00,239.0399932861328,239.69749450683594,237.86000061035156,239.2899932861328,6229746
2025-03-07 12:30:00-05:00,239.25999450683594,241.3699951171875,238.8000030517578,240.41439819335938,6264766
2025-03-07 13:30:00-05:00,240.4250030517578,240.91000366210938,238.57000732421875,239.64999389648438,4109056
2025-03-07 14:30:00-05:00,239.6649932861328,239.86000061035156,238.0800018310547,238.8114013671875,3265326
2025-03-07 15:30:00-05:00,238.8000030517578,239.77000427246094,237.94000244140625,239.07000732421875,4811911
2025-03-10 09:30:00-04:00,235.47999572753906,236.16000366210938,228.52000427246094,228.5500030517578,15210592
2025-03-10 10:30:00-04:00,228.55499267578125,229.5,225.2899932861328,226.50869750976562,11879291
2025-03-10 11:30:00-04:00,226.52999877929688,227.2899932861328,224.22000122070312,225.47999572753906,6728298
2025-03-10 12:30:00-04:00,225.5399932861328,226.69000244140625,224.3249969482422,225.2100067138672,5441202
2025-03-10 13:30:00-04:00,225.24000549316406,226.97999572753906,224.8699951171875,226.5800018310547,5343177
2025-03-10 14:30:00-04:00,226.58999633789062,227.51499938964844,224.4208984375,226.9761962890625,7127512
2025-03-10 15:30:00-04:00,226.99000549316406,228.64999389648438,226.5,227.54100036621094,8057482
2025-03-11 09:30:00-04:00,223.8000030517578,225.83990478515625,220.00999450683594,222.52000427246094,17705238
2025-03-11 10:30:00-04:00,222.49000549316406,222.9499969482422,220.58999633789062,221.00320434570312,7838273
2025-03-11 11:30:00-04:00,220.97999572753906,221.74000549316406,218.5,218.5500030517578,8314282
2025-03-11 12:30:00-04:00,218.5399932861328,219.8800048828125,217.4499969482422,217.7550048828125,7268661
2025-03-11 13:30:00-04:00,217.72999572753906,220.97999572753906,217.67999267578125,220.5449981689453,6404020
2025-03-11 14:30:00-04:00,220.5500030517578,223.27999877929688,220.09019470214844,221.82020568847656,7110964
2025-03-11 15:30:00-04:00,221.82000732421875,222.0500030517578,220.5800018310547,220.72999572753906,6574063
2025-03-12 09:30:00-04:00,220.17999267578125,221.75,218.8300018310547,218.9499969482422,13585830
2025-03-12 10:30:00-04:00,218.9499969482422,219.39999389648438,214.91000366210938,216.44500732421875,10732384
2025-03-12 11:30:00-04:00,216.47000122070312,218.61000061035156,216.3300018310547,218.3603973388672,5950460
2025-03-12 12:30:00-04:00,218.44500732421875,218.60000610351562,216.8800048828125,218.18980407714844,4501805
2025-03-12 13:30:00-04:00,218.1300048828125,218.22000122070312,215.92999267578125,216.11000061035156,5341362
2025-03-12 14:30:00-04:00,216.1199951171875,217.08990478515625,215.0500030517578,215.639892578125,6048770
2025-03-12 15:30:00-04:00,215.64999389648438,217.27000427246094,215.27999877929688,216.94000244140625,7314758
2025-03-13 09:30:00-04:00,215.94000244140625,216.8394012451172,214.22000122070312,214.27999877929688,11543428
2025-03-13 10:30:00-04:00,214.3000030517578,214.82000732421875,213.6300048828125,214.0402069091797,6000675
2025-03-13 11:30:00-04:00,214.0449981689453,214.35000610351562,211.5500030517578,211.94000244140625,8062598
2025-03-13 12:30:00-04:00,211.93380737304688,212.92999267578125,210.69000244140625,211.15499877929688,5949778
2025-03-13 13:30:00-04:00,211.13999938964844,212.47000122070312,210.50010681152344,212.2899932861328,5034049
2025-03-13 14:30:00-04:00,212.28599548339844,212.4698944091797,210.36000061035156,210.6300048828125,5897570
2025-03-13 15:30:00-04:00,210.6699981689453,210.7100067138672,208.4199981689453,209.7100067138672,9508816
2025-03-14 09:30:00-04:00,211.25,213.42999267578125,209.5800018310547,210.3780975341797,14448242
2025-03-14 10:30:00-04:00,210.3800048828125,212.3800048828125,209.97999572753906,211.92999267578125,7229106
2025-03-14 11:30:00-04:00,211.92999267578125,213.94000244140625,211.91000366210938,212.23069763183594,5804814
2025-03-14 12:30:00-04:00,212.23500061035156,213.5,212.07229614257812,212.31500244140625,3579047
2025-03-14 13:30:00-04:00,212.30259704589844,212.6898956298828,210.75999450683594,211.2449951171875,6007354
2025-03-14 14:30:00-04:00,211.25,213.41099548339844,211.25,212.90530395507812,4621820
2025-03-14 15:30:00-04:00,212.8946075439453,213.89999389648438,212.7100067138672,213.3800048828125,6350358
2025-03-17 09:30:00-04:00,213.36000061035156,214.97000122070312,212.1699981689453,213.22470092773438,9570854
2025-03-17 10:30:00-04:00,213.22500610351562,213.25999450683594,210.46969604492188,210.75469970703125,5939423
2025-03-17 11:30:00-04:00,210.7550048828125,211.8000030517578,209.97999572753906,211.1999969482422,4387530
2025-03-17 12:30:00-04:00,211.2100067138672,212.3699951171875,211.08999633789062,212.33030700683594,3083388
2025-03-17 13:30:00-04:00,212.35499572753906,214.73019409179688,212.27999877929688,214.4550018310547,4126373
2025-03-17 14:30:00-04:00,214.4499969482422,214.7967987060547,214.07000732421875,214.68499755859375,3623892
2025-03-17 15:30:00-04:00,214.67999267578125,215.22000122070312,213.6699981689453,214.19000244140625,6930829
2025-03-18 09:30:00-04:00,214.13999938964844,215.14999389648438,212.9499969482422,214.55140686035156,10203982
2025-03-18 10:30:00-04:00,214.5500030517578,214.88999938964844,212.64999389648438,213.3300018310547,4477342
2025-03-18 11:30:00-04:00,213.25,213.97999572753906,212.7899932861328,213.72000122070312,3176514
2025-03-18 12:30:00-04:00,213.6999969482422,213.7736053466797,211.49000549316406,212.2834014892578,4535545
2025-03-18 13:30:00-04:00,212.3000030517578,212.32000732421875,211.55979919433594,211.9949951171875,3006313
2025-03-18 14:30:00-04:00,212.0,212.65499877929688,211.810302734375,212.34500122070312,3435188
2025-03-18 15:30:00-04:00,212.34500122070312,213.25999450683594,212.30999755859375,212.7899932861328,4396249
2025-03-19 09:30:00-04:00,214.22000122070312,218.75999450683594,213.91009521484375,217.14500427246094,11385869
2025-03-19 10:30:00-04:00,217.2100067138672,217.2198028564453,214.9600067138672,215.66900634765625,5115267
2025-03-19 11:30:00-04:00,215.69000244140625,216.75,215.17999267578125,215.3000030517578,3249560
2025-03-19 12:30:00-04:00,215.2899932861328,215.3300018310547,214.2899932861328,214.3800048828125,2801294
2025-03-19 13:30:00-04:00,214.39199829101562,215.04969787597656,213.75,214.27000427246094,4823378
2025-03-19 14:30:00-04:00,214.27000427246094,217.0590057373047,214.25,215.50990295410156,6058928
2025-03-19 15:30:00-04:00,215.5,215.67999267578125,214.47999572753906,215.3000030517578,5255712
2025-03-20 09:30:00-04:00,213.99000549316406,217.48989868164062,212.89999389648438,216.9904022216797,7527757
2025-03-20 10:30:00-04:00,216.97999572753906,217.2949981689453,215.78759765625,215.91900634765625,4644755
2025-03-20 11:30:00-04:00,215.89999389648438,216.4600067138672,214.02000427246094,214.13999938964844,4337539
2025-03-20 12:30:00-04:00,214.13999938964844,214.50999450683594,213.0,213.22999572753906,5149763
2025-03-20 13:30:00-04:00,213.25999450683594,213.88999938964844,212.72999572753906,212.75999450683594,3180049
2025-03-20 14:30:00-04:00,212.77000427246094,213.39999389648438,212.22000122070312,212.68350219726562,4531064
2025-03-20 15:30:00-04:00,212.69000244140625,214.75999450683594,212.69000244140625,214.14999389648438,5352998
2025-03-21 09:30:00-04:00,211.51499938964844,214.41000366210938,211.47000122070312,213.74000549316406,21249328
2025-03-21 10:30:00-04:00,213.7100067138672,214.83999633789062,213.2606964111328,213.44349670410156,7372592
2025-03-21 11:30:00-04:00,213.44000244140625,215.39999389648438,212.63999938964844,214.65499877929688,3813985
2025-03-21 12:30:00-04:00,214.6699981689453,215.47999572753906,214.48480224609375,214.6199951171875,3366634
2025-03-21 13:30:00-04:00,214.61000061035156,215.03900146484375,214.26010131835938,214.6699981689453,3091390
2025-03-21 14:30:00-04:00,214.6699981689453,215.3699951171875,214.63999938964844,215.30999755859375,4189003
2025-03-21 15:30:00-04:00,215.30999755859375,218.83999633789062,215.00999450683594,218.36000061035156,10148885
2025-03-24 09:30:00-04:00,221.0,221.02099609375,218.5800018310547,219.77000427246094,9344812
2025-03-24 10:30:00-04:00,219.80999755859375,220.69000244140625,219.02920532226562,219.15750122070312,4668518
2025-03-24 11:30:00-04:00,219.15499877929688,220.0500030517578,218.9600067138672,219.0,3264720
2025-03-24 12:30:00-04:00,219.01499938964844,219.5,218.82000732421875,219.2899932861328,3057015
2025-03-24 13:30:00-04:00,219.32000732421875,219.85000610351562,219.08999633789062,219.75999450683594,2530901
2025-03-24 14:30:00-04:00,219.77499389648438,220.47000122070312,219.46580505371094,219.77000427246094,4139018
2025-03-24 15:30:00-04:00,219.7899932861328,221.00999450683594,219.66000366210938,220.42999267578125,6001386
2025-03-25 09:30:00-04:00,220.80999755859375,223.38999938964844,220.0800018310547,223.3699951171875,8242408
2025-03-25 10:30:00-04:00,223.3800048828125,223.89999389648438,222.3000030517578,223.52999877929688,4010970
2025-03-25 11:30:00-04:00,223.5399932861328,223.6999969482422,223.00999450683594,223.11000061035156,2236176
2025-03-25 12:30:00-04:00,223.10000610351562,223.6300048828125,220.72999572753906,222.80999755859375,2317900
2025-03-25 13:30:00-04:00,222.82699584960938,223.94900512695312,222.60000610351562,223.49000549316406,2529710
2025-03-25 14:30:00-04:00,223.5,223.7100067138672,222.78500366210938,223.4199981689453,3423322
2025-03-25 15:30:00-04:00,223.41000366210938,224.10000610351562,223.2899932861328,223.72999572753906,4310099
2025-03-26 09:30:00-04:00,223.50999450683594,225.02000427246094,222.83999633789062,224.07449340820312,8205828
2025-03-26 10:30:00-04:00,224.0850067138672,224.3155975341797,223.11000061035156,223.72000122070312,3253126
2025-03-26 11:30:00-04:00,223.7200927734375,223.89999389648438,222.1199951171875,223.6750030517578,3220107
2025-03-26 12:30:00-04:00,223.6750030517578,223.7899932861328,221.6300048828125,222.0800018310547,2855124
2025-03-26 13:30:00-04:00,222.0800018310547,222.22000122070312,221.4001007080078,221.8350067138672,2219567
2025-03-26 14:30:00-04:00,221.81500244140625,221.88499450683594,220.60000610351562,220.60000610351562,3054676
2025-03-26 15:30:00-04:00,220.61500549316406,221.8800048828125,220.47000122070312,221.39999389648438,4140037
2025-03-27 09:30:00-04:00,221.3300018310547,222.10000610351562,220.5601043701172,221.64999389648438,5508724
2025-03-27 10:30:00-04:00,221.64999389648438,223.24000549316406,221.39999389648438,222.8000946044922,3784484
2025-03-27 11:30:00-04:00,222.8000030517578,223.75999450683594,222.56500244140625,223.19500732421875,2866958
2025-03-27 12:30:00-04:00,223.17999267578125,223.97999572753906,222.72000122070312,223.10499572753906,3509193
2025-03-27 13:30:00-04:00,223.0800018310547,224.55999755859375,223.0500030517578,224.3699951171875,3521517
2025-03-27 14:30:00-04:00,224.35000610351562,224.99000549316406,223.94500732421875,224.7899932861328,3376619
2025-03-27 15:30:00-04:00,224.8000030517578,224.99000549316406,223.6999969482422,223.92999267578125,5491814
2025-03-28 09:30:00-04:00,221.6490020751953,223.8000030517578,219.69500732421875,219.91000366210938,8900229
2025-03-28 10:30:00-04:00,219.88999938964844,220.64999389648438,219.1699981689453,219.97999572753906,4819013
2025-03-28 11:30:00-04:00,219.89109802246094,220.22000122070312,218.35000610351562,218.69000244140625,3075097
2025-03-28 12:30:00-04:00,218.6699981689453,219.1199951171875,218.2100067138672,218.49000549316406,3059478
2025-03-28 13:30:00-04:00,218.5,219.16650390625,218.17999267578125,219.0500030517578,2307054
2025-03-28 14:30:00-04:00,219.0399932861328,219.14999389648438,218.1103973388672,218.50999450683594,3188030
2025-03-28 15:30:00-04:00,218.5,218.75,217.67999267578125,217.8800048828125,5319689
2025-03-31 09:30:00-04:00,217.22000122070312,219.30999755859375,216.24000549316406,218.57000732421875,13611371
2025-03-31 10:30:00-04:00,218.61000061035156,220.0800018310547,218.3256072998047,219.1300048828125,5127759
2025-03-31 11:30:00-04:00,219.10000610351562,220.92999267578125,218.88519287109375,220.9199981689453,3710448
2025-03-31 12:30:00-04:00,220.89999389648438,221.02000427246094,219.38999938964844,219.8699951171875,2845575
2025-03-31 13:30:00-04:00,219.85000610351562,220.8800048828125,219.24169921875,220.7949981689453,2764885
2025-03-31 14:30:00-04:00,220.8000030517578,221.73500061035156,220.38999938964844,221.22500610351562,4172283
2025-03-31 15:30:00-04:00,221.2100067138672,224.97000122070312,220.99009704589844,221.9949951171875,11487559
2025-04-01 09:30:00-04:00,219.80499267578125,223.38999938964844,218.89999389648438,221.5198974609375,9630525
2025-04-01 10:30:00-04:00,221.49000549316406,223.42999267578125,221.36000061035156,222.87989807128906,4197037
2025-04-01 11:30:00-04:00,222.86500549316406,223.13999938964844,222.14999389648438,222.52999877929688,2944555
2025-04-01 12:30:00-04:00,222.55499267578125,223.0800018310547,222.19000244140625,222.3385009765625,2079835
2025-04-01 13:30:00-04:00,222.3000030517578,222.77499389648438,221.4499969482422,221.5,2283252
2025-04-01 14:30:00-04:00,221.49000549316406,222.1199951171875,221.14999389648438,221.72999572753906,2520811
2025-04-01 15:30:00-04:00,221.7100067138672,223.49000549316406,221.57000732421875,223.13999938964844,4133846
2025-04-02 09:30:00-04:00,221.19000244140625,224.10850524902344,221.0500030517578,224.0399932861328,5984058
2025-04-02 10:30:00-04:00,224.02000427246094,224.71539306640625,223.4499969482422,224.47999572753906,3704510
2025-04-02 11:30:00-04:00,224.4499969482422,224.60000610351562,223.11000061035156,224.1300048828125,2694881
2025-04-02 12:30:00-04:00,224.1300048828125,225.19000244140625,223.19000244140625,224.72000122070312,3616264
2025-04-02 13:30:00-04:00,224.72000122070312,224.80999755859375,222.9199981689453,222.92999267578125,2445540
2025-04-02 14:30:00-04:00,222.9199981689453,223.9409942626953,222.8614044189453,223.66009521484375,2653899
2025-04-02 15:30:00-04:00,223.6699981689453,224.4600067138672,223.5,223.7899932861328,4054405
2025-04-03 09:30:00-04:00,205.52000427246094,207.48989868164062,202.52000427246094,205.63499450683594,32868028
2025-04-03 10:30:00-04:00,205.63499450683594,206.47000122070312,203.3699951171875,204.0500030517578,11492280
2025-04-03 11:30:00-04:00,204.0500030517578,207.0399932861328,203.7042999267578,206.05999755859375,8453124
2025-04-03 12:30:00-04:00,206.10000610351562,206.3000030517578,203.84010314941406,204.0050048828125,5727160
2025-04-03 13:30:00-04:00,203.99000549316406,204.6051025390625,202.6999969482422,203.0,6326946
2025-04-03 14:30:00-04:00,202.98280334472656,203.52000427246094,202.13999938964844,202.1999969482422,9806166
2025-04-03 15:30:00-04:00,202.1999969482422,203.86000061035156,201.25,203.05999755859375,14152077
2025-04-04 09:30:00-04:00,193.9250030517578,199.8800048828125,192.8000030517578,195.27999877929688,32115307
2025-04-04 10:30:00-04:00,195.2949981689453,197.21170043945312,191.05999755859375,194.49000549316406,19673653
2025-04-04 11:30:00-04:00,194.46499633789062,196.0,192.25999450683594,192.80999755859375,9394432
2025-04-04 12:30:00-04:00,192.77999877929688,193.9761962890625,190.89999389648438,190.99000549316406,8256831
2025-04-04 13:30:00-04:00,190.97999572753906,192.57000732421875,188.83099365234375,188.8800048828125,12240537
2025-04-04 14:30:00-04:00,188.89999389648438,190.86880493164062,187.34500122070312,190.22999572753906,13768216
2025-04-04 15:30:00-04:00,190.2100067138672,191.72999572753906,188.05999755859375,188.3800048828125,14314697
2025-04-07 09:30:00-04:00,177.0,194.13999938964844,174.6199951171875,181.77000427246094,60689672
2025-04-07 10:30:00-04:00,181.67999267578125,185.93980407714844,175.6999969482422,176.36000061035156,21664542
2025-04-07 11:30:00-04:00,176.41000366210938,180.3300018310547,175.75,178.13999938964844,12923106
2025-04-07 12:30:00-04:00,178.10000610351562,181.72000122070312,177.10000610351562,181.5399932861328,10820708
2025-04-07 13:30:00-04:00,181.55499267578125,183.88999938964844,179.5,180.3350067138672,12360402
2025-04-07 14:30:00-04:00,180.33999633789062,182.3000030517578,178.2801055908203,178.42129516601562,12053848
2025-04-07 15:30:00-04:00,178.44000244140625,182.0,178.43499755859375,181.58999633789062,11790019
2025-04-08 09:30:00-04:00,186.72999572753906,190.3350067138672,185.10000610351562,189.3300018310547,25336677
2025-04-08 10:30:00-04:00,189.32000732421875,189.92999267578125,184.05999755859375,184.08999633789062,11822751
2025-04-08 11:30:00-04:00,184.07000732421875,185.5399932861328,182.2899932861328,183.3300018310547,7825256
2025-04-08 12:30:00-04:00,183.32000732421875,183.51499938964844,175.0,175.02999877929688,15712598
2025-04-08 13:30:00-04:00,175.02000427246094,178.60989379882812,174.85000610351562,175.3300018310547,11562913
2025-04-08 14:30:00-04:00,175.31219482421875,177.22999572753906,171.6300048828125,172.88999938964844,15040705
2025-04-08 15:30:00-04:00,172.8699951171875,173.44000244140625,169.21009826660156,172.77000427246094,16156814
2025-04-09 09:30:00-04:00,172.1790008544922,179.4199981689453,171.88999938964844,178.41180419921875,32288949
2025-04-09 10:30:00-04:00,178.50999450683594,180.4199981689453,176.8300018310547,179.7550048828125,15996521
2025-04-09 11:30:00-04:00,179.75,181.07000732421875,177.75,179.58999633789062,11721052
2025-04-09 12:30:00-04:00,179.57989501953125,194.49000549316406,179.24000549316406,188.52499389648438,19036631
2025-04-09 13:30:00-04:00,188.50999450683594,194.86990356445312,188.1300048828125,190.8000030517578,27276269
2025-04-09 14:30:00-04:00,190.7899932861328,198.97999572753906,183.8699951171875,196.05999755859375,30349699
2025-04-09 15:30:00-04:00,196.0,200.61000061035156,195.91000366210938,198.85000610351562,20947383
2025-04-10 09:30:00-04:00,189.1649932861328,194.7799072265625,189.0,192.14500427246094,25783702
2025-04-10 10:30:00-04:00,192.22000122070312,193.57000732421875,188.69000244140625,188.8592071533203,10331960
2025-04-10 11:30:00-04:00,188.85499572753906,189.22999572753906,183.0,184.27000427246094,16399003
2025-04-10 12:30:00-04:00,184.26499938964844,189.89999389648438,184.1750030517578,188.00999450683594,13927222
2025-04-10 13:30:00-04:00,187.97000122070312,192.0,186.0,191.75999450683594,14336457
2025-04-10 14:30:00-04:00,191.75,192.8000030517578,189.02000427246094,189.98500061035156,10246898
2025-04-10 15:30:00-04:00,190.0,192.43499755859375,187.8300018310547,190.44000244140625,10417028
2025-04-11 09:30:00-04:00,186.17999267578125,193.25,186.05999755859375,189.92999267578125,17210427
2025-04-11 10:30:00-04:00,189.94000244140625,194.1999969482422,189.63999938964844,193.32000732421875,9778670
2025-04-11 11:30:00-04:00,193.2899932861328,197.6699981689453,192.87860107421875,195.80099487304688,11426289
2025-04-11 12:30:00-04:00,195.82000732421875,199.35000610351562,195.80999755859375,196.83070373535156,10272519
2025-04-11 13:30:00-04:00,196.8524932861328,199.5399932861328,196.03790283203125,197.5800018310547,8204023
2025-04-11 14:30:00-04:00,197.60000610351562,198.9438934326172,197.40179443359375,198.3419952392578,6229743
2025-04-11 15:30:00-04:00,198.35000610351562,199.0,197.54139709472656,198.02000427246094,9619486
2025-04-14 09:30:00-04:00,211.44000244140625,212.94000244140625,204.61000061035156,204.75,38852582
2025-04-14 10:30:00-04:00,204.8000030517578,206.1999053955078,203.41000366210938,203.60000610351562,11826668
2025-04-14 11:30:00-04:00,203.64999389648438,204.3800048828125,201.16209411621094,201.75,11801459
2025-04-14 12:30:00-04:00,201.72999572753906,204.97850036621094,201.5850067138672,203.86399841308594,8024983
2025-04-14 13:30:00-04:00,203.88499450683594,205.80999755859375,203.42999267578125,205.7899932861328,6209694
2025-04-14 14:30:00-04:00,205.7899932861328,206.66000366210938,205.38999938964844,205.7100067138672,6862210
2025-04-14 15:30:00-04:00,205.72000122070312,205.89999389648438,202.32000732421875,202.58999633789062,8409251
2025-04-15 09:30:00-04:00,201.85499572753906,203.5050048828125,199.82000732421875,200.8000030517578,13453371
2025-04-15 10:30:00-04:00,200.7899932861328,203.08999633789062,200.68600463867188,202.11500549316406,6103100
2025-04-15 11:30:00-04:00,202.13999938964844,203.35000610351562,201.9600067138672,203.0399932861328,3730153
2025-04-15 12:30:00-04:00,203.0500030517578,203.28399658203125,201.11500549316406,201.60440063476562,3893654
2025-04-15 13:30:00-04:00,201.5850067138672,202.7769012451172,201.30499267578125,201.76499938964844,4045655
2025-04-15 14:30:00-04:00,201.71499633789062,203.2899932861328,201.63999938964844,202.8000030517578,4048783
2025-04-15 15:30:00-04:00,202.8300018310547,202.95899963378906,201.9199981689453,202.1300048828125,4398627
2025-04-16 09:30:00-04:00,198.36000061035156,200.6999969482422,196.02000427246094,197.07000732421875,13937138
2025-04-16 10:30:00-04:00,197.05999755859375,198.98849487304688,196.80999755859375,198.35009765625,6372057
2025-04-16 11:30:00-04:00,198.375,198.39999389648438,196.3905029296875,196.91000366210938,4368116
2025-04-16 12:30:00-04:00,196.91000366210938,197.9199981689453,196.64999389648438,197.75999450683594,3351617
2025-04-16 13:30:00-04:00,197.75999450683594,197.80999755859375,193.9199981689453,194.55499267578125,7922500
2025-04-16 14:30:00-04:00,194.5399932861328,194.64370727539062,192.3699951171875,192.57000732421875,5831097
2025-04-16 15:30:00-04:00,192.5800018310547,194.86349487304688,192.57000732421875,194.3000030517578,7049437
2025-04-17 09:30:00-04:00,197.14999389648438,197.1999969482422,194.63999938964844,195.63999938964844,11995068
2025-04-17 10:30:00-04:00,195.69000244140625,197.09500122070312,194.4199981689453,196.0399932861328,6835084
2025-04-17 11:30:00-04:00,196.02999877929688,198.0500030517578,195.9886932373047,197.80499267578125,4703332
2025-04-17 12:30:00-04:00,197.8260040283203,198.57000732421875,196.67999267578125,196.6999969482422,4953563
2025-04-17 13:30:00-04:00,196.7100067138672,198.83349609375,196.6699981689453,198.27999877929688,3858649
2025-04-17 14:30:00-04:00,198.2899932861328,198.66000366210938,196.8699951171875,197.24220275878906,4857368
2025-04-17 15:30:00-04:00,197.25,197.6999969482422,195.82000732421875,196.8699951171875,4510991
2025-04-21 09:30:00-04:00,193.35000610351562,193.75999450683594,191.36000061035156,192.1199951171875,8862849
2025-04-21 10:30:00-04:00,192.11000061035156,192.49000549316406,190.60499572753906,190.73500061035156,4480370
2025-04-21 11:30:00-04:00,190.72000122070312,191.32000732421875,189.8112030029297,191.1300048828125,4469110
2025-04-21 12:30:00-04:00,191.1199951171875,191.75,190.13999938964844,190.61399841308594,3331629
2025-04-21 13:30:00-04:00,190.58999633789062,191.0,190.24000549316406,190.82000732421875,2848270
2025-04-21 14:30:00-04:00,190.81500244140625,191.3800048828125,190.1999969482422,191.10499572753906,3470291
2025-04-21 15:30:00-04:00,191.08999633789062,193.4199981689453,191.0500030517578,193.08999633789062,5337999
2025-04-22 09:30:00-04:00,196.07000732421875,198.94000244140625,196.0,198.11000061035156,8343567
2025-04-22 10:30:00-04:00,198.1199951171875,199.5500030517578,197.6699981689453,198.8300018310547,5200594
2025-04-22 11:30:00-04:00,198.8300018310547,201.5500030517578,197.86000061035156,201.3800048828125,6986542
2025-04-22 12:30:00-04:00,201.4001007080078,201.52999877929688,198.32029724121094,198.5399932861328,6210265
2025-04-22 13:30:00-04:00,198.51620483398438,200.00999450683594,198.10240173339844,199.8917999267578,3865378
2025-04-22 14:30:00-04:00,199.8800048828125,200.5,198.55999755859375,198.6201934814453,6982874
2025-04-22 15:30:00-04:00,198.625,199.88999938964844,198.0,199.66000366210938,5543168
2025-04-23 09:30:00-04:00,206.0,208.0,204.63009643554688,206.80499267578125,15154970
2025-04-23 10:30:00-04:00,206.80999755859375,207.9499969482422,204.05999755859375,204.6300048828125,7451699
2025-04-23 11:30:00-04:00,204.625,205.41000366210938,202.7989959716797,204.11000061035156,5789475
2025-04-23 12:30:00-04:00,204.13999938964844,205.44000244140625,203.51840209960938,204.9499969482422,3150358
2025-04-23 13:30:00-04:00,205.0,205.64999389648438,204.22000122070312,204.48240661621094,3056243
2025-04-23 14:30:00-04:00,204.47000122070312,205.1699981689453,203.6566925048828,204.00999450683594,3587154
2025-04-23 15:30:00-04:00,204.03089904785156,205.75,203.61000061035156,204.36000061035156,5424069
2025-04-24 09:30:00-04:00,204.88499450683594,206.35000610351562,202.94000244140625,206.32000732421875,8437662
2025-04-24 10:30:00-04:00,206.2899932861328,206.66000366210938,205.2200927734375,205.9250030517578,4262818
2025-04-24 11:30:00-04:00,205.88499450683594,206.75,205.58009338378906,206.2899932861328,4462199
2025-04-24 12:30:00-04:00,206.2899932861328,207.02999877929688,205.82000732421875,206.90499877929688,2541750
2025-04-24 13:30:00-04:00,206.9199981689453,207.7899932861328,206.5500030517578,207.28900146484375,2687289
2025-04-24 14:30:00-04:00,207.3000030517578,208.10000610351562,207.02999877929688,207.09010314941406,3837311
2025-04-24 15:30:00-04:00,207.11000061035156,208.82989501953125,207.08999633789062,208.1999969482422,5785557
2025-04-25 09:30:00-04:00,206.42999267578125,209.24989318847656,206.1999969482422,206.63479614257812,8557840
2025-04-25 10:30:00-04:00,206.63999938964844,207.7628936767578,206.51499938964844,207.10000610351562,3766130
2025-04-25 11:30:00-04:00,207.11000061035156,208.89999389648438,206.66000366210938,208.59129333496094,3799231
2025-04-25 12:30:00-04:00,208.60000610351562,209.41000366210938,208.2899932861328,209.3701934814453,3714961
2025-04-25 13:30:00-04:00,209.38999938964844,209.4149932861328,207.3699951171875,208.50450134277344,3053055
2025-04-25 14:30:00-04:00,208.50999450683594,208.8699951171875,208.13999938964844,208.22000122070312,2357459
2025-04-25 15:30:00-04:00,208.2100067138672,209.42999267578125,207.8699951171875,209.22999572753906,4418187
2025-04-28 09:30:00-04:00,210.05999755859375,211.5,208.74000549316406,208.92999267578125,9371395
2025-04-28 10:30:00-04:00,208.875,209.82000732421875,207.83999633789062,207.9499969482422,4027500
2025-04-28 11:30:00-04:00,207.98590087890625,208.39999389648438,207.4600067138672,207.86000061035156,2434302
2025-04-28 12:30:00-04:00,207.85000610351562,208.72999572753906,207.85000610351562,208.13999938964844,2227932
2025-04-28 13:30:00-04:00,208.13499450683594,210.0500030517578,208.0800018310547,209.8699951171875,3099461
2025-04-28 14:30:00-04:00,209.8699951171875,210.94000244140625,209.7613983154297,210.5399932861328,2610842
2025-04-28 15:30:00-04:00,210.52999877929688,211.4998016357422,210.0399932861328,210.08999633789062,3584738
2025-04-29 09:30:00-04:00,208.6929931640625,212.24000549316406,208.3699951171875,210.9499969482422,9190515
2025-04-29 10:30:00-04:00,210.9600067138672,212.07000732421875,210.6699981689453,211.0399932861328,3218454
2025-04-29 11:30:00-04:00,211.0399932861328,211.32530212402344,210.39999389648438,210.48800659179688,2669695
2025-04-29 12:30:00-04:00,210.49000549316406,210.69000244140625,209.35000610351562,210.36000061035156,2562388
2025-04-29 13:30:00-04:00,210.3699951171875,211.85000610351562,210.22000122070312,211.7227020263672,2467158
2025-04-29 14:30:00-04:00,211.72000122070312,211.96060180664062,211.10009765625,211.3000030517578,2519310
2025-04-29 15:30:00-04:00,211.30999755859375,211.77000427246094,210.9499969482422,211.24000549316406,3222132
2025-04-30 09:30:00-04:00,209.3000030517578,209.72000122070312,206.67050170898438,209.32119750976562,7770541
2025-04-30 10:30:00-04:00,209.34950256347656,210.86000061035156,208.71009826660156,210.5449981689453,3782710
2025-04-30 11:30:00-04:00,210.55999755859375,211.27999877929688,209.9499969482422,210.58999633789062,2740535
2025-04-30 12:30:00-04:00,210.58999633789062,211.36000061035156,209.8000030517578,211.0800018310547,2462208
2025-04-30 13:30:00-04:00,211.07000732421875,212.97000122070312,210.31500244140625,210.71499633789062,3447792
2025-04-30 14:30:00-04:00,210.6999969482422,211.30999755859375,210.27999877929688,210.3446044921875,2871370
2025-04-30 15:30:00-04:00,210.375,213.5399932861328,210.0500030517578,212.49000549316406,7076663
2025-05-01 09:30:00-04:00,209.00999450683594,212.5,208.89999389648438,211.74000549316406,11460361
2025-05-01 10:30:00-04:00,211.75,214.22000122070312,211.31500244140625,212.8966064453125,5794472
2025-05-01 11:30:00-04:00,212.89500427246094,213.1199951171875,211.4149932861328,212.77999877929688,4005190
2025-05-01 12:30:00-04:00,212.77999877929688,212.87759399414062,211.85000610351562,212.50999450683594,4133080
2025-05-01 13:30:00-04:00,212.50999450683594,213.0,212.06500244140625,212.77999877929688,2827555
2025-05-01 14:30:00-04:00,212.7899932861328,213.1999969482422,212.3000030517578,212.94000244140625,3941988
2025-05-01 15:30:00-04:00,212.94000244140625,214.5500030517578,212.47000122070312,212.8300018310547,7135104
2025-05-02 09:30:00-04:00,206.08999633789062,206.8199005126953,202.16000366210938,206.72000122070312,30704404
2025-05-02 10:30:00-04:00,206.72000122070312,206.99000549316406,204.60000610351562,204.9008026123047,9323215
2025-05-02 11:30:00-04:00,204.9199981689453,206.5800018310547,204.860595703125,205.0,8718007
2025-05-02 12:30:00-04:00,205.0,205.88999938964844,204.14999389648438,204.69900512695312,7635353
2025-05-02 13:30:00-04:00,204.6999969482422,205.8300018310547,204.6999969482422,204.8800048828125,7087245
2025-05-02 14:30:00-04:00,204.8699951171875,205.42999267578125,203.66000366210938,204.75999450683594,8882491
2025-05-02 15:30:00-04:00,204.75999450683594,205.5,203.88999938964844,205.3000030517578,9990065
2025-05-05 09:30:00-04:00,203.125,204.10000610351562,198.6199951171875,198.77999877929688,17363317
2025-05-05 10:30:00-04:00,198.78700256347656,199.64999389648438,198.2100067138672,199.19960021972656,8474385
2025-05-05 11:30:00-04:00,199.19000244140625,200.0399932861328,198.66000366210938,199.9739990234375,5978364
2025-05-05 12:30:00-04:00,199.9600067138672,200.63999938964844,199.67010498046875,200.41000366210938,4884446
2025-05-05 13:30:00-04:00,200.41000366210938,201.08999633789062,200.16000366210938,200.9600067138672,3841975
2025-05-05 14:30:00-04:00,200.9499969482422,201.16000366210938,199.39999389648438,199.39999389648438,5400812
2025-05-05 15:30:00-04:00,199.39999389648438,199.5998992919922,198.5196990966797,198.77000427246094,6786984
2025-05-06 09:30:00-04:00,198.125,199.8800048828125,197.02000427246094,198.91000366210938,16561562
2025-05-06 10:30:00-04:00,198.89999389648438,199.1300048828125,197.85000610351562,199.03500366210938,5182787
2025-05-06 11:30:00-04:00,199.03500366210938,200.6490020751953,198.66000366210938,198.97999572753906,4709429
2025-05-06 12:30:00-04:00,198.97500610351562,200.02000427246094,198.9600067138672,199.4250030517578,3055441
2025-05-06 13:30:00-04:00,199.4499969482422,199.82000732421875,198.69000244140625,199.30499267578125,2836848
2025-05-06 14:30:00-04:00,199.2949981689453,199.85000610351562,199.02000427246094,199.70840454101562,3342061
2025-05-06 15:30:00-04:00,199.72999572753906,200.1699981689453,198.3800048828125,198.41000366210938,4603113
2025-05-07 09:30:00-04:00,198.19000244140625,199.44000244140625,197.35000610351562,199.22000122070312,9871911
2025-05-07 10:30:00-04:00,199.2270050048828,199.39999389648438,193.80999755859375,194.35069274902344,11182870
2025-05-07 11:30:00-04:00,194.36000061035156,195.3699951171875,193.25,194.8699951171875,7971845
2025-05-07 12:30:00-04:00,194.85000610351562,195.77999877929688,194.5749969482422,195.3000030517578,4049885
2025-05-07 13:30:00-04:00,195.32000732421875,195.36000061035156,193.3000030517578,194.00999450683594,5113387
2025-05-07 14:30:00-04:00,193.9969940185547,195.7100067138672,193.83140563964844,194.32000732421875,4886414
2025-05-07 15:30:00-04:00,194.33999633789062,197.4698944091797,194.2899932861328,196.25,6299703
2025-05-08 09:30:00-04:00,197.74000549316406,198.1300048828125,194.67959594726562,195.82000732421875,10449699
2025-05-08 10:30:00-04:00,195.8300018310547,197.8300018310547,195.51499938964844,197.5399932861328,5629546
2025-05-08 11:30:00-04:00,197.52999877929688,200.0498046875,197.30999755859375,199.24000549316406,6698875
2025-05-08 12:30:00-04:00,199.23570251464844,199.99000549316406,199.01010131835938,199.13999938964844,3093141
2025-05-08 13:30:00-04:00,199.13999938964844,199.21200561523438,198.08999633789062,198.63999938964844,3307947
2025-05-08 14:30:00-04:00,198.63999938964844,199.68800354003906,198.4499969482422,199.55999755859375,3714346
2025-05-08 15:30:00-04:00,199.57000732421875,199.6199951171875,197.16400146484375,197.39999389648438,5279543
2025-05-09 09:30:00-04:00,199.0050048828125,200.53990173339844,198.1199951171875,198.360107421875,9737491
2025-05-09 10:30:00-04:00,198.38499450683594,199.17999267578125,197.53500366210938,198.42999267578125,4551929
2025-05-09 11:30:00-04:00,198.4199981689453,199.00999450683594,197.92999267578125,198.13499450683594,2891812
2025-05-09 12:30:00-04:00,198.1300048828125,198.4499969482422,197.60000610351562,198.13999938964844,3054224
2025-05-09 13:30:00-04:00,198.14500427246094,199.0998992919922,197.91000366210938,198.91000366210938,2470206
2025-05-09 14:30:00-04:00,198.94000244140625,199.42999267578125,198.7100067138672,198.77999877929688,2945367
2025-05-09 15:30:00-04:00,198.8000030517578,198.92990112304688,198.34010314941406,198.5399932861328,3474290
2025-05-12 09:30:00-04:00,210.97000122070312,211.26649475097656,206.75,209.16000366210938,23789646
2025-05-12 10:30:00-04:00,209.1699981689453,210.22999572753906,208.1199951171875,208.75999450683594,6318334
2025-05-12 11:30:00-04:00,208.77999877929688,208.9864959716797,208.25,208.72999572753906,3944326
2025-05-12 12:30:00-04:00,208.80990600585938,209.99000549316406,208.70919799804688,209.93499755859375,4323467
2025-05-12 13:30:00-04:00,209.94000244140625,210.9600067138672,209.93499755859375,210.77000427246094,4651025
2025-05-12 14:30:00-04:00,210.77999877929688,211.14999389648438,209.9199981689453,210.0500030517578,4909377
2025-05-12 15:30:00-04:00,210.05999755859375,210.85000610351562,209.9600067138672,210.8300018310547,5815190
2025-05-13 09:30:00-04:00,210.42999267578125,211.6656951904297,209.0800018310547,211.4499969482422,15261368
2025-05-13 10:30:00-04:00,211.44500732421875,211.8800048828125,211.0800018310547,211.38499450683594,4791824
2025-05-13 11:30:00-04:00,211.3975067138672,211.61000061035156,210.47999572753906,211.27999877929688,4186585
2025-05-13 12:30:00-04:00,211.27999877929688,211.94000244140625,210.90980529785156,211.7100067138672,3331068
2025-05-13 13:30:00-04:00,211.7100067138672,212.97000122070312,211.70989990234375,212.4600067138672,4232828
2025-05-13 14:30:00-04:00,212.47520446777344,213.39999389648438,212.0399932861328,213.22999572753906,4652431
2025-05-13 15:30:00-04:00,213.19000244140625,213.36000061035156,212.60499572753906,212.83999633789062,4596157
2025-05-14 09:30:00-04:00,212.4250030517578,213.94000244140625,211.8699951171875,213.2899932861328,12096435
2025-05-14 10:30:00-04:00,213.30499267578125,213.71640014648438,211.88980102539062,212.6199951171875,4921349
2025-05-14 11:30:00-04:00,212.6179962158203,212.8800048828125,211.99000549316406,212.2899932861328,3092741
2025-05-14 12:30:00-04:00,212.2949981689453,212.60000610351562,210.58009338378906,210.9600067138672,4235129
2025-05-14 13:30:00-04:00,210.97000122070312,211.94520568847656,210.9600067138672,211.3699951171875,3051755
2025-05-14 14:30:00-04:00,211.3800048828125,212.0500030517578,210.99000549316406,211.3594970703125,3801274
2025-05-14 15:30:00-04:00,211.33999633789062,212.60000610351562,211.24000549316406,212.41000366210938,6352084
2025-05-15 09:30:00-04:00,210.9949951171875,212.52999877929688,209.5399932861328,210.27499389648438,9925447
2025-05-15 10:30:00-04:00,210.32000732421875,212.8000030517578,210.19000244140625,212.49639892578125,5111525
2025-05-15 11:30:00-04:00,212.5,212.9600067138672,211.41009521484375,211.64169311523438,4296380
2025-05-15 12:30:00-04:00,211.6300048828125,212.27999877929688,211.2100067138672,212.12010192871094,2927204
2025-05-15 13:30:00-04:00,212.1300048828125,212.1300048828125,210.25999450683594,210.6300048828125,3649292
2025-05-15 14:30:00-04:00,210.6300048828125,211.2100067138672,210.3249969482422,210.36000061035156,3629914
2025-05-15 15:30:00-04:00,210.35000610351562,211.4600067138672,210.14999389648438,211.45799255371094,5877104
2025-05-16 09:30:00-04:00,212.32000732421875,212.57000732421875,210.55999755859375,210.60000610351562,15838181
2025-05-16 10:30:00-04:00,210.58999633789062,210.66000366210938,209.77000427246094,210.0800018310547,6777501
2025-05-16 11:30:00-04:00,210.08999633789062,211.14990234375,210.08999633789062,210.9550018310547,3654109
2025-05-16 12:30:00-04:00,210.9600067138672,211.4199981689453,210.6999969482422,211.11000061035156,3241029
2025-05-16 13:30:00-04:00,211.11000061035156,211.74000549316406,210.72999572753906,211.6199951171875,3898429
2025-05-16 14:30:00-04:00,211.6300048828125,211.92999267578125,211.42999267578125,211.72500610351562,3274956
2025-05-16 15:30:00-04:00,211.7100067138672,211.72999572753906,211.11000061035156,211.19000244140625,3920156
2025-05-19 09:30:00-04:00,208.02499389648438,208.27000427246094,204.25999450683594,206.61990356445312,15175611
2025-05-19 10:30:00-04:00,206.61000061035156,208.0399932861328,206.24000549316406,207.3300018310547,5318353
2025-05-19 11:30:00-04:00,207.32000732421875,208.5800018310547,207.27999877929688,208.48260498046875,3033717
2025-05-19 12:30:00-04:00,208.49000549316406,209.47999572753906,208.07000732421875,208.92999267578125,3363890
2025-05-19 13:30:00-04:00,208.92999267578125,209.1999969482422,207.77999877929688,208.02999877929688,3106651
2025-05-19 14:30:00-04:00,208.0500030517578,208.8000030517578,207.9600067138672,208.1273956298828,2702881
2025-05-19 15:30:00-04:00,208.1199951171875,208.92999267578125,208.10000610351562,208.75999450683594,4045825
2025-05-20 09:30:00-04:00,208.0449981689453,208.1436004638672,206.47000122070312,207.84500122070312,9911111
2025-05-20 10:30:00-04:00,207.8300018310547,208.47000122070312,207.22000122070312,207.63429260253906,3762244
2025-05-20 11:30:00-04:00,207.64999389648438,208.42999267578125,207.0500030517578,207.80999755859375,4102805
2025-05-20 12:30:00-04:00,207.80999755859375,208.01539611816406,207.11000061035156,207.3800048828125,2803301
2025-05-20 13:30:00-04:00,207.3699951171875,207.40499877929688,205.47000122070312,205.58999633789062,4199913
2025-05-20 14:30:00-04:00,205.5800018310547,206.41000366210938,205.02999877929688,206.27000427246094,4844502
2025-05-20 15:30:00-04:00,206.27000427246094,206.94000244140625,205.92999267578125,206.8699951171875,3731510
2025-05-21 09:30:00-04:00,205.1199951171875,206.7799072265625,204.05999755859375,205.80999755859375,8941675
2025-05-21 10:30:00-04:00,205.85000610351562,207.0399932861328,205.4761962890625,206.5800018310547,4273571
2025-05-21 11:30:00-04:00,206.57000732421875,206.8699951171875,205.5200958251953,205.63999938964844,3570453
2025-05-21 12:30:00-04:00,205.64999389648438,206.08999633789062,202.02000427246094,202.10000610351562,12405386
2025-05-21 13:30:00-04:00,202.08999633789062,203.34500122070312,201.75999450683594,202.3415069580078,7684596
2025-05-21 14:30:00-04:00,202.32000732421875,202.61000061035156,200.72000122070312,201.0301055908203,7028968
2025-05-21 15:30:00-04:00,201.05999755859375,202.49000549316406,201.0500030517578,202.05999755859375,6085411
2025-05-22 09:30:00-04:00,200.71499633789062,201.63999938964844,199.6999969482422,200.36000061035156,13339867
2025-05-22 10:30:00-04:00,200.3699951171875,201.36000061035156,200.35360717773438,200.9499969482422,5239551
2025-05-22 11:30:00-04:00,200.9499969482422,202.40989685058594,200.86000061035156,201.9499969482422,4473843
2025-05-22 12:30:00-04:00,201.94500732421875,202.0699005126953,201.16000366210938,201.88999938964844,3223269
2025-05-22 13:30:00-04:00,201.8800048828125,202.22000122070312,201.6699981689453,201.97000122070312,3552562
2025-05-22 14:30:00-04:00,201.9600067138672,202.72000122070312,201.64999389648438,202.61000061035156,5071372
2025-05-22 15:30:00-04:00,202.6199951171875,202.64999389648438,201.0,201.3699951171875,5705738
2025-05-23 09:30:00-04:00,193.6649932861328,197.6999969482422,193.4600067138672,197.1699981689453,27970489
2025-05-23 10:30:00-04:00,197.14999389648438,197.3699951171875,195.69000244140625,196.5850067138672,7789566
2025-05-23 11:30:00-04:00,196.58999633789062,197.1199951171875,195.71499633789062,196.05020141601562,6693085
2025-05-23 12:30:00-04:00,196.05079650878906,196.67239379882812,195.63499450683594,196.6199951171875,6093930
2025-05-23 13:30:00-04:00,196.60000610351562,196.60000610351562,195.08999633789062,195.75,7300789
2025-05-23 14:30:00-04:00,195.72000122070312,195.89999389648438,195.02999877929688,195.46240234375,6291505
2025-05-23 15:30:00-04:00,195.4600067138672,195.97000122070312,195.02999877929688,195.33999633789062,8128777
2025-05-27 09:30:00-04:00,198.3000030517578,199.1699981689453,197.42999267578125,198.35000610351562,13343197
2025-05-27 10:30:00-04:00,198.36000061035156,199.3699951171875,198.00999450683594,199.36500549316406,6877187
2025-05-27 11:30:00-04:00,199.36000061035156,200.5800018310547,199.0,199.9949951171875,6493372
2025-05-27 12:30:00-04:00,199.99000549316406,200.64999389648438,199.6699981689453,199.95989990234375,4788957
2025-05-27 13:30:00-04:00,199.9550018310547,200.74000549316406,199.80999755859375,200.3699951171875,4199118
2025-05-27 14:30:00-04:00,200.3800048828125,200.5500030517578,200.19000244140625,200.29440307617188,4344607
2025-05-27 15:30:00-04:00,200.3000030517578,200.47000122070312,199.92999267578125,200.1999969482422,6028688
2025-05-28 09:30:00-04:00,200.67999267578125,202.72999572753906,199.89999389648438,200.75,11384135
2025-05-28 10:30:00-04:00,200.74000549316406,201.30999755859375,200.2100067138672,201.0449981689453,4989502
2025-05-28 11:30:00-04:00,201.0500030517578,201.2899932861328,200.86199951171875,201.10000610351562,2681810
2025-05-28 12:30:00-04:00,201.08999633789062,201.52000427246094,200.8249969482422,201.11000061035156,2692955
2025-05-28 13:30:00-04:00,201.1199951171875,201.25,200.72999572753906,200.85000610351562,2564636
2025-05-28 14:30:00-04:00,200.83999633789062,201.52110290527344,200.32000732421875,201.12860107421875,3702217
2025-05-28 15:30:00-04:00,201.08999633789062,201.39500427246094,200.19500732421875,200.4199981689453,4638874
2025-05-29 09:30:00-04:00,203.27000427246094,203.77999877929688,200.75999450683594,201.13999938964844,13269413
2025-05-29 10:30:00-04:00,201.11000061035156,201.64999389648438,200.5500030517578,200.74000549316406,4965675
2025-05-29 11:30:00-04:00,200.74000549316406,200.8000030517578,198.50999450683594,199.4199981689453,6137020
2025-05-29 12:30:00-04:00,199.39999389648438,200.44960021972656,199.39999389648438,199.97500610351562,3935142
2025-05-29 13:30:00-04:00,199.9600067138672,200.1699981689453,199.0399932861328,199.0399932861328,3863280
2025-05-29 14:30:00-04:00,199.0399932861328,199.57000732421875,198.57000732421875,199.13929748535156,4850814
2025-05-29 15:30:00-04:00,199.125,200.2480010986328,199.0800018310547,199.9499969482422,5888522
2025-05-30 09:30:00-04:00,199.40499877929688,199.57000732421875,197.97000122070312,199.24000549316406,8945068
2025-05-30 10:30:00-04:00,199.22999572753906,199.48500061035156,198.80999755859375,199.30999755859375,3302545
2025-05-30 11:30:00-04:00,199.3000030517578,199.3699951171875,197.55039978027344,197.71499633789062,3638495
2025-05-30 12:30:00-04:00,197.72000122070312,198.1699981689453,196.77999877929688,198.0850067138672,5105841
2025-05-30 13:30:00-04:00,198.0800018310547,199.17999267578125,197.9499969482422,199.1199951171875,3188808
2025-05-30 14:30:00-04:00,199.1199951171875,200.22999572753906,198.9199981689453,200.05059814453125,4653738
2025-05-30 15:30:00-04:00,200.07000732421875,201.9499969482422,199.74009704589844,200.66000366210938,12325548
2025-06-02 09:30:00-04:00,201.625,202.1300048828125,200.1199951171875,200.52999877929688,8866907
2025-06-02 10:30:00-04:00,200.52000427246094,201.99000549316406,200.35000610351562,200.7100067138672,4886322
2025-06-02 11:30:00-04:00,200.72000122070312,201.1186981201172,200.3000030517578,201.02999877929688,3147865
2025-06-02 12:30:00-04:00,201.02999877929688,201.16799926757812,200.57000732421875,200.860107421875,2227466
2025-06-02 13:30:00-04:00,200.86000061035156,201.52999877929688,200.58009338378906,201.45399475097656,2804759
2025-06-02 14:30:00-04:00,201.4499969482422,201.7799072265625,201.13999938964844,201.66000366210938,2805599
2025-06-02 15:30:00-04:00,201.64999389648438,201.80990600585938,201.3000030517578,201.8000030517578,3972829
2025-06-03 09:30:00-04:00,202.13499450683594,203.24000549316406,200.9550018310547,201.74000549316406,10305758
2025-06-03 10:30:00-04:00,201.74000549316406,202.69000244140625,201.52020263671875,202.5,4748287
2025-06-03 11:30:00-04:00,202.52000427246094,203.33999633789062,202.05999755859375,203.05499267578125,4217975
2025-06-03 12:30:00-04:00,203.05999755859375,203.74000549316406,202.72000122070312,203.31460571289062,3820571
2025-06-03 13:30:00-04:00,203.3350067138672,203.77000427246094,202.5,203.09170532226562,3339508
2025-06-03 14:30:00-04:00,203.0800018310547,203.4398956298828,202.99000549316406,203.17999267578125,2991230
2025-06-03 15:30:00-04:00,203.17999267578125,203.4698944091797,202.97999572753906,203.33999633789062,4035108
2025-06-04 09:30:00-04:00,203.4499969482422,206.24000549316406,202.6508026123047,205.13999938964844,12614073
2025-06-04 10:30:00-04:00,205.1199951171875,205.17999267578125,203.99009704589844,204.08999633789062,4439145
2025-06-04 11:30:00-04:00,204.08999633789062,204.60000610351562,202.14999389648438,202.8300018310547,7130175
2025-06-04 12:30:00-04:00,202.82000732421875,203.58999633789062,202.61500549316406,203.4149932861328,2639222
2025-06-04 13:30:00-04:00,203.41200256347656,203.47000122070312,202.85000610351562,203.1199951171875,2609590
2025-06-04 14:30:00-04:00,203.11000061035156,203.25,202.75999450683594,203.19000244140625,3114173
2025-06-04 15:30:00-04:00,203.19000244140625,203.44769287109375,202.75999450683594,202.88699340820312,3543324
2025-06-05 09:30:00-04:00,203.59500122070312,203.83999633789062,201.27000427246094,202.4499969482422,9756368
2025-06-05 10:30:00-04:00,202.4499969482422,204.58999633789062,201.6772003173828,204.54379272460938,6631520
2025-06-05 11:30:00-04:00,204.53500366210938,204.75,202.47999572753906,203.13999938964844,4785035
2025-06-05 12:30:00-04:00,203.13999938964844,203.25,201.5500030517578,202.60009765625,3948935
2025-06-05 13:30:00-04:00,202.60000610351562,202.89999389648438,201.14999389648438,202.2104034423828,3145886
2025-06-05 14:30:00-04:00,202.2100067138672,202.72000122070312,200.1999969482422,200.72999572753906,4825395
2025-06-05 15:30:00-04:00,200.74000549316406,201.77000427246094,200.15960693359375,200.5500030517578,6191418
2025-06-06 09:30:00-04:00,202.9949951171875,205.6999969482422,202.98309326171875,203.66000366210938,11106322
2025-06-06 10:30:00-04:00,203.5399932861328,204.05999755859375,202.860107421875,203.0399932861328,5013154
2025-06-06 11:30:00-04:00,203.02000427246094,203.60000610351562,202.61000061035156,202.625,3205114
2025-06-06 12:30:00-04:00,202.66220092773438,203.77999877929688,202.0500030517578,203.58999633789062,4406812
2025-06-06 13:30:00-04:00,203.60000610351562,205.2100067138672,203.58999633789062,204.98500061035156,4157003
2025-06-06 14:30:00-04:00,204.99000549316406,205.47000122070312,204.68499755859375,204.6999969482422,4253859
2025-06-06 15:30:00-04:00,204.69000244140625,205.22000122070312,203.89500427246094,203.92999267578125,5842274
2025-06-09 09:30:00-04:00,204.39999389648438,206.0,203.97999572753906,205.32000732421875,10204602
2025-06-09 10:30:00-04:00,205.3000030517578,205.74000549316406,204.50999450683594,204.52999877929688,4646532
2025-06-09 11:30:00-04:00,204.5301055908203,204.91000366210938,203.72999572753906,203.92880249023438,4660532
2025-06-09 12:30:00-04:00,203.92999267578125,205.29989624023438,200.02000427246094,200.72000122070312,14949524
2025-06-09 13:30:00-04:00,200.7100067138672,202.66769409179688,200.02999877929688,201.4600067138672,13053525
2025-06-09 14:30:00-04:00,201.42999267578125,201.6999969482422,200.6300048828125,201.25,8620350
2025-06-09 15:30:00-04:00,201.2100067138672,202.35499572753906,200.88999938964844,201.44000244140625,7398849
2025-06-10 09:30:00-04:00,200.60000610351562,203.35690307617188,200.57000732421875,202.8699951171875,13200692
2025-06-10 10:30:00-04:00,202.86000061035156,204.35000610351562,202.72999572753906,203.31500244140625,6624997
2025-06-10 11:30:00-04:00,203.32000732421875,203.32000732421875,202.3000946044922,202.53880310058594,4294134
2025-06-10 12:30:00-04:00,202.52999877929688,202.76300048828125,201.75,201.75999450683594,4163222
2025-06-10 13:30:00-04:00,201.77499389648438,202.10000610351562,201.30999755859375,201.6999969482422,5126577
2025-06-10 14:30:00-04:00,201.69000244140625,203.22500610351562,201.60000610351562,202.82000732421875,4955808
2025-06-10 15:30:00-04:00,202.82110595703125,202.97500610351562,202.3300018310547,202.75,4081286
2025-06-11 09:30:00-04:00,203.47000122070312,204.5,202.3300018310547,202.76010131835938,10386969
2025-06-11 10:30:00-04:00,202.75999450683594,202.77000427246094,200.91000366210938,200.94000244140625,7233304
2025-06-11 11:30:00-04:00,200.89500427246094,201.1699981689453,199.65960693359375,200.2071075439453,10232286
2025-06-11 12:30:00-04:00,200.19070434570312,201.2364959716797,200.18499755859375,200.91000366210938,5829259
2025-06-11 13:30:00-04:00,200.90499877929688,200.98500061035156,198.7100067138672,199.23919677734375,6328313
2025-06-11 14:30:00-04:00,199.22000122070312,199.60000610351562,198.6199951171875,198.97999572753906,6509313
2025-06-11 15:30:00-04:00,198.9499969482422,199.125,198.41000366210938,198.85000610351562,6085149
2025-06-12 09:30:00-04:00,199.0800018310547,199.38999938964844,197.360107421875,198.0666961669922,10588317
2025-06-12 10:30:00-04:00,198.0800018310547,198.9250030517578,197.86270141601562,198.14999389648438,5324558
2025-06-12 11:30:00-04:00,198.13369750976562,198.63999938964844,197.7550048828125,198.58999633789062,3767271
2025-06-12 12:30:00-04:00,198.5800018310547,199.44000244140625,198.2100067138672,199.25999450683594,4180542
2025-06-12 13:30:00-04:00,199.25999450683594,199.67990112304688,198.6696014404297,198.75,3327745
2025-06-12 14:30:00-04:00,198.75999450683594,199.0500030517578,198.5449981689453,198.88499450683594,3064478
2025-06-12 15:30:00-04:00,198.8800048828125,199.1999969482422,198.39999389648438,199.1999969482422,3810648
2025-06-13 09:30:00-04:00,199.50999450683594,200.3699951171875,195.91000366210938,196.15499877929688,14838318
2025-06-13 10:30:00-04:00,196.13999938964844,197.63999938964844,195.97999572753906,197.50999450683594,5870070
2025-06-13 11:30:00-04:00,197.52000427246094,198.04750061035156,197.2100067138672,197.27000427246094,4078021
2025-06-13 12:30:00-04:00,197.2899932861328,197.57000732421875,196.9199981689453,197.27000427246094,3611125
2025-06-13 13:30:00-04:00,197.25,197.7100067138672,196.22000122070312,196.2779998779297,4012087
2025-06-13 14:30:00-04:00,196.25999450683594,196.63999938964844,195.80999755859375,196.22000122070312,5166232
2025-06-13 15:30:00-04:00,196.24000549316406,196.69000244140625,195.77000427246094,196.4499969482422,5657582
2025-06-16 09:30:00-04:00,197.2899932861328,198.68499755859375,196.5635986328125,198.42999267578125,10592906
2025-06-16 10:30:00-04:00,198.43499755859375,198.66000366210938,197.1649932861328,197.31500244140625,5091014
2025-06-16 11:30:00-04:00,197.30999755859375,197.6300048828125,196.875,197.0800018310547,4269679
2025-06-16 12:30:00-04:00,197.10000610351562,197.9550018310547,197.02000427246094,197.875,2678380
2025-06-16 13:30:00-04:00,197.88499450683594,198.19000244140625,197.77000427246094,197.9886932373047,3200825
2025-06-16 14:30:00-04:00,197.99000549316406,198.39999389648438,197.66000366210938,198.2449951171875,3569146
2025-06-16 15:30:00-04:00,198.2449951171875,198.49000549316406,197.92999267578125,198.3699951171875,4718967
2025-06-17 09:30:00-04:00,197.25,197.92999267578125,196.2550048828125,197.5800018310547,7902396
2025-06-17 10:30:00-04:00,197.58299255371094,197.7899932861328,197.3249969482422,197.5800018310547,3367583
2025-06-17 11:30:00-04:00,197.58999633789062,198.38890075683594,197.4600067138672,197.61500549316406,3514424
2025-06-17 12:30:00-04:00,197.61000061035156,197.845703125,196.46499633789062,196.52000427246094,4473741
2025-06-17 13:30:00-04:00,196.50999450683594,196.82000732421875,195.2100067138672,195.4600067138672,4011630
2025-06-17 14:30:00-04:00,195.47999572753906,195.94000244140625,195.42030334472656,195.83999633789062,3616427
2025-06-17 15:30:00-04:00,195.85000610351562,195.88499450683594,195.4409942626953,195.63999938964844,4321581
2025-06-18 09:30:00-04:00,195.9199981689453,197.50999450683594,195.07000732421875,197.06019592285156,8663131
2025-06-18 10:30:00-04:00,197.11000061035156,197.57000732421875,196.63499450683594,196.94000244140625,3977500
2025-06-18 11:30:00-04:00,196.85000610351562,197.22999572753906,196.50030517578125,196.9508056640625,2676891
2025-06-18 12:30:00-04:00,196.94000244140625,197.02000427246094,196.0500030517578,196.05999755859375,2527979
2025-06-18 13:30:00-04:00,196.07000732421875,196.97999572753906,195.6300048828125,195.91000366210938,3683814
2025-06-18 14:30:00-04:00,195.9199981689453,196.4499969482422,195.11000061035156,195.63999938964844,5009904
2025-06-18 15:30:00-04:00,195.6300048828125,197.11000061035156,195.46600341796875,196.25,7662210
2025-06-20 09:30:00-04:00,198.23500061035156,200.94000244140625,197.52999877929688,198.67999267578125,26036367
2025-06-20 10:30:00-04:00,198.69000244140625,198.69000244140625,196.85960388183594,197.6699981689453,6560590
2025-06-20 11:30:00-04:00,197.7100067138672,198.86000061035156,197.6999969482422,198.49000549316406,4287672
2025-06-20 12:30:00-04:00,198.49000549316406,199.3699951171875,198.27000427246094,198.32000732421875,4286863
2025-06-20 13:30:00-04:00,198.32000732421875,200.19000244140625,198.07000732421875,199.80999755859375,5317209
2025-06-20 14:30:00-04:00,199.82000732421875,200.33670043945312,199.60009765625,199.92999267578125,7927637
2025-06-20 15:30:00-04:00,199.9199981689453,201.6999969482422,199.77000427246094,200.94000244140625,10755124
2025-06-23 09:30:00-04:00,201.53199768066406,202.3000030517578,199.94000244140625,201.37179565429688,12829209
2025-06-23 10:30:00-04:00,201.3800048828125,201.58999633789062,200.22500610351562,200.52999877929688,5321162
2025-06-23 11:30:00-04:00,200.3300018310547,200.52000427246094,199.50999450683594,200.1396026611328,4993482
2025-06-23 12:30:00-04:00,200.13999938964844,201.52000427246094,198.9600067138672,201.43899536132812,4894801
2025-06-23 13:30:00-04:00,201.4600067138672,202.24000549316406,201.0800018310547,201.69000244140625,6635454
2025-06-23 14:30:00-04:00,201.6699981689453,201.8968048095703,201.0507049560547,201.36019897460938,4184558
2025-06-23 15:30:00-04:00,201.35000610351562,201.83999633789062,201.13499450683594,201.5500030517578,3965279
2025-06-24 09:30:00-04:00,201.60000610351562,202.6699981689453,200.1999969482422,200.9822998046875,12508328
2025-06-24 10:30:00-04:00,200.99000549316406,201.5800018310547,200.7404022216797,201.3800048828125,4685578
2025-06-24 11:30:00-04:00,201.4600067138672,202.56500244140625,201.24000549316406,202.4499969482422,4724128
2025-06-24 12:30:00-04:00,202.45150756835938,203.44000244140625,201.94000244140625,201.9600067138672,6930517
2025-06-24 13:30:00-04:00,201.9600067138672,202.3300018310547,201.30999755859375,201.57000732421875,4599071
2025-06-24 14:30:00-04:00,201.5800018310547,202.01499938964844,201.30499267578125,201.52999877929688,5015277
2025-06-24 15:30:00-04:00,201.53500366210938,201.5998992919922,200.27000427246094,200.2899932861328,7488205
2025-06-25 09:30:00-04:00,201.4199981689453,203.66000366210938,201.1999969482422,202.44000244140625,10894360
2025-06-25 10:30:00-04:00,202.44000244140625,203.1750030517578,201.99000549316406,202.10000610351562,5914874
2025-06-25 11:30:00-04:00,202.10499572753906,202.1699981689453,201.39999389648438,201.8699951171875,3571019
2025-06-25 12:30:00-04:00,201.8800048828125,202.17970275878906,201.08999633789062,201.13999938964844,2830902
2025-06-25 13:30:00-04:00,201.13999938964844,201.27999877929688,200.62010192871094,201.01539611816406,3158873
2025-06-25 14:30:00-04:00,201.02000427246094,201.5,200.9499969482422,201.15980529785156,3073812
2025-06-25 15:30:00-04:00,201.13999938964844,201.6199951171875,200.88499450683594,201.60000610351562,4058748
2025-06-26 09:30:00-04:00,202.35000610351562,202.61500549316406,199.64999389648438,199.75,11861101
2025-06-26 10:30:00-04:00,199.74000549316406,200.50999450683594,199.6199951171875,199.69000244140625,6026822
2025-06-26 11:30:00-04:00,199.7100067138672,200.7899932861328,199.4600067138672,200.122802734375,4778323
2025-06-26 12:30:00-04:00,200.13780212402344,200.27000427246094,199.63499450683594,200.24000549316406,4568502
2025-06-26 13:30:00-04:00,200.25,201.36000061035156,199.97500610351562,200.97999572753906,5027751
2025-06-26 14:30:00-04:00,200.99000549316406,201.17869567871094,200.75,201.1750030517578,3971689
2025-06-26 15:30:00-04:00,201.17520141601562,201.55999755859375,200.7899932861328,200.94000244140625,5945620
2025-06-27 09:30:00-04:00,201.89500427246094,203.22000122070312,201.25999450683594,201.58009338378906,11392916
2025-06-27 10:30:00-04:00,201.58999633789062,201.9501953125,200.85499572753906,201.38180541992188,6069609
2025-06-27 11:30:00-04:00,201.39999389648438,202.0500030517578,201.38999938964844,201.99000549316406,4142671
2025-06-27 12:30:00-04:00,201.99000549316406,202.6999969482422,201.72999572753906,202.0800018310547,4499910
2025-06-27 13:30:00-04:00,202.0800018310547,202.11000061035156,200.92999267578125,201.44000244140625,5147746
2025-06-27 14:30:00-04:00,201.4499969482422,201.52000427246094,200.7899932861328,201.125,5338193
2025-06-27 15:30:00-04:00,201.1300048828125,201.27000427246094,200.22000122070312,201.10000610351562,6326536
2025-06-30 09:30:00-04:00,202.00999450683594,202.19000244140625,200.35240173339844,201.00990295410156,9942898
2025-06-30 10:30:00-04:00,201.0050048828125,201.32000732421875,199.59010314941406,199.97000122070312,7348749
2025-06-30 11:30:00-04:00,199.98919677734375,200.4199981689453,199.8000030517578,200.3249969482422,4709275
2025-06-30 12:30:00-04:00,200.30999755859375,200.47999572753906,199.84500122070312,200.15499877929688,4227066
2025-06-30 13:30:00-04:00,200.15499877929688,200.8300018310547,199.89999389648438,200.69500732421875,3674697
2025-06-30 14:30:00-04:00,200.69509887695312,207.08999633789062,199.2606964111328,206.58560180664062,26910135
2025-06-30 15:30:00-04:00,206.5500030517578,207.38999938964844,205.0500030517578,205.1199951171875,13956446
2025-07-01 09:30:00-04:00,206.6649932861328,209.8300018310547,206.14010620117188,209.54010009765625,26727051
2025-07-01 10:30:00-04:00,209.5500946044922,210.18649291992188,207.47000122070312,207.9499969482422,15475523
2025-07-01 11:30:00-04:00,207.9600067138672,208.18499755859375,206.7899932861328,207.875,7412772
2025-07-01 12:30:00-04:00,207.8699951171875,208.52999877929688,207.10000610351562,208.1103057861328,6007346
2025-07-01 13:30:00-04:00,208.1199951171875,208.4199981689453,207.61000061035156,208.2100067138672,4747947
2025-07-01 14:30:00-04:00,208.2100067138672,208.42990112304688,207.375,208.19000244140625,5033918
2025-07-01 15:30:00-04:00,208.18499755859375,208.22999572753906,207.51499938964844,207.86000061035156,5286012
2025-07-02 09:30:00-04:00,209.0800018310547,213.33999633789062,208.2760009765625,212.3000030517578,24809075
2025-07-02 10:30:00-04:00,212.27999877929688,212.85000610351562,211.4199981689453,211.47500610351562,8338925
2025-07-02 11:30:00-04:00,211.49000549316406,212.00999450683594,210.86000061035156,210.92030334472656,6059046
2025-07-02 12:30:00-04:00,210.9199981689453,211.3300018310547,210.22000122070312,210.81809997558594,5032781
2025-07-02 13:30:00-04:00,210.80999755859375,211.77000427246094,210.74000549316406,211.58999633789062,3704293
2025-07-02 14:30:00-04:00,211.5749969482422,212.9600067138672,211.3699951171875,211.88999938964844,7090087
2025-07-02 15:30:00-04:00,212.0500030517578,212.75,211.9499969482422,212.41000366210938,6193408
2025-07-03 09:30:00-04:00,212.14500427246094,213.85989379882812,211.8101043701172,213.73500061035156,11914855
2025-07-03 10:30:00-04:00,213.74000549316406,214.4600067138672,213.0399932861328,213.8800048828125,8989319
2025-07-03 11:30:00-04:00,213.889892578125,214.64999389648438,213.6699981689453,214.10000610351562,5268462
2025-07-07 09:30:00-04:00,212.67999267578125,216.22999572753906,211.80999755859375,212.36000061035156,13506133
2025-07-07 10:30:00-04:00,212.3699951171875,212.60000610351562,211.60000610351562,212.0399932861328,4497654
2025-07-07 11:30:00-04:00,212.1199951171875,212.1999969482422,210.3800048828125,210.8365020751953,4843940
2025-07-07 12:30:00-04:00,210.83900451660156,211.16990661621094,209.52000427246094,209.67039489746094,5039814
2025-07-07 13:30:00-04:00,209.6699981689453,210.5,208.91000366210938,208.94039916992188,4210639
2025-07-07 14:30:00-04:00,208.94000244140625,210.07000732421875,208.8000030517578,209.4499969482422,4388321
2025-07-07 15:30:00-04:00,209.4600067138672,210.25,209.19000244140625,209.94000244140625,4768433
2025-07-08 09:30:00-04:00,210.1300048828125,210.49000549316406,208.4499969482422,209.27999877929688,9381795
2025-07-08 10:30:00-04:00,209.28500366210938,211.42999267578125,209.25999450683594,209.87069702148438,5854284
2025-07-08 11:30:00-04:00,209.8800048828125,211.18499755859375,209.77999877929688,210.8300018310547,3759768
2025-07-08 12:30:00-04:00,210.83999633789062,210.88999938964844,209.5,209.8350067138672,3725509
2025-07-08 13:30:00-04:00,209.83999633789062,210.25999450683594,209.32000732421875,209.94500732421875,2881574
2025-07-08 14:30:00-04:00,209.9499969482422,210.0449981689453,209.40499877929688,209.60499572753906,2636682
2025-07-08 15:30:00-04:00,209.58999633789062,210.33999633789062,209.3000030517578,210.03500366210938,5121140
2025-07-09 09:30:00-04:00,209.52999877929688,210.89999389648438,209.35000610351562,209.91000366210938,8992949
2025-07-09 10:30:00-04:00,209.88999938964844,209.89999389648438,207.22000122070312,207.80499267578125,8309318
2025-07-09 11:30:00-04:00,207.80999755859375,208.22000122070312,207.26589965820312,207.8000030517578,4676493
2025-07-09 12:30:00-04:00,207.81039428710938,209.0449981689453,207.57139587402344,208.9156036376953,3964765
2025-07-09 13:30:00-04:00,208.9149932861328,209.97999572753906,208.72000122070312,209.7324981689453,4016622
2025-07-09 14:30:00-04:00,209.7449951171875,210.19000244140625,209.6199951171875,209.88999938964844,3710492
2025-07-09 15:30:00-04:00,209.8800048828125,211.3300018310547,209.72999572753906,211.11000061035156,6191235
2025-07-10 09:30:00-04:00,210.5050048828125,212.29989624023438,210.1199951171875,212.00999450683594,9591288
2025-07-10 10:30:00-04:00,212.02999877929688,213.47999572753906,211.89999389648438,212.97999572753906,8759012
2025-07-10 11:30:00-04:00,212.99000549316406,213.17999267578125,211.8300018310547,212.0800018310547,4598153
2025-07-10 12:30:00-04:00,212.07000732421875,212.77999877929688,211.85000610351562,212.6199951171875,3384939
2025-07-10 13:30:00-04:00,212.61000061035156,213.16000366210938,212.30999755859375,212.60000610351562,3025386
2025-07-10 14:30:00-04:00,212.5948944091797,213.4499969482422,212.57000732421875,212.5749969482422,3341074
2025-07-10 15:30:00-04:00,212.5800018310547,213.02000427246094,212.08999633789062,212.4199981689453,4470431
2025-07-11 09:30:00-04:00,210.56500244140625,212.1300048828125,209.86000061035156,211.7899932861328,8592173
2025-07-11 10:30:00-04:00,211.7899932861328,211.7899932861328,210.47999572753906,210.8249969482422,4031708
2025-07-11 11:30:00-04:00,210.8300018310547,211.2100067138672,210.46499633789062,210.63499450683594,3418923
2025-07-11 12:30:00-04:00,210.6199951171875,211.2899932861328,210.4499969482422,211.1649932861328,2805663
2025-07-11 13:30:00-04:00,211.15499877929688,211.65980529785156,210.97999572753906,211.40499877929688,2380669
2025-07-11 14:30:00-04:00,211.41000366210938,211.51699829101562,210.6199951171875,211.16000366210938,2371782
2025-07-11 15:30:00-04:00,211.1300048828125,211.39999389648438,211.029296875,211.0749969482422,4157903
2025-07-14 09:30:00-04:00,209.90899658203125,210.91000366210938,207.5399932861328,208.02999877929688,11410322
2025-07-14 10:30:00-04:00,208.02999877929688,208.89169311523438,207.8249969482422,208.76499938964844,4099030
2025-07-14 11:30:00-04:00,208.77000427246094,209.17999267578125,208.55999755859375,208.8406982421875,3442253
2025-07-14 12:30:00-04:00,208.85000610351562,209.3300018310547,208.76019287109375,209.0,2496708
2025-07-14 13:30:00-04:00,209.0133056640625,209.4499969482422,208.96080017089844,209.0,2387557
2025-07-14 14:30:00-04:00,209.0,209.4073028564453,208.87010192871094,209.1999053955078,3211653
2025-07-14 15:30:00-04:00,209.1699981689453,209.19000244140625,208.52000427246094,208.5399932861328,4180894
2025-07-15 09:30:00-04:00,209.14999389648438,211.1300048828125,208.9199981689453,210.1699981689453,9804649
2025-07-15 10:30:00-04:00,210.13999938964844,211.42999267578125,209.19769287109375,211.42999267578125,5300718
2025-07-15 11:30:00-04:00,211.42999267578125,211.88999938964844,210.36000061035156,210.67999267578125,4617922
2025-07-15 12:30:00-04:00,210.69500732421875,211.07000732421875,210.3800048828125,210.67269897460938,2111068
2025-07-15 13:30:00-04:00,210.68499755859375,211.6699981689453,210.66000366210938,211.375,2756121
2025-07-15 14:30:00-04:00,211.38890075683594,211.47999572753906,209.9600067138672,210.17999267578125,3943223
2025-07-15 15:30:00-04:00,210.2030029296875,210.2899932861328,208.99000549316406,209.00999450683594,3872873
2025-07-16 09:30:00-04:00,210.2899932861328,212.39999389648438,209.91050720214844,212.0850067138672,11863740
2025-07-16 10:30:00-04:00,212.11000061035156,212.1844940185547,209.2899932861328,210.1199951171875,6716190
2025-07-16 11:30:00-04:00,210.1488037109375,210.5,208.63999938964844,209.58999633789062,5283557
2025-07-16 12:30:00-04:00,209.60000610351562,210.947998046875,209.3699951171875,210.35000610351562,2958239
2025-07-16 13:30:00-04:00,210.33999633789062,210.63189697265625,209.87100219726562,210.0384979248047,2325549
2025-07-16 14:30:00-04:00,210.0399932861328,210.58509826660156,210.0399932861328,210.3249969482422,2064165
2025-07-16 15:30:00-04:00,210.32000732421875,210.6365966796875,209.97000122070312,210.22000122070312,4310071
2025-07-17 09:30:00-04:00,210.625,211.00999450683594,209.58999633789062,209.9499969482422,9963627
2025-07-17 10:30:00-04:00,209.94000244140625,210.8300018310547,209.77000427246094,210.44000244140625,4483480
2025-07-17 11:30:00-04:00,210.4499969482422,211.4499969482422,210.10499572753906,211.38999938964844,5714933
2025-07-17 12:30:00-04:00,211.38890075683594,211.50999450683594,210.7899932861328,210.9550018310547,3852173
2025-07-17 13:30:00-04:00,210.9499969482422,211.8000030517578,210.9001007080078,211.27999877929688,5287499
2025-07-17 14:30:00-04:00,211.27999877929688,211.27999877929688,210.77999877929688,210.9949951171875,4445454
2025-07-17 15:30:00-04:00,210.99989318847656,211.0500030517578,209.74000549316406,210.06100463867188,7016080
2025-07-18 09:30:00-04:00,210.7550048828125,211.00999450683594,209.70449829101562,209.9542999267578,15729684
2025-07-18 10:30:00-04:00,209.9600067138672,211.00999450683594,209.77000427246094,210.85000610351562,4957360
2025-07-18 11:30:00-04:00,210.85499572753906,211.1300048828125,210.67999267578125,211.00999450683594,3993353
2025-07-18 12:30:00-04:00,211.02000427246094,211.7899932861328,210.8800048828125,211.19000244140625,3840387
2025-07-18 13:30:00-04:00,211.17999267578125,211.5399932861328,210.75999450683594,210.93499755859375,3054294
2025-07-18 14:30:00-04:00,210.92999267578125,211.19500732421875,210.7899932861328,210.9499969482422,2639727
2025-07-18 15:30:00-04:00,210.94000244140625,211.34500122070312,210.8300018310547,211.22000122070312,4433304
2025-07-21 09:30:00-04:00,212.0500030517578,215.77999877929688,211.64089965820312,214.64500427246094,19931497
2025-07-21 10:30:00-04:00,214.63999938964844,214.7100067138672,212.8699951171875,213.47000122070312,7487806
2025-07-21 11:30:00-04:00,213.4600067138672,213.7100067138672,213.16000366210938,213.31959533691406,3139375
2025-07-21 12:30:00-04:00,213.31500244140625,213.86000061035156,213.13999938964844,213.67999267578125,2907043
2025-07-21 13:30:00-04:00,213.66000366210938,213.7100067138672,212.50999450683594,213.25999450683594,4055325
2025-07-21 14:30:00-04:00,213.268798828125,213.42999267578125,212.50999450683594,212.5800018310547,2890224
2025-07-21 15:30:00-04:00,212.5800018310547,212.71859741210938,212.07000732421875,212.5399932861328,3808451
2025-07-22 09:30:00-04:00,213.23500061035156,214.02999877929688,212.2301025390625,213.2655029296875,12377510
2025-07-22 10:30:00-04:00,213.25999450683594,213.69000244140625,212.72000122070312,213.477294921875,4721399
2025-07-22 11:30:00-04:00,213.47000122070312,213.82000732421875,212.75999450683594,213.27999877929688,5611485
2025-07-22 12:30:00-04:00,213.24000549316406,214.47999572753906,212.83999633789062,214.41119384765625,4068346
2025-07-22 13:30:00-04:00,214.39999389648438,214.42340087890625,213.44000244140625,213.7100067138672,3620984
2025-07-22 14:30:00-04:00,213.7100067138672,214.41990661621094,213.7100067138672,214.18499755859375,3749973
2025-07-22 15:30:00-04:00,214.17999267578125,214.64500427246094,213.92999267578125,214.38999938964844,4788294
2025-07-23 09:30:00-04:00,215.0449981689453,215.10000610351562,212.41000366210938,212.9351043701172,13479209
2025-07-23 10:30:00-04:00,212.9499053955078,213.1699981689453,212.5,213.14999389648438,4588657
2025-07-23 11:30:00-04:00,213.14999389648438,213.80999755859375,212.64999389648438,213.5,4465099
2025-07-23 12:30:00-04:00,213.5,214.22850036621094,213.36000061035156,214.125,2552446
2025-07-23 13:30:00-04:00,214.1199951171875,214.63499450683594,214.07000732421875,214.40499877929688,4350901
2025-07-23 14:30:00-04:00,214.40499877929688,214.69500732421875,213.94000244140625,214.13999938964844,3541364
2025-07-23 15:30:00-04:00,214.14500427246094,214.30999755859375,213.61000061035156,214.30999755859375,4190088
2025-07-24 09:30:00-04:00,214.05999755859375,215.69000244140625,213.52999877929688,214.4600067138672,11740713
2025-07-24 10:30:00-04:00,214.4499969482422,215.35000610351562,214.05960083007812,215.25999450683594,6108820
2025-07-24 11:30:00-04:00,215.2615966796875,215.49000549316406,214.1999969482422,214.33999633789062,4945138
2025-07-24 12:30:00-04:00,214.33999633789062,215.1999969482422,214.27999877929688,214.7899932861328,2987772
2025-07-24 13:30:00-04:00,214.7899932861328,215.1999969482422,214.55999755859375,214.73500061035156,2538966
2025-07-24 14:30:00-04:00,214.73890686035156,215.02000427246094,214.3300018310547,214.80999755859375,3138944
2025-07-24 15:30:00-04:00,214.81100463867188,214.94000244140625,213.72000122070312,213.75999450683594,5843431
2025-07-25 09:30:00-04:00,214.6999969482422,214.86000061035156,213.74000549316406,214.58529663085938,10049767
2025-07-25 10:30:00-04:00,214.58999633789062,215.24000549316406,214.2100067138672,214.50999450683594,5133351
2025-07-25 11:30:00-04:00,214.5850067138672,214.63999938964844,214.0500030517578,214.3896026611328,5205668
2025-07-25 12:30:00-04:00,214.38999938964844,214.58999633789062,214.0399932861328,214.1699981689453,2636543
2025-07-25 13:30:00-04:00,214.17039489746094,214.50999450683594,213.82000732421875,213.88999938964844,3060915
2025-07-25 14:30:00-04:00,213.91000366210938,214.00999450683594,213.39999389648438,213.5,2957957
2025-07-25 15:30:00-04:00,213.5050048828125,214.0,213.49000549316406,213.9600067138672,4400863
2025-07-28 09:30:00-04:00,214.02999877929688,214.74000549316406,213.5800018310547,214.52000427246094,7838862
2025-07-28 10:30:00-04:00,214.53500366210938,214.84500122070312,214.12229919433594,214.43499755859375,3872401
2025-07-28 11:30:00-04:00,214.44000244140625,214.75,214.2899932861328,214.5399932861328,2571343
2025-07-28 12:30:00-04:00,214.53500366210938,214.5749969482422,213.4149932861328,213.64500427246094,3975039
2025-07-28 13:30:00-04:00,213.63499450683594,214.02000427246094,213.6199951171875,213.8000030517578,2392173
2025-07-28 14:30:00-04:00,213.82000732421875,213.8300018310547,213.05999755859375,213.42999267578125,4397176
2025-07-28 15:30:00-04:00,213.4199981689453,214.0500030517578,213.32000732421875,214.0399932861328,3976187
2025-07-29 09:30:00-04:00,214.16000366210938,214.80999755859375,211.50999450683594,213.0500030517578,11789728
2025-07-29 10:30:00-04:00,213.0399932861328,213.24830627441406,211.88999938964844,211.89999389648438,5404192
2025-07-29 11:30:00-04:00,211.88099670410156,212.92999267578125,211.6999969482422,212.0,4842502
2025-07-29 12:30:00-04:00,211.99000549316406,212.38999938964844,210.8249969482422,212.1999969482422,4558639
2025-07-29 13:30:00-04:00,212.2100067138672,212.38999938964844,211.81500244140625,211.9600067138672,3024877
2025-07-29 14:30:00-04:00,211.96499633789062,212.44000244140625,211.60000610351562,211.88999938964844,3376083
2025-07-29 15:30:00-04:00,211.88999938964844,211.91000366210938,211.05450439453125,211.35000610351562,4836491
2025-07-30 09:30:00-04:00,211.89500427246094,212.38999938964844,210.02000427246094,210.61000061035156,7424119
2025-07-30 10:30:00-04:00,210.6199951171875,210.72000122070312,209.6199951171875,209.71499633789062,3733727
2025-07-30 11:30:00-04:00,209.72000122070312,210.4199981689453,209.57000732421875,210.1199951171875,2767617
2025-07-30 12:30:00-04:00,210.11000061035156,210.1699981689453,209.32000732421875,209.75650024414062,2841873
2025-07-30 13:30:00-04:00,209.75,210.14990234375,209.47999572753906,209.85499572753906,3212089
2025-07-30 14:30:00-04:00,209.85499572753906,210.13999938964844,207.72000122070312,208.52000427246094,5902392
2025-07-30 15:30:00-04:00,208.50999450683594,209.10989379882812,208.1300048828125,209.02000427246094,4190797
2025-07-31 09:30:00-04:00,208.3800048828125,209.68150329589844,207.8249969482422,208.8424072265625,11337524
2025-07-31 10:30:00-04:00,208.86000061035156,209.5500030517578,208.07000732421875,208.28280639648438,6709067
2025-07-31 11:30:00-04:00,208.27000427246094,209.0,208.1699981689453,208.95449829101562,4492059
2025-07-31 12:30:00-04:00,208.9499969482422,209.83999633789062,208.5,208.6649932861328,5149802
2025-07-31 13:30:00-04:00,208.6649932861328,208.9199981689453,207.58999633789062,208.61000061035156,5001721
2025-07-31 14:30:00-04:00,208.61000061035156,209.38429260253906,208.49000549316406,208.5699005126953,6029902
2025-07-31 15:30:00-04:00,208.57000732421875,208.85000610351562,207.16000366210938,207.61000061035156,8246453
2025-08-01 09:30:00-04:00,210.83999633789062,213.5800018310547,204.3699951171875,205.36000061035156,29330279
2025-08-01 10:30:00-04:00,205.3300018310547,205.72999572753906,203.07000732421875,203.44000244140625,11748154
2025-08-01 11:30:00-04:00,203.4199981689453,204.58999633789062,202.64999389648438,202.75,9260890
2025-08-01 12:30:00-04:00,202.75999450683594,203.2895050048828,201.5,201.9824981689453,8501358
2025-08-01 13:30:00-04:00,201.9801025390625,203.72999572753906,201.63009643554688,203.5500030517578,8026633
2025-08-01 14:30:00-04:00,203.5500030517578,204.32119750976562,202.89999389648438,203.19000244140625,7684390
2025-08-01 15:30:00-04:00,203.17999267578125,203.24000549316406,202.1699981689453,202.27000427246094,8416967
2025-08-04 09:30:00-04:00,204.5050048828125,206.83999633789062,204.19500732421875,206.75999450683594,13367550
2025-08-04 10:30:00-04:00,206.75999450683594,207.8800048828125,205.74000549316406,205.77000427246094,8818623
2025-08-04 11:30:00-04:00,205.75999450683594,205.8800048828125,203.92999267578125,203.93499755859375,5759426
2025-08-04 12:30:00-04:00,203.94000244140625,204.47999572753906,203.86500549316406,204.14999389648438,5046794
2025-08-04 13:30:00-04:00,204.13999938964844,204.22000122070312,203.41000366210938,203.42999267578125,4659225
2025-08-04 14:30:00-04:00,203.44000244140625,203.52999877929688,202.07000732421875,202.3249969482422,10594574
2025-08-04 15:30:00-04:00,202.3300018310547,203.4499969482422,201.6750030517578,203.33999633789062,8673869
2025-08-05 09:30:00-04:00,203.43499755859375,204.55499267578125,202.16000366210938,204.52999877929688,9812948
2025-08-05 10:30:00-04:00,204.53500366210938,205.33999633789062,203.90499877929688,204.6300048828125,6466189
2025-08-05 11:30:00-04:00,204.6199951171875,204.69000244140625,203.44000244140625,203.7100067138672,3782674
2025-08-05 12:30:00-04:00,203.7100067138672,204.1699981689453,203.08999633789062,204.03500366210938,3720976
2025-08-05 13:30:00-04:00,204.0500030517578,204.3000030517578,203.75999450683594,203.8699951171875,2677706
2025-08-05 14:30:00-04:00,203.86000061035156,203.97000122070312,203.19009399414062,203.3350067138672,3354757
2025-08-05 15:30:00-04:00,203.33999633789062,203.41000366210938,202.6699981689453,202.92999267578125,3784751
2025-08-06 09:30:00-04:00,205.60000610351562,211.14999389648438,205.58999633789062,210.75999450683594,23760541
2025-08-06 10:30:00-04:00,210.75999450683594,214.33999633789062,210.6300048828125,214.22500610351562,15618173
2025-08-06 11:30:00-04:00,214.22500610351562,214.99000549316406,213.6699981689453,214.49989318847656,15397308
2025-08-06 12:30:00-04:00,214.5196990966797,214.8699951171875,213.86900329589844,214.5399932861328,7331995
2025-08-06 13:30:00-04:00,214.51499938964844,215.3800048828125,214.08999633789062,214.6024932861328,8218314
2025-08-06 14:30:00-04:00,214.61000061035156,214.7949981689453,213.75,213.875,7181809
2025-08-06 15:30:00-04:00,213.88499450683594,214.4199981689453,212.80999755859375,213.25,9553119
2025-08-07 09:30:00-04:00,218.875,220.3300018310547,216.5800018310547,218.27000427246094,30765656
2025-08-07 10:30:00-04:00,218.05999755859375,220.1300048828125,217.64999389648438,219.62899780273438,11957311
2025-08-07 11:30:00-04:00,219.6199951171875,220.33999633789062,219.4199981689453,219.9149932861328,9896825
2025-08-07 12:30:00-04:00,219.9199981689453,220.2100067138672,213.25,218.7100067138672,7182645
2025-08-07 13:30:00-04:00,218.72000122070312,219.72999572753906,218.71009826660156,219.5,4729353
2025-08-07 14:30:00-04:00,219.49000549316406,220.85000610351562,219.24349975585938,219.3000946044922,9312135
2025-08-07 15:30:00-04:00,219.30450439453125,220.1999969482422,219.25,220.1300048828125,6898669
2025-08-08 09:30:00-04:00,220.42999267578125,223.10000610351562,219.25,222.7816925048828,15552244
2025-08-08 10:30:00-04:00,222.77999877929688,224.6300048828125,222.6300048828125,224.36000061035156,10674558
2025-08-08 11:30:00-04:00,224.35499572753906,228.22500610351562,224.30999755859375,228.1999969482422,16989559
2025-08-08 12:30:00-04:00,228.2097930908203,230.88999938964844,227.943603515625,228.6750030517578,25554276
2025-08-08 13:30:00-04:00,228.6699981689453,230.99000549316406,228.5500030517578,229.2899932861328,12552865
2025-08-08 14:30:00-04:00,229.29159545898438,229.87989807128906,228.50999450683594,228.8300018310547,11212305
2025-08-08 15:30:00-04:00,228.82000732421875,229.69000244140625,228.4600067138672,229.3699951171875,11188500
2025-08-11 09:30:00-04:00,226.75,228.72999572753906,224.7624053955078,226.77499389648438,16158774
2025-08-11 10:30:00-04:00,226.7899932861328,227.88999938964844,226.10000610351562,227.47000122070312,7977854
2025-08-11 11:30:00-04:00,227.47000122070312,229.55999755859375,227.47000122070312,228.72999572753906,7420183
2025-08-11 12:30:00-04:00,228.73500061035156,229.0998992919922,228.0,228.10000610351562,4120877
2025-08-11 13:30:00-04:00,228.08999633789062,228.19500732421875,227.00999450683594,227.73500061035156,5313497
2025-08-11 14:30:00-04:00,227.75999450683594,227.9600067138672,227.10000610351562,227.64999389648438,7584927
2025-08-11 15:30:00-04:00,227.65919494628906,227.69500732421875,226.63999938964844,227.2050018310547,5849057
2025-08-12 09:30:00-04:00,228.0050048828125,229.9398956298828,227.10000610351562,228.57000732421875,12571415
2025-08-12 10:30:00-04:00,228.58999633789062,230.5865020751953,228.25999450683594,229.72999572753906,10092499
2025-08-12 11:30:00-04:00,229.7299041748047,230.11000061035156,228.32000732421875,229.77999877929688,4868374
2025-08-12 12:30:00-04:00,229.77999877929688,230.77999877929688,229.66000366210938,229.77499389648438,5072601
2025-08-12 13:30:00-04:00,229.7700958251953,230.5500030517578,229.4499969482422,229.57000732421875,3593400
2025-08-12 14:30:00-04:00,229.5800018310547,229.61000061035156,228.9199981689453,229.18299865722656,3327871
2025-08-12 15:30:00-04:00,229.1699981689453,230.10000610351562,229.05999755859375,229.64999389648438,4734707
2025-08-13 09:30:00-04:00,231.52499389648438,232.72000122070312,230.42999267578125,231.80999755859375,14738656
2025-08-13 10:30:00-04:00,231.80999755859375,234.5500030517578,231.77000427246094,232.2899932861328,11605576
2025-08-13 11:30:00-04:00,232.27999877929688,233.3972930908203,232.0301971435547,233.09500122070312,5966244
2025-08-13 12:30:00-04:00,233.07000732421875,233.36000061035156,231.5601043701172,232.4550018310547,5417224
2025-08-13 13:30:00-04:00,232.4499969482422,234.99000549316406,232.02000427246094,232.9250030517578,8137347
2025-08-13 14:30:00-04:00,232.94000244140625,233.91000366210938,230.8000030517578,233.5850067138672,9192848
2025-08-13 15:30:00-04:00,233.5850067138672,234.3300018310547,233.11000061035156,233.3300018310547,5738352
2025-08-14 09:30:00-04:00,234.05499267578125,235.11000061035156,231.67019653320312,232.2100067138672,16052941
2025-08-14 10:30:00-04:00,232.2050018310547,232.4600067138672,230.85000610351562,231.74020385742188,6624676
2025-08-14 11:30:00-04:00,231.75,232.2949981689453,230.91000366210938,232.00999450683594,4323697
2025-08-14 12:30:00-04:00,232.02999877929688,233.13999938964844,231.9687957763672,232.92730712890625,3209373
2025-08-14 13:30:00-04:00,232.92999267578125,233.1300048828125,232.32000732421875,232.72999572753906,3634219
2025-08-14 14:30:00-04:00,232.7100067138672,233.49000549316406,232.44000244140625,232.94500732421875,4523178
2025-08-14 15:30:00-04:00,232.92999267578125,233.50999450683594,232.69000244140625,232.8300018310547,4542543
2025-08-15 09:30:00-04:00,233.72999572753906,234.22140502929688,231.5500946044922,232.1699981689453,11603282
2025-08-15 10:30:00-04:00,232.16140747070312,232.2899932861328,230.47000122070312,231.07000732421875,5319424
2025-08-15 11:30:00-04:00,231.02000427246094,231.4550018310547,230.6197052001953,230.74000549316406,3957281
2025-08-15 12:30:00-04:00,230.74420166015625,231.22500610351562,230.22999572753906,230.57000732421875,6137966
2025-08-15 13:30:00-04:00,230.55999755859375,231.28990173339844,229.36000061035156,230.85000610351562,4535672
2025-08-15 14:30:00-04:00,230.86000061035156,231.5,230.47999572753906,231.36000061035156,6170754
2025-08-15 15:30:00-04:00,231.3699951171875,231.77000427246094,231.02000427246094,231.64999389648438,4696096
2025-08-18 09:30:00-04:00,231.77999877929688,233.1199951171875,230.61000061035156,230.66000366210938,9348530
2025-08-18 10:30:00-04:00,230.6199951171875,231.22000122070312,230.3699951171875,230.86000061035156,4699541
2025-08-18 11:30:00-04:00,230.86500549316406,231.10000610351562,230.5,230.67999267578125,2959031
2025-08-18 12:30:00-04:00,230.67999267578125,231.14999389648438,230.11000061035156,231.07000732421875,2944837
2025-08-18 13:30:00-04:00,231.0800018310547,231.6699981689453,230.89999389648438,231.14500427246094,3270491
2025-08-18 14:30:00-04:00,231.14999389648438,231.6750030517578,231.10000610351562,231.22500610351562,2886450
2025-08-18 15:30:00-04:00,231.22000122070312,231.5500030517578,230.8800048828125,230.8800048828125,2842575
2025-08-19 09:30:00-04:00,231.27499389648438,232.86500549316406,230.58999633789062,231.8300018310547,7589938
2025-08-19 10:30:00-04:00,231.82000732421875,232.27000427246094,230.47000122070312,231.32260131835938,5331365
2025-08-19 11:30:00-04:00,231.32000732421875,231.66000366210938,231.05499267578125,231.30990600585938,3317736
2025-08-19 12:30:00-04:00,231.27999877929688,231.3300018310547,230.05999755859375,230.625,3326154
2025-08-19 13:30:00-04:00,230.6199951171875,230.89999389648438,229.8699951171875,230.0500030517578,3163874
2025-08-19 14:30:00-04:00,230.02499389648438,230.19000244140625,229.35000610351562,230.18499755859375,3535859
2025-08-19 15:30:00-04:00,230.18499755859375,230.67999267578125,229.99000549316406,230.47659301757812,2889925
2025-08-20 09:30:00-04:00,229.97000122070312,230.4698944091797,226.5,226.7200927734375,10654146
2025-08-20 10:30:00-04:00,226.74000549316406,227.5500030517578,226.11000061035156,227.3350067138672,4855593
2025-08-20 11:30:00-04:00,227.3300018310547,227.3699951171875,226.41000366210938,227.1345977783203,3599979
2025-08-20 12:30:00-04:00,227.1300048828125,227.16000366210938,225.88999938964844,226.2949981689453,3171568
2025-08-20 13:30:00-04:00,226.3000030517578,226.8300018310547,225.77000427246094,225.99009704589844,2697011
2025-08-20 14:30:00-04:00,225.99000549316406,226.72999572753906,225.8699951171875,226.44500732421875,3388687
2025-08-20 15:30:00-04:00,226.44000244140625,227.0,225.92999267578125,225.9600067138672,4504957
2025-08-21 09:30:00-04:00,226.27999877929688,226.52000427246094,224.67999267578125,225.57989501953125,6246020
2025-08-21 10:30:00-04:00,225.5272979736328,225.5850067138672,224.51010131835938,225.1300048828125,3627965
2025-08-21 11:30:00-04:00,225.13499450683594,225.83999633789062,224.8000030517578,224.8300018310547,2756586
2025-08-21 12:30:00-04:00,224.8300018310547,225.00999450683594,223.7803955078125,224.1750030517578,3327885
2025-08-21 13:30:00-04:00,224.17080688476562,224.77850341796875,224.16000366210938,224.22999572753906,2428717
2025-08-21 14:30:00-04:00,224.22349548339844,225.05499267578125,224.0941925048828,224.8800048828125,2704582
2025-08-21 15:30:00-04:00,224.89999389648438,225.25,224.38839721679688,224.91000366210938,3977376
2025-08-22 09:30:00-04:00,226.4499969482422,228.19000244140625,225.41000366210938,227.9499969482422,8240998
2025-08-22 10:30:00-04:00,227.97000122070312,228.72000122070312,227.8000030517578,228.05999755859375,5233127
2025-08-22 11:30:00-04:00,228.0399932861328,228.43499755859375,226.9250030517578,227.16929626464844,3176741
2025-08-22 12:30:00-04:00,227.1699981689453,229.08999633789062,227.07000732421875,228.61000061035156,4947377
2025-08-22 13:30:00-04:00,228.6273956298828,228.6273956298828,227.77999877929688,227.8699951171875,4653621
2025-08-22 14:30:00-04:00,227.8800048828125,228.51980590820312,227.78500366210938,227.85000610351562,4051520
2025-08-22 15:30:00-04:00,227.83999633789062,228.30999755859375,227.44000244140625,227.75,4139072
2025-08-25 09:30:00-04:00,226.40499877929688,229.1199951171875,226.24000549316406,228.80999755859375,8000835
2025-08-25 10:30:00-04:00,228.77000427246094,229.24000549316406,228.2899932861328,228.56500244140625,4318256
2025-08-25 11:30:00-04:00,228.57000732421875,229.3000030517578,228.50010681152344,228.5399932861328,2427231
2025-08-25 12:30:00-04:00,228.5399932861328,228.75999450683594,228.32000732421875,228.43499755859375,2355527
2025-08-25 13:30:00-04:00,228.43499755859375,228.65499877929688,227.74000549316406,227.88499450683594,2684903
2025-08-25 14:30:00-04:00,227.875,227.90499877929688,227.44500732421875,227.59840393066406,2661985
2025-08-25 15:30:00-04:00,227.60000610351562,227.72000122070312,227.1199951171875,227.14999389648438,3262464
2025-08-26 09:30:00-04:00,226.8699951171875,227.0500030517578,224.69000244140625,226.5,7799571
2025-08-26 10:30:00-04:00,226.50999450683594,227.29989624023438,226.2899932861328,226.9615936279297,3785331
2025-08-26 11:30:00-04:00,226.96499633789062,227.6999969482422,226.5500030517578,227.57049560546875,4519154
2025-08-26 12:30:00-04:00,227.55999755859375,228.1699981689453,227.4199981689453,228.11160278320312,2684567
2025-08-26 13:30:00-04:00,228.11000061035156,228.50999450683594,227.73500061035156,228.3592071533203,2399616
2025-08-26 14:30:00-04:00,228.36000061035156,228.6199951171875,227.77000427246094,228.56820678710938,2604761
2025-08-26 15:30:00-04:00,228.57000732421875,229.49000549316406,227.72500610351562,229.3000030517578,5151468
2025-08-27 09:30:00-04:00,228.5800018310547,230.25,228.2949981689453,230.01499938964844,7840101
2025-08-27 10:30:00-04:00,230.02999877929688,230.6999969482422,229.47999572753906,229.5740966796875,4445165
2025-08-27 11:30:00-04:00,229.57000732421875,230.08799743652344,229.30999755859375,229.8699951171875,2490171
2025-08-27 12:30:00-04:00,229.88999938964844,230.08999633789062,229.60000610351562,229.83999633789062,1919036
2025-08-27 13:30:00-04:00,229.83999633789062,230.67999267578125,229.8000030517578,230.625,2268584
2025-08-27 14:30:00-04:00,230.6199951171875,230.63499450683594,229.72000122070312,230.13250732421875,2256272
2025-08-27 15:30:00-04:00,230.125,230.89999389648438,230.1199951171875,230.44000244140625,3801508
2025-08-28 09:30:00-04:00,230.80999755859375,230.89999389648438,229.3350067138672,230.41580200195312,7213423
2025-08-28 10:30:00-04:00,230.4300994873047,231.89999389648438,230.35000610351562,230.9499969482422,3919070
2025-08-28 11:30:00-04:00,230.9600067138672,232.35499572753906,230.9481964111328,232.2899932861328,3117170
2025-08-28 12:30:00-04:00,232.27999877929688,233.1199951171875,232.0800018310547,233.0,3773992
2025-08-28 13:30:00-04:00,233.00999450683594,233.41000366210938,232.83009338378906,232.91920471191406,3045856
2025-08-28 14:30:00-04:00,232.9199981689453,233.1699981689453,232.69000244140625,232.97500610351562,2740378
2025-08-28 15:30:00-04:00,232.97500610351562,233.3300018310547,232.47999572753906,232.49000549316406,4904323
2025-08-29 09:30:00-04:00,232.55999755859375,233.36129760742188,231.3699951171875,232.80960083007812,8795007
2025-08-29 10:30:00-04:00,232.80499267578125,233.16000366210938,232.5,232.9600067138672,3599986
2025-08-29 11:30:00-04:00,232.98500061035156,233.02999877929688,231.39999389648438,232.5,4414822
2025-08-29 12:30:00-04:00,232.50999450683594,232.9600067138672,231.97999572753906,232.02999877929688,2677553
2025-08-29 13:30:00-04:00,232.03250122070312,232.5749969482422,231.97000122070312,232.17999267578125,3415896
2025-08-29 14:30:00-04:00,232.19000244140625,232.75,232.0,232.3542938232422,2433703
2025-08-29 15:30:00-04:00,232.35000610351562,232.83770751953125,231.47999572753906,232.27000427246094,4673659
2025-09-02 09:30:00-04:00,228.75,230.77999877929688,227.69000244140625,230.60000610351562,9687341
2025-09-02 10:30:00-04:00,230.60000610351562,230.75,227.5283966064453,227.82899475097656,5124954
2025-09-02 11:30:00-04:00,227.82000732421875,228.1468963623047,227.1699981689453,227.85000610351562,3136378
2025-09-02 12:30:00-04:00,227.8437042236328,228.54539489746094,227.64999389648438,228.41000366210938,2530443
2025-09-02 13:30:00-04:00,228.4199981689453,229.33999633789062,228.3300018310547,228.39999389648438,2346892
2025-09-02 14:30:00-04:00,228.39999389648438,229.0800018310547,226.97000122070312,228.94000244140625,3504389
2025-09-02 15:30:00-04:00,228.92469787597656,230.0,228.89500427246094,229.7100067138672,4687318
2025-09-03 09:30:00-04:00,237.1999969482422,237.97000122070312,234.3699951171875,236.8300018310547,21171526
2025-09-03 10:30:00-04:00,236.81390380859375,237.60000610351562,235.99000549316406,236.01100158691406,8284903
2025-09-03 11:30:00-04:00,236.02000427246094,236.82000732421875,235.49000549316406,236.49000549316406,4830748
2025-09-03 12:30:00-04:00,236.4998016357422,237.89999389648438,236.44000244140625,237.4272003173828,4651843
2025-09-03 13:30:00-04:00,237.4250030517578,237.44000244140625,236.6300048828125,236.91000366210938,4344650
2025-09-03 14:30:00-04:00,236.89999389648438,237.4499969482422,236.77000427246094,237.15499877929688,4834362
2025-09-03 15:30:00-04:00,237.1558074951172,238.7100067138672,237.15040588378906,238.49000549316406,8891635
2025-09-04 09:30:00-04:00,238.4499969482422,239.89320373535156,237.0399932861328,237.69000244140625,12016131
2025-09-04 10:30:00-04:00,237.67999267578125,238.10000610351562,237.0749969482422,237.39999389648438,5223309
2025-09-04 11:30:00-04:00,237.38999938964844,237.6746063232422,236.74000549316406,237.16000366210938,3678939
2025-09-04 12:30:00-04:00,237.14999389648438,238.08999633789062,236.97000122070312,238.0399932861328,3071522
2025-09-04 13:30:00-04:00,238.04010009765625,238.38999938964844,237.50999450683594,238.05999755859375,5093419
2025-09-04 14:30:00-04:00,238.07000732421875,238.97999572753906,237.8800048828125,238.70449829101562,3814924
2025-09-04 15:30:00-04:00,238.6999969482422,239.89990234375,238.49000549316406,239.7100067138672,5942248
2025-09-05 09:30:00-04:00,239.99000549316406,241.32000732421875,239.1199951171875,239.28500366210938,17499270
2025-09-05 10:30:00-04:00,239.25,240.1699981689453,238.63999938964844,239.80499267578125,6538203
2025-09-05 11:30:00-04:00,239.82000732421875,240.31500244140625,238.52000427246094,238.77000427246094,4219870
2025-09-05 12:30:00-04:00,238.77999877929688,239.72500610351562,238.49009704589844,239.625,3993359
2025-09-05 13:30:00-04:00,239.64849853515625,239.64999389648438,238.72999572753906,239.1199951171875,2784543
2025-09-05 14:30:00-04:00,239.1199951171875,240.1300048828125,239.10000610351562,239.9250030517578,5197093
2025-09-05 15:30:00-04:00,239.92999267578125,240.01499938964844,239.05999755859375,239.6699981689453,4868520
2025-09-08 09:30:00-04:00,239.3000030517578,240.14999389648438,238.74000549316406,239.22999572753906,11286441
2025-09-08 10:30:00-04:00,239.22000122070312,239.57000732421875,238.61500549316406,238.6999969482422,5248756
2025-09-08 11:30:00-04:00,238.69500732421875,238.78829956054688,237.60000610351562,237.72999572753906,4448853
2025-09-08 12:30:00-04:00,237.72000122070312,237.87989807128906,236.33999633789062,237.80580139160156,4717107
2025-09-08 13:30:00-04:00,237.80990600585938,237.9550018310547,237.10499572753906,237.1649932861328,4114279
2025-09-08 14:30:00-04:00,237.15499877929688,237.24989318847656,236.61000061035156,237.11000061035156,3761415
2025-09-08 15:30:00-04:00,237.11500549316406,238.00999450683594,236.90420532226562,237.9199981689453,5177199
2025-09-09 09:30:00-04:00,237.0,238.0,236.0749969482422,236.3101043701172,7890752
2025-09-09 10:30:00-04:00,236.30999755859375,236.67999267578125,235.77999877929688,236.22500610351562,4277475
2025-09-09 11:30:00-04:00,236.22999572753906,236.25999450683594,235.5500030517578,236.0,4300130
2025-09-09 12:30:00-04:00,236.0,238.78050231933594,235.8249969482422,237.75,9674704
2025-09-09 13:30:00-04:00,237.75999450683594,238.10000610351562,233.6699981689453,234.52859497070312,16074676
2025-09-09 14:30:00-04:00,234.5500030517578,234.69000244140625,233.3699951171875,234.30999755859375,9544618
2025-09-09 15:30:00-04:00,234.30999755859375,234.63499450683594,233.51499938964844,234.35000610351562,6317179
2025-09-10 09:30:00-04:00,232.02499389648438,232.33999633789062,227.5500030517578,228.10800170898438,22167235
2025-09-10 10:30:00-04:00,228.11000061035156,228.34640502929688,227.02000427246094,227.0399932861328,11560546
2025-09-10 11:30:00-04:00,227.0399932861328,228.05499267578125,226.24009704589844,227.7386016845703,10156861
2025-09-10 12:30:00-04:00,227.7449951171875,227.78990173339844,226.6199951171875,226.80499267578125,6579251
2025-09-10 13:30:00-04:00,226.8000030517578,227.0850067138672,226.35000610351562,227.05999755859375,6214643
2025-09-10 14:30:00-04:00,227.05499267578125,227.35000610351562,226.17999267578125,226.18499755859375,6166050
2025-09-10 15:30:00-04:00,226.18499755859375,227.10000610351562,225.9521942138672,226.77999877929688,7727491
2025-09-11 09:30:00-04:00,226.875,229.18499755859375,226.64999389648438,228.94000244140625,13821091
2025-09-11 10:30:00-04:00,228.94000244140625,229.32000732421875,228.32020568847656,228.74000549316406,249794
2025-09-11 11:30:00-04:00,228.75,228.77999877929688,228.02999877929688,228.61000061035156,9985902
2025-09-11 12:30:00-04:00,228.60000610351562,229.5399932861328,228.30999755859375,229.47250366210938,3516399
2025-09-11 13:30:00-04:00,229.47000122070312,230.16000366210938,229.17999267578125,229.4600067138672,4663505
2025-09-11 14:30:00-04:00,229.46499633789062,230.1508026123047,229.41000366210938,229.85000610351562,3884806
2025-09-11 15:30:00-04:00,229.83999633789062,230.4499969482422,229.8350067138672,230.02000427246094,5627999
2025-09-12 09:30:00-04:00,230.0,234.0780029296875,229.02000427246094,234.07000732421875,14988292
2025-09-12 10:30:00-04:00,234.0800018310547,234.50999450683594,233.36000061035156,234.09500122070312,8044876
2025-09-12 11:30:00-04:00,234.08999633789062,234.49000549316406,233.62100219726562,233.9694061279297,4710781
2025-09-12 12:30:00-04:00,233.9636993408203,233.96499633789062,233.0,233.23500061035156,4969404
2025-09-12 13:30:00-04:00,233.22000122070312,233.8699951171875,233.218505859375,233.5399932861328,3203879
2025-09-12 14:30:00-04:00,233.5399932861328,234.4499969482422,233.02999877929688,233.77549743652344,6970851
2025-09-12 15:30:00-04:00,233.77999877929688,234.2899932861328,233.50999450683594,234.05999755859375,5874733
2025-09-15 09:30:00-04:00,237.0,238.19000244140625,235.02999877929688,236.21499633789062,14134217
2025-09-15 10:30:00-04:00,236.2100067138672,237.02000427246094,235.66000366210938,236.82000732421875,4993166
2025-09-15 11:30:00-04:00,236.81500244140625,237.3000030517578,236.47000122070312,236.57000732421875,3686503
2025-09-15 12:30:00-04:00,236.5648956298828,236.5904998779297,235.6999969482422,235.75999450683594,2964448
2025-09-15 13:30:00-04:00,235.75,236.13999938964844,235.5800018310547,235.63999938964844,2953754
2025-09-15 14:30:00-04:00,235.63499450683594,236.33999633789062,235.27000427246094,235.97000122070312,3570486
2025-09-15 15:30:00-04:00,235.97000122070312,236.7899932861328,235.67999267578125,236.75999450683594,4732529
2025-09-16 09:30:00-04:00,237.17999267578125,241.22000122070312,236.32350158691406,239.52999877929688,20581571
2025-09-16 10:30:00-04:00,239.52999877929688,239.85000610351562,238.2449951171875,239.5928955078125,7412526
2025-09-16 11:30:00-04:00,239.58009338378906,239.58009338378906,238.46499633789062,239.19500732421875,5301755
2025-09-16 12:30:00-04:00,239.1999969482422,239.39999389648438,238.89999389648438,239.08560180664062,3213378
2025-09-16 13:30:00-04:00,239.10000610351562,239.11000061035156,238.1300048828125,238.92999267578125,4262186
2025-09-16 14:30:00-04:00,238.94000244140625,239.60000610351562,238.80999755859375,238.93829345703125,4748875
2025-09-16 15:30:00-04:00,238.94000244140625,239.4199981689453,238.08009338378906,238.13999938964844,5869621
2025-09-17 09:30:00-04:00,238.97000122070312,240.10000610351562,238.7899932861328,239.6300048828125,9926684
2025-09-17 10:30:00-04:00,239.63999938964844,240.00999450683594,239.1999969482422,239.47999572753906,4002310
2025-09-17 11:30:00-04:00,239.48500061035156,239.77999877929688,239.27999877929688,239.67430114746094,3170671
2025-09-17 12:30:00-04:00,239.67999267578125,239.77000427246094,239.35000610351562,239.52000427246094,2892623
2025-09-17 13:30:00-04:00,239.52000427246094,239.82000732421875,238.4499969482422,239.55999755859375,4570049
2025-09-17 14:30:00-04:00,239.5500030517578,239.6300048828125,237.7301025390625,239.2628936767578,5910219
2025-09-17 15:30:00-04:00,239.27000427246094,239.27999877929688,238.47999572753906,238.97000122070312,4226195
2025-09-18 09:30:00-04:00,239.9499969482422,241.1999969482422,236.64999389648438,237.55999755859375,11453464
2025-09-18 10:30:00-04:00,237.56500244140625,238.7949981689453,237.31500244140625,238.19000244140625,4587899
2025-09-18 11:30:00-04:00,238.2100067138672,238.5399932861328,237.35000610351562,237.94000244140625,3609143
2025-09-18 12:30:00-04:00,237.9499969482422,238.1999969482422,237.63999938964844,237.8800048828125,3556108
2025-09-18 13:30:00-04:00,237.8699951171875,238.10000610351562,237.210205078125,237.8018035888672,3010288
2025-09-18 14:30:00-04:00,237.80999755859375,237.94639587402344,237.25010681152344,237.4499969482422,3540701
2025-09-18 15:30:00-04:00,237.4550018310547,238.11000061035156,237.43499755859375,237.85000610351562,4049383
2025-09-19 09:30:00-04:00,241.1750030517578,242.58999633789062,240.21060180664062,241.14999389648438,26772067
2025-09-19 10:30:00-04:00,241.14999389648438,243.16000366210938,241.05999755859375,242.27999877929688,10143358
2025-09-19 11:30:00-04:00,242.27369689941406,244.56910705566406,242.0491943359375,244.52000427246094,9031105
2025-09-19 12:30:00-04:00,244.5124969482422,245.9199981689453,244.26870727539062,245.24380493164062,12269832
2025-09-19 13:30:00-04:00,245.24000549316406,246.2698974609375,244.89999389648438,245.48849487304688,9746967
2025-09-19 14:30:00-04:00,245.48500061035156,246.10000610351562,245.1909942626953,245.61000061035156,7490411
2025-09-19 15:30:00-04:00,245.60000610351562,246.3000030517578,244.74000549316406,245.2899932861328,12986528
2025-09-22 09:30:00-04:00,248.33999633789062,252.73500061035156,248.1699981689453,252.67160034179688,27825122
2025-09-22 10:30:00-04:00,252.66000366210938,256.0799865722656,252.0800018310547,255.789794921875,16983776
2025-09-22 11:30:00-04:00,255.77000427246094,256.6300048828125,253.5800018310547,253.72000122070312,16047694
2025-09-22 12:30:00-04:00,253.72999572753906,254.72999572753906,253.16000366210938,254.5928955078125,8453992
2025-09-22 13:30:00-04:00,254.5800018310547,255.25999450683594,253.89999389648438,255.24000549316406,5242129
2025-09-22 14:30:00-04:00,255.2449951171875,256.05999755859375,254.7346954345703,255.7899932861328,8214973
2025-09-22 15:30:00-04:00,255.80499267578125,256.260009765625,255.61500549316406,256.0899963378906,9091926
2025-09-23 09:30:00-04:00,255.875,257.3399963378906,255.27999877929688,256.6173095703125,11263642
2025-09-23 10:30:00-04:00,256.6099853515625,256.70001220703125,255.00999450683594,256.1000061035156,5490061
2025-09-23 11:30:00-04:00,256.1300048828125,256.2099914550781,255.35000610351562,255.72689819335938,3232527
2025-09-23 12:30:00-04:00,255.7200927734375,255.85000610351562,254.39999389648438,254.6699981689453,2847437
2025-09-23 13:30:00-04:00,254.66000366210938,254.96099853515625,253.92999267578125,254.63999938964844,3617163
2025-09-23 14:30:00-04:00,254.63999938964844,254.83999633789062,253.58999633789062,254.16990661621094,17356326
2025-09-23 15:30:00-04:00,254.16000366210938,254.52999877929688,253.6699981689453,254.52999877929688,5076635
2025-09-24 09:30:00-04:00,255.22000122070312,255.72999572753906,252.0800018310547,252.6219940185547,6502958
2025-09-24 10:30:00-04:00,252.625,252.99000549316406,251.5399932861328,252.1199951171875,3291728
2025-09-24 11:30:00-04:00,252.1199951171875,252.25999450683594,251.0399932861328,252.1649932861328,3045221
2025-09-24 12:30:00-04:00,252.17140197753906,252.25999450683594,251.33999633789062,251.49000549316406,1637321
2025-09-24 13:30:00-04:00,251.51499938964844,252.11000061035156,251.27999877929688,251.76499938964844,1622724
2025-09-24 14:30:00-04:00,251.75,251.7899932861328,251.24000549316406,251.38999938964844,1680916
2025-09-24 15:30:00-04:00,251.38999938964844,252.49000549316406,251.2899932861328,252.24000549316406,2697400
2025-09-25 09:30:00-04:00,253.2050018310547,254.2899932861328,251.71200561523438,254.0,8503081
2025-09-25 10:30:00-04:00,254.00010681152344,254.1387939453125,253.02999877929688,253.50010681152344,3154957
2025-09-25 11:30:00-04:00,253.50010681152344,253.91000366210938,252.3000030517578,252.53030395507812,2473004
2025-09-25 12:30:00-04:00,252.5399932861328,253.8800048828125,252.5,253.5,2502302
2025-09-25 13:30:00-04:00,253.49000549316406,254.58999633789062,252.85000610351562,254.55999755859375,2634795
2025-09-25 14:30:00-04:00,254.5500030517578,257.1700134277344,254.22999572753906,256.9599914550781,7107739
2025-09-25 15:30:00-04:00,256.95001220703125,257.1099853515625,255.4199981689453,256.94000244140625,4610669
2025-09-26 09:30:00-04:00,254.1300048828125,256.6000061035156,253.77999877929688,255.02000427246094,8034498
2025-09-26 10:30:00-04:00,255.02000427246094,255.99000549316406,254.57119750976562,255.9700927734375,3714841
2025-09-26 11:30:00-04:00,255.97000122070312,256.0400085449219,254.86000061035156,255.6649932861328,2276774
2025-09-26 12:30:00-04:00,255.66000366210938,256.9750061035156,255.47999572753906,256.5199890136719,2086042
2025-09-26 13:30:00-04:00,256.5199890136719,257.3599853515625,255.86000061035156,256.55499267578125,2653513
2025-09-26 14:30:00-04:00,256.56500244140625,256.7298889160156,255.49000549316406,255.64500427246094,2089315
2025-09-26 15:30:00-04:00,255.63999938964844,255.64979553222656,254.89999389648438,255.4600067138672,3021515
2025-09-29 09:30:00-04:00,254.63999938964844,254.7899932861328,253.00999450683594,254.2198944091797,6306062
2025-09-29 10:30:00-04:00,254.2050018310547,254.24000549316406,253.30999755859375,253.47000122070312,2834864
2025-09-29 11:30:00-04:00,253.4665069580078,254.07000732421875,253.1199951171875,253.66000366210938,2275242
2025-09-29 12:30:00-04:00,253.6699981689453,253.7799072265625,253.2100067138672,253.39999389648438,1744854
2025-09-29 13:30:00-04:00,253.38999938964844,254.61500549316406,253.1300048828125,254.57000732421875,2297052
2025-09-29 14:30:00-04:00,254.57000732421875,254.60000610351562,253.61000061035156,253.99000549316406,2057798
2025-09-29 15:30:00-04:00,253.99000549316406,254.8300018310547,253.94000244140625,254.35000610351562,2513071
2025-09-30 09:30:00-04:00,254.8249969482422,255.91900634765625,253.9600067138672,254.88619995117188,5093340
2025-09-30 10:30:00-04:00,254.91000366210938,255.6750030517578,253.82009887695312,254.22000122070312,2465164
2025-09-30 11:30:00-04:00,254.2100067138672,254.97000122070312,254.16009521484375,254.53509521484375,1531480
2025-09-30 12:30:00-04:00,254.55059814453125,254.6699981689453,253.31170654296875,253.73500061035156,1623333
2025-09-30 13:30:00-04:00,253.75999450683594,253.99000549316406,253.11000061035156,253.33999633789062,1664288
2025-09-30 14:30:00-04:00,253.33999633789062,254.24000549316406,253.27099609375,253.9499969482422,2061307
2025-09-30 15:30:00-04:00,253.9600067138672,255.17999267578125,253.80999755859375,254.55999755859375,3030681
2025-10-01 09:30:00-04:00,255.0399932861328,258.7900085449219,254.9499969482422,256.1614074707031,9677443
2025-10-01 10:30:00-04:00,256.17999267578125,256.2590026855469,255.10000610351562,255.52450561523438,2972074
2025-10-01 11:30:00-04:00,255.5301055908203,256.9200134277344,255.50999450683594,256.1600036621094,2338742
2025-10-01 12:30:00-04:00,256.1636047363281,256.8298034667969,255.85499572753906,256.1404113769531,1826687
2025-10-01 13:30:00-04:00,256.1650085449219,256.6859130859375,256.05999755859375,256.4849853515625,10115926
2025-10-01 14:30:00-04:00,256.4800109863281,256.94000244140625,255.8699951171875,255.94000244140625,2751615
2025-10-01 15:30:00-04:00,255.94000244140625,256.1400146484375,255.27999877929688,255.41000366210938,4879162
2025-10-02 09:30:00-04:00,256.5899963378906,257.2349853515625,254.14999389648438,256.2200927734375,11570169
2025-10-02 10:30:00-04:00,256.2300109863281,257.6400146484375,255.97000122070312,257.1650085449219,4800305
2025-10-02 11:30:00-04:00,257.1499938964844,258.17999267578125,256.72100830078125,257.3450012207031,4388406
2025-10-02 12:30:00-04:00,257.3450012207031,257.8226013183594,257.1138916015625,257.4100036621094,2290319
2025-10-02 13:30:00-04:00,257.3900146484375,257.9100036621094,257.0299987792969,257.8800048828125,2476632
2025-10-02 14:30:00-04:00,257.8699951171875,258.1600036621094,257.375,257.510009765625,4612702
2025-10-02 15:30:00-04:00,257.510009765625,257.875,256.8800048828125,257.1400146484375,5100991
2025-10-03 09:30:00-04:00,254.6649932861328,259.0400085449219,253.9600067138672,257.8500061035156,16311886
2025-10-03 10:30:00-04:00,257.8599853515625,258.739990234375,257.5199890136719,258.510009765625,4452948
2025-10-03 11:30:00-04:00,258.4930114746094,259.239990234375,258.2571105957031,258.5487060546875,4828730
2025-10-03 12:30:00-04:00,258.5400085449219,258.92999267578125,258.1199951171875,258.30999755859375,3408741
2025-10-03 13:30:00-04:00,258.29998779296875,258.5899963378906,256.9599914550781,258.3699951171875,5459239
2025-10-03 14:30:00-04:00,258.3699951171875,258.5849914550781,257.8500061035156,257.9200134277344,3050327
2025-10-03 15:30:00-04:00,257.9200134277344,258.260009765625,257.40350341796875,258.0150146484375,4468054
2025-10-06 09:30:00-04:00,257.94500732421875,259.07000732421875,255.0500030517578,257.7799987792969,11669158
2025-10-06 10:30:00-04:00,257.79998779296875,257.9800109863281,257.2799987792969,257.5513000488281,3447400
2025-10-06 11:30:00-04:00,257.56500244140625,257.6700134277344,256.7699890136719,257.1300048828125,3501833
2025-10-06 12:30:00-04:00,257.1300048828125,257.4800109863281,256.1304931640625,256.55999755859375,2877222
2025-10-06 13:30:00-04:00,256.54998779296875,256.68121337890625,255.5,256.18499755859375,5922536
2025-10-06 14:30:00-04:00,256.1802062988281,256.6600036621094,256.06500244140625,256.510009765625,2693724
2025-10-06 15:30:00-04:00,256.510009765625,257.25,256.4599914550781,256.6499938964844,3577742
2025-10-07 09:30:00-04:00,256.82000732421875,257.3999938964844,256.2799987792969,256.67999267578125,6425357
2025-10-07 10:30:00-04:00,256.6700134277344,257.10791015625,255.60000610351562,256.3789978027344,4531854
2025-10-07 11:30:00-04:00,256.3900146484375,256.84979248046875,255.88999938964844,256.3384094238281,3693772
2025-10-07 12:30:00-04:00,256.3299865722656,256.6600036621094,255.75430297851562,255.88999938964844,2335693
2025-10-07 13:30:00-04:00,255.86000061035156,256.1499938964844,255.42999267578125,256.06988525390625,2294433
2025-10-07 14:30:00-04:00,256.07000732421875,256.301513671875,255.91009521484375,256.0199890136719,2361474
2025-10-07 15:30:00-04:00,256.0199890136719,256.6199951171875,255.9199981689453,256.489990234375,3978516
2025-10-08 09:30:00-04:00,256.5299987792969,258.19000244140625,256.1099853515625,257.8399963378906,8459277
2025-10-08 10:30:00-04:00,257.8599853515625,258.4549865722656,257.20001220703125,258.0400085449219,4427277
2025-10-08 11:30:00-04:00,258.05499267578125,258.5199890136719,257.55999755859375,258.20001220703125,2832234
2025-10-08 12:30:00-04:00,258.19000244140625,258.32501220703125,257.625,257.92498779296875,2099955
2025-10-08 13:30:00-04:00,257.92498779296875,258.20001220703125,257.6499938964844,257.9150085449219,2280625
2025-10-08 14:30:00-04:00,257.8999938964844,258.42999267578125,257.739990234375,258.25,2564469
2025-10-08 15:30:00-04:00,258.239990234375,258.489990234375,257.8800048828125,258.0299987792969,4214118
2025-10-09 09:30:00-04:00,257.8999938964844,258.0,254.77499389648438,254.9199981689453,8679018
2025-10-09 10:30:00-04:00,254.9080047607422,255.22300720214844,254.57000732421875,254.63999938964844,4040438
2025-10-09 11:30:00-04:00,254.6199951171875,254.75999450683594,253.75,253.99000549316406,4627197
2025-10-09 12:30:00-04:00,254.0,254.0500030517578,253.17999267578125,253.39999389648438,2685602
2025-10-09 13:30:00-04:00,253.39500427246094,253.86000061035156,253.14019775390625,253.43499755859375,2427698
2025-10-09 14:30:00-04:00,253.4199981689453,254.11500549316406,253.32000732421875,253.77999877929688,3837383
2025-10-09 15:30:00-04:00,253.77499389648438,254.47000122070312,253.55999755859375,254.02999877929688,4519796
2025-10-10 09:30:00-04:00,255.0399932861328,256.3800048828125,254.42999267578125,255.02059936523438,7268562
2025-10-10 10:30:00-04:00,255.0399932861328,255.33999633789062,248.9199981689453,249.1199951171875,10177254
2025-10-10 11:30:00-04:00,249.10000610351562,250.02999877929688,247.75999450683594,248.61000061035156,7499781
2025-10-10 12:30:00-04:00,248.58999633789062,249.05999755859375,247.05999755859375,247.80999755859375,4394995
2025-10-10 13:30:00-04:00,247.77000427246094,248.57000732421875,247.0800018310547,247.16000366210938,4882982
2025-10-10 14:30:00-04:00,247.13710021972656,247.30999755859375,245.81500244140625,246.1649932861328,5426839
2025-10-10 15:30:00-04:00,246.1699981689453,246.99000549316406,244.57000732421875,245.27999877929688,8519891
2025-10-13 09:30:00-04:00,249.3800048828125,249.49000549316406,245.55999755859375,246.37600708007812,9359382
2025-10-13 10:30:00-04:00,246.3699951171875,248.65989685058594,246.22999572753906,248.59030151367188,5816790
2025-10-13 11:30:00-04:00,248.6199951171875,249.6199951171875,248.36000061035156,249.17999267578125,3115587
2025-10-13 12:30:00-04:00,249.1699981689453,249.68930053710938,248.5500030517578,249.1042022705078,2298264
2025-10-13 13:30:00-04:00,249.08999633789062,249.32000732421875,248.68800354003906,249.1461944580078,2175748
2025-10-13 14:30:00-04:00,249.13999938964844,249.24000549316406,248.1300048828125,248.32000732421875,2310709
2025-10-13 15:30:00-04:00,248.32000732421875,248.58999633789062,247.3300018310547,247.58999633789062,3786722
2025-10-14 09:30:00-04:00,246.61500549316406,247.22999572753906,244.6999969482422,247.02000427246094,6901149
2025-10-14 10:30:00-04:00,247.0,247.74989318847656,246.1199951171875,246.21400451660156,3292430
2025-10-14 11:30:00-04:00,246.22999572753906,247.75,246.1699981689453,247.38999938964844,2724013
2025-10-14 12:30:00-04:00,247.38999938964844,248.035400390625,247.38499450683594,247.79800415039062,2048766
2025-10-14 13:30:00-04:00,247.80999755859375,247.82000732421875,247.17999267578125,247.48500061035156,2132596
2025-10-14 14:30:00-04:00,247.49000549316406,248.75,247.14439392089844,248.4199981689453,3822730
2025-10-14 15:30:00-04:00,248.42999267578125,248.84500122070312,246.72999572753906,247.85000610351562,4482259
2025-10-15 09:30:00-04:00,249.3800048828125,251.82000732421875,248.63999938964844,250.85000610351562,8163531
2025-10-15 10:30:00-04:00,250.8699951171875,251.4691925048828,249.8000030517578,249.85989379882812,3430819
2025-10-15 11:30:00-04:00,249.82000732421875,250.04969787597656,248.72000122070312,249.77499389648438,2879510
2025-10-15 12:30:00-04:00,249.77999877929688,249.9499053955078,247.47999572753906,248.0904998779297,2290291
2025-10-15 13:30:00-04:00,248.10499572753906,249.8000030517578,248.0500030517578,249.64700317382812,1934212
2025-10-15 14:30:00-04:00,249.64999389648438,250.10000610351562,249.47999572753906,249.9199981689453,2139459
2025-10-15 15:30:00-04:00,249.92999267578125,250.07000732421875,248.1699981689453,249.42999267578125,4229173
2025-10-16 09:30:00-04:00,248.27000427246094,248.3800048828125,246.6199951171875,247.50999450683594,9564057
2025-10-16 10:30:00-04:00,247.49000549316406,249.0399932861328,247.48170471191406,248.23500061035156,4826932
2025-10-16 11:30:00-04:00,248.1699981689453,248.66310119628906,247.03500366210938,247.72000122070312,3305994
2025-10-16 12:30:00-04:00,247.70010375976562,247.75,246.0399932861328,247.22000122070312,4045208
2025-10-16 13:30:00-04:00,247.22000122070312,247.4199981689453,245.25999450683594,245.66000366210938,3995746
2025-10-16 14:30:00-04:00,245.63999938964844,247.02000427246094,245.1300048828125,246.5500030517578,3603265
2025-10-16 15:30:00-04:00,246.55999755859375,247.91000366210938,246.35000610351562,247.42999267578125,3734949
2025-10-17 09:30:00-04:00,248.02000427246094,250.32000732421875,247.27000427246094,249.5601043701172,11142993
2025-10-17 10:30:00-04:00,249.6439971923828,249.86000061035156,248.22999572753906,248.47999572753906,3459331
2025-10-17 11:30:00-04:00,248.47999572753906,250.35000610351562,248.09719848632812,250.29649353027344,4277714
2025-10-17 12:30:00-04:00,250.29330444335938,251.36000061035156,250.27520751953125,250.81500244140625,6063960
2025-10-17 13:30:00-04:00,250.8000030517578,252.53500366210938,250.2449951171875,252.3000030517578,3952984
2025-10-17 14:30:00-04:00,252.2823944091797,252.82000732421875,251.6999969482422,252.75999450683594,3982655
2025-10-17 15:30:00-04:00,252.75,253.3800048828125,252.1199951171875,252.3000030517578,7247788
2025-10-20 09:30:00-04:00,255.88499450683594,259.8699951171875,255.6300048828125,259.5050048828125,19526731
2025-10-20 10:30:00-04:00,259.489990234375,263.54998779296875,259.07000732421875,262.57000732421875,20690049
2025-10-20 11:30:00-04:00,262.54998779296875,264.375,262.4175109863281,263.489990234375,13764809
2025-10-20 12:30:00-04:00,263.4800109863281,264.2099914550781,262.6499938964844,263.1650085449219,8089517
2025-10-20 13:30:00-04:00,263.17999267578125,263.8299865722656,262.7900085449219,263.7300109863281,4756799
2025-10-20 14:30:00-04:00,263.739990234375,263.80999755859375,263.0400085449219,263.4200134277344,5423277
2025-10-20 15:30:00-04:00,263.44000244140625,263.8500061035156,261.92999267578125,262.2300109863281,8021467
2025-10-21 09:30:00-04:00,261.8800048828125,265.2900085449219,261.8800048828125,263.4999084472656,17003580
2025-10-21 10:30:00-04:00,263.4599914550781,263.8299865722656,262.510009765625,263.6619873046875,4721265
2025-10-21 11:30:00-04:00,263.6700134277344,264.5350036621094,263.0801086425781,263.1700134277344,5514253
2025-10-21 12:30:00-04:00,263.1600036621094,263.6799011230469,262.8475036621094,263.3265075683594,2671606
2025-10-21 13:30:00-04:00,263.3258056640625,264.04998779296875,262.1499938964844,263.44989013671875,3718095
2025-10-21 14:30:00-04:00,263.4495849609375,263.7381896972656,262.95001220703125,263.0849914550781,3430980
2025-10-21 15:30:00-04:00,263.0950012207031,263.2099914550781,262.4700012207031,262.8399963378906,3493018
2025-10-22 09:30:00-04:00,262.7900085449219,262.8500061035156,259.7200012207031,260.0498962402344,9155667
2025-10-22 10:30:00-04:00,260.0,261.1300048828125,257.6401062011719,258.4299011230469,5930214
2025-10-22 11:30:00-04:00,258.45001220703125,259.489990234375,258.04998779296875,258.54998779296875,3763921
2025-10-22 12:30:00-04:00,258.54998779296875,258.7699890136719,256.29998779296875,256.69140625,4679141
2025-10-22 13:30:00-04:00,256.6700134277344,257.0798034667969,255.42999267578125,256.5509948730469,4221043
2025-10-22 14:30:00-04:00,256.54998779296875,257.67999267578125,256.1400146484375,257.510009765625,3195141
2025-10-22 15:30:00-04:00,257.5199890136719,258.80999755859375,257.42999267578125,258.42999267578125,4263522
2025-10-23 09:30:00-04:00,259.8900146484375,260.1799011230469,258.0101013183594,259.4798889160156,6251007
2025-10-23 10:30:00-04:00,259.4200134277344,259.67999267578125,258.7300109863281,259.3999938964844,2852790
2025-10-23 11:30:00-04:00,259.3999938964844,260.6199035644531,259.0834045410156,260.0400085449219,3168121
2025-10-23 12:30:00-04:00,260.04998779296875,260.54998779296875,259.5199890136719,259.8599853515625,2574209
2025-10-23 13:30:00-04:00,259.8800048828125,260.42498779296875,259.8299865722656,259.9700012207031,3320192
2025-10-23 14:30:00-04:00,259.9700012207031,260.0199890136719,259.6199951171875,259.8999938964844,2237171
2025-10-23 15:30:00-04:00,259.9100036621094,260.04998779296875,259.0799865722656,259.5799865722656,3143856
2025-10-24 09:30:00-04:00,261.19000244140625,261.6199951171875,259.17999267578125,260.94140625,7287527
2025-10-24 10:30:00-04:00,260.94000244140625,263.3599853515625,260.7900085449219,263.2799987792969,5490920
2025-10-24 11:30:00-04:00,263.2900085449219,264.0299987792969,262.95001220703125,263.5799865722656,4458666
2025-10-24 12:30:00-04:00,263.5899963378906,263.7099914550781,262.8500061035156,263.6099853515625,2930456
2025-10-24 13:30:00-04:00,263.6099853515625,264.1300048828125,263.4100036621094,264.0199890136719,2843868
2025-10-24 14:30:00-04:00,264.0249938964844,264.1000061035156,263.1499938964844,263.5,3187549
2025-10-24 15:30:00-04:00,263.510009765625,263.6600036621094,262.1300048828125,262.739990234375,4742484
2025-10-27 09:30:00-04:00,264.8800048828125,267.04998779296875,264.65008544921875,265.7300109863281,9319511
2025-10-27 10:30:00-04:00,265.739990234375,266.4200134277344,265.19500732421875,265.7099914550781,4050852
2025-10-27 11:30:00-04:00,265.7099914550781,266.0899963378906,265.04998779296875,265.92999267578125,3517895
2025-10-27 12:30:00-04:00,265.94000244140625,266.125,265.510009765625,265.6199951171875,3331147
2025-10-27 13:30:00-04:00,265.6300048828125,266.0150146484375,265.510009765625,265.5950012207031,2171755
2025-10-27 14:30:00-04:00,265.5899963378906,267.3999938964844,265.4700012207031,267.2749938964844,4259189
2025-10-27 15:30:00-04:00,267.2699890136719,269.0799865722656,267.2099914550781,268.739990234375,6996092
2025-10-28 09:30:00-04:00,269.135009765625,269.8699951171875,268.25,268.6499938964844,11832766
2025-10-28 10:30:00-04:00,268.6423034667969,269.1400146484375,268.1499938964844,268.69720458984375,3550384
2025-10-28 11:30:00-04:00,268.69500732421875,269.0758056640625,268.3500061035156,268.9949951171875,2758052
2025-10-28 12:30:00-04:00,268.9800109863281,269.8699951171875,268.82000732421875,269.4949951171875,3503864
2025-10-28 13:30:00-04:00,269.4949951171875,269.4949951171875,268.79998779296875,269.0902099609375,3181670
2025-10-28 14:30:00-04:00,269.1050109863281,269.44000244140625,268.7799987792969,269.20001220703125,4120349
2025-10-28 15:30:00-04:00,269.20001220703125,269.3550109863281,268.6000061035156,269.0299987792969,5339653
2025-10-29 09:30:00-04:00,269.2749938964844,271.4100036621094,268.70001220703125,270.4200134277344,10209230
2025-10-29 10:30:00-04:00,270.4100036621094,270.44500732421875,267.51220703125,267.6300048828125,6247839
2025-10-29 11:30:00-04:00,267.6099853515625,268.8599853515625,267.1099853515625,268.6199951171875,4595121
2025-10-29 12:30:00-04:00,268.6029968261719,269.93011474609375,268.4700927734375,269.93011474609375,3066081
2025-10-29 13:30:00-04:00,269.8900146484375,270.8500061035156,269.7900085449219,270.80999755859375,4963178
2025-10-29 14:30:00-04:00,270.7850036621094,270.92999267578125,268.260009765625,268.30999755859375,5156103
2025-10-29 15:30:00-04:00,268.32000732421875,270.3800048828125,267.79998779296875,269.7300109863281,4325904
2025-10-30 09:30:00-04:00,271.989990234375,274.1400146484375,268.989990234375,269.0899963378906,8387840
2025-10-30 10:30:00-04:00,269.0899963378906,271.1700134277344,268.4800109863281,270.7900085449219,3886744
2025-10-30 11:30:00-04:00,270.7799987792969,272.3900146484375,270.2630920410156,272.010009765625,3869786
2025-10-30 12:30:00-04:00,272.0,272.06781005859375,271.0400085449219,271.95001220703125,2409548
2025-10-30 13:30:00-04:00,271.95001220703125,272.29998779296875,271.2799987792969,271.75,3435055
2025-10-30 14:30:00-04:00,271.760009765625,272.00799560546875,270.9949951171875,271.3399963378906,3831349
2025-10-30 15:30:00-04:00,271.3399963378906,271.6700134277344,271.04998779296875,271.260009765625,5175619
2025-10-31 09:30:00-04:00,276.989990234375,277.32000732421875,269.1600036621094,270.3800048828125,17228178
2025-10-31 10:30:00-04:00,270.42999267578125,271.5599060058594,270.10009765625,271.29998779296875,4595066
2025-10-31 11:30:00-04:00,271.2998962402344,272.8584899902344,270.2200012207031,272.43499755859375,4301242
2025-10-31 12:30:00-04:00,272.42999267578125,273.1700134277344,270.1499938964844,270.3487854003906,4005527
2025-10-31 13:30:00-04:00,270.3299865722656,272.0599060058594,270.1099853515625,271.80999755859375,2396660
2025-10-31 14:30:00-04:00,271.7900085449219,272.17498779296875,271.2699890136719,272.1050109863281,2901733
2025-10-31 15:30:00-04:00,272.1300048828125,272.6499938964844,269.9599914550781,270.25,6600568
2025-11-03 09:30:00-05:00,270.4200134277344,270.8299865722656,266.25,267.6300048828125,10223517
2025-11-03 10:30:00-05:00,267.6400146484375,268.2598876953125,266.5,266.6400146484375,3102546
2025-11-03 11:30:00-05:00,266.659912109375,268.1499938964844,266.5223083496094,267.5350036621094,2821699
2025-11-03 12:30:00-05:00,267.5199890136719,268.0,267.25,267.6780090332031,2034109
2025-11-03 13:30:00-05:00,267.70989990234375,268.6199951171875,267.30999755859375,267.30999755859375,2075268
2025-11-03 14:30:00-05:00,267.32000732421875,267.7900085449219,266.9100036621094,267.6199951171875,2243434
2025-11-03 15:30:00-05:00,267.6300048828125,269.1099853515625,267.4599914550781,269.05999755859375,3383138
2025-11-04 09:30:00-05:00,268.24249267578125,269.5899963378906,267.614990234375,268.42999267578125,9645778
2025-11-04 10:30:00-05:00,268.42999267578125,271.0,267.7099914550781,270.6099853515625,3278354
2025-11-04 11:30:00-05:00,270.6400146484375,271.4859924316406,268.9800109863281,270.010009765625,3846826
2025-11-04 12:30:00-05:00,270.0050048828125,270.92999267578125,269.8900146484375,270.6383972167969,2072453
2025-11-04 13:30:00-05:00,270.6099853515625,270.82000732421875,269.8699951171875,270.5104064941406,2562532
2025-11-04 14:30:00-05:00,270.5299987792969,270.6099853515625,269.2799987792969,270.09051513671875,2594188
2025-11-04 15:30:00-05:00,270.1000061035156,270.4049987792969,269.5,270.010009765625,3522552
2025-11-05 09:30:00-05:00,268.5899963378906,269.58990478515625,266.92999267578125,269.0101013183594,7995553
2025-11-05 10:30:00-05:00,268.989990234375,270.3800048828125,268.760009765625,270.2900085449219,2169435
2025-11-05 11:30:00-05:00,270.2799987792969,270.4700012207031,269.5,269.9700012207031,1631841
2025-11-05 12:30:00-05:00,269.9700012207031,270.7900085449219,269.92999267578125,270.1199951171875,1426592
2025-11-05 13:30:00-05:00,270.1099853515625,271.70001220703125,269.7699890136719,270.42999267578125,2651761
2025-11-05 14:30:00-05:00,270.4100036621094,271.5,269.5299987792969,269.6000061035156,2282746
2025-11-05 15:30:00-05:00,269.6099853515625,270.3999938964844,268.9949951171875,270.1099853515625,3567904
2025-11-06 09:30:00-05:00,267.8900146484375,272.82000732421875,267.8900146484375,272.82000732421875,6762187
2025-11-06 10:30:00-05:00,272.8280029296875,273.3999938964844,271.55010986328125,272.1814880371094,5580072
2025-11-06 11:30:00-05:00,272.17999267578125,272.2200012207031,270.3900146484375,271.42498779296875,3198033
2025-11-06 12:30:00-05:00,271.4200134277344,272.46978759765625,270.9200134277344,271.3500061035156,2621839
2025-11-06 13:30:00-05:00,271.3699951171875,272.1600036621094,271.0203857421875,271.9901123046875,1783486
2025-11-06 14:30:00-05:00,272.0050048828125,272.20001220703125,270.7349853515625,271.2099914550781,2198935
2025-11-06 15:30:00-05:00,271.20001220703125,271.52020263671875,269.5950012207031,269.6400146484375,3825533
2025-11-07 09:30:00-05:00,269.7950134277344,272.2900085449219,267.2699890136719,271.5799865722656,7855390
2025-11-07 10:30:00-05:00,271.55999755859375,271.9700012207031,269.4800109863281,269.5299987792969,3991205
2025-11-07 11:30:00-05:00,269.5199890136719,269.8900146484375,268.32000732421875,269.1099853515625,3276263
2025-11-07 12:30:00-05:00,269.114990234375,269.1400146484375,268.0588073730469,268.45001220703125,2041690
2025-11-07 13:30:00-05:00,268.45001220703125,268.6600036621094,267.0950012207031,267.25,2217548
2025-11-07 14:30:00-05:00,267.260009765625,268.5,266.7799987792969,267.7598876953125,3921327
2025-11-07 15:30:00-05:00,267.760009765625,268.5799865722656,267.69000244140625,268.4200134277344,3271221
2025-11-10 09:30:00-05:00,268.95001220703125,273.7300109863281,268.95001220703125,271.85699462890625,7030981
2025-11-10 10:30:00-05:00,271.8299865722656,271.989990234375,269.04998779296875,269.06640625,3083676
2025-11-10 11:30:00-05:00,269.0400085449219,269.7587890625,268.489990234375,269.0799865722656,2346213
2025-11-10 12:30:00-05:00,269.07000732421875,270.2300109863281,269.010009765625,269.7300109863281,1807442
2025-11-10 13:30:00-05:00,269.7099914550781,270.3077087402344,267.4549865722656,269.6600036621094,3188667
2025-11-10 14:30:00-05:00,269.6300048828125,269.80999755859375,269.04998779296875,269.11859130859375,2248210
2025-11-10 15:30:00-05:00,269.1000061035156,269.6000061035156,268.760009765625,269.3599853515625,2892894
2025-11-11 09:30:00-05:00,269.80999755859375,274.739990234375,269.79998779296875,274.1000061035156,9244708
2025-11-11 10:30:00-05:00,274.1000061035156,274.3460998535156,272.42999267578125,272.5,3452496
2025-11-11 11:30:00-05:00,272.510009765625,273.614990234375,271.7799987792969,273.31500244140625,2525614
2025-11-11 12:30:00-05:00,273.3299865722656,274.70001220703125,273.0299987792969,274.4800109863281,2634766
2025-11-11 13:30:00-05:00,274.489990234375,275.6600036621094,274.1600036621094,275.32000732421875,3455305
2025-11-11 14:30:00-05:00,275.3299865722656,275.760009765625,275.04998779296875,275.25,2653431
2025-11-11 15:30:00-05:00,275.239990234375,275.8450012207031,274.79998779296875,275.29998779296875,4039818
2025-11-12 09:30:00-05:00,275.07501220703125,275.239990234375,271.8699951171875,272.94000244140625,10718425
2025-11-12 10:30:00-05:00,272.9100036621094,274.6099853515625,272.54998779296875,274.6000061035156,3328165
2025-11-12 11:30:00-05:00,274.5899963378906,274.8500061035156,273.7250061035156,274.3900146484375,2104341
2025-11-12 12:30:00-05:00,274.3800048828125,275.1400146484375,274.1199951171875,274.9800109863281,1642127
2025-11-12 13:30:00-05:00,274.989990234375,275.7300109863281,274.42999267578125,274.45001220703125,2013567
2025-11-12 14:30:00-05:00,274.45001220703125,274.69000244140625,273.5,274.04998779296875,2059500
2025-11-12 15:30:00-05:00,274.04998779296875,274.3999938964844,272.9700012207031,273.3999938964844,3569522
2025-11-13 09:30:00-05:00,274.2699890136719,276.6990051269531,273.2900085449219,273.7099914550781,10014720
2025-11-13 10:30:00-05:00,273.7001037597656,274.19000244140625,272.17999267578125,274.037109375,3931506
2025-11-13 11:30:00-05:00,274.0299987792969,274.4898986816406,272.4599914550781,272.8599853515625,2339844
2025-11-13 12:30:00-05:00,272.8399963378906,273.32000732421875,272.5,272.5700988769531,1922883
2025-11-13 13:30:00-05:00,272.55999755859375,273.8500061035156,272.1000061035156,273.5299987792969,3060900
2025-11-13 14:30:00-05:00,273.5350036621094,273.69000244140625,272.5450134277344,273.03961181640625,2603044
2025-11-13 15:30:00-05:00,273.0299987792969,273.6000061035156,272.5,273.0400085449219,3833036
2025-11-14 09:30:00-05:00,271.04998779296875,273.8900146484375,269.6000061035156,273.7591857910156,10617822
2025-11-14 10:30:00-05:00,273.7699890136719,274.6499938964844,273.20001220703125,274.6499938964844,3569903
2025-11-14 11:30:00-05:00,274.6449890136719,275.9200134277344,273.54998779296875,275.7049865722656,4251993
2025-11-14 12:30:00-05:00,275.7099914550781,275.95831298828125,274.2300109863281,274.5849914550781,1963757
2025-11-14 13:30:00-05:00,274.57000732421875,274.760009765625,273.8399963378906,273.9599914550781,1593851
2025-11-14 14:30:00-05:00,273.9700012207031,274.25,272.8900146484375,272.989990234375,2106336
2025-11-14 15:30:00-05:00,272.9700012207031,273.260009765625,272.1700134277344,272.54998779296875,3210889
2025-11-17 09:30:00-05:00,268.7200012207031,270.489990234375,267.0,269.2799987792969,8509806
2025-11-17 10:30:00-05:00,269.2300109863281,269.3900146484375,266.6499938964844,267.8799133300781,3379761
2025-11-17 11:30:00-05:00,267.8500061035156,269.54998779296875,267.82000732421875,268.9200134277344,2089997
2025-11-17 12:30:00-05:00,268.94000244140625,269.3500061035156,267.44000244140625,267.7799987792969,1923442
2025-11-17 13:30:00-05:00,267.7699890136719,268.3399963378906,266.8599853515625,267.2900085449219,2030991
2025-11-17 14:30:00-05:00,267.2950134277344,267.3800048828125,265.7300109863281,266.44000244140625,2737988
2025-11-17 15:30:00-05:00,266.44000244140625,267.5799865722656,266.19000244140625,267.4599914550781,3487816
2025-11-18 09:30:00-05:00,269.9150085449219,270.7049865722656,265.32000732421875,267.6499938964844,8219985
2025-11-18 10:30:00-05:00,267.6650085449219,268.1199951171875,266.02801513671875,267.8399963378906,3521812
2025-11-18 11:30:00-05:00,267.8399963378906,268.3380126953125,267.1400146484375,267.1650085449219,2742457
2025-11-18 12:30:00-05:00,267.1600036621094,268.92999267578125,266.42999267578125,268.45001220703125,2282519
2025-11-18 13:30:00-05:00,268.45001220703125,269.2200012207031,267.9599914550781,268.03448486328125,2176560
2025-11-18 14:30:00-05:00,268.04998779296875,268.92498779296875,267.67999267578125,268.28021240234375,2115137
2025-11-18 15:30:00-05:00,268.29998779296875,268.42999267578125,267.3299865722656,267.510009765625,3127789
2025-11-19 09:30:00-05:00,265.5249938964844,272.2099914550781,265.5,271.8500061035156,6778562
2025-11-19 10:30:00-05:00,271.85009765625,272.010009765625,269.3200988769531,269.7300109863281,2792346
2025-11-19 11:30:00-05:00,269.75,270.6549987792969,269.5299987792969,270.3999938964844,2001030
2025-11-19 12:30:00-05:00,270.4599914550781,271.30999755859375,269.6199951171875,270.0299987792969,2049762
2025-11-19 13:30:00-05:00,270.010009765625,271.010009765625,269.6300048828125,269.6700134277344,1644126
2025-11-19 14:30:00-05:00,269.6700134277344,270.7349853515625,269.1700134277344,270.0350036621094,2137859
2025-11-19 15:30:00-05:00,270.0,270.3299865722656,268.1400146484375,268.54998779296875,3516386
2025-11-20 09:30:00-05:00,270.80999755859375,275.42999267578125,270.80999755859375,273.9049987792969,7869887
2025-11-20 10:30:00-05:00,273.9100036621094,274.7300109863281,271.6199951171875,271.7799987792969,2856925
2025-11-20 11:30:00-05:00,271.7799987792969,271.7799987792969,268.04998779296875,268.94000244140625,4056106
2025-11-20 12:30:00-05:00,268.8699951171875,269.25,267.0201110839844,268.80999755859375,2981937
2025-11-20 13:30:00-05:00,268.7900085449219,268.92999267578125,266.3599853515625,267.7950134277344,2392389
2025-11-20 14:30:00-05:00,267.7799987792969,267.9100036621094,267.0,267.32000732421875,2094448
2025-11-20 15:30:00-05:00,267.32000732421875,267.5799865722656,265.9200134277344,266.3800048828125,3489586
2025-11-21 09:30:00-05:00,265.8800048828125,270.45001220703125,265.82000732421875,269.8500061035156,10658658
2025-11-21 10:30:00-05:00,269.7900085449219,271.4700012207031,269.2200012207031,270.8999938964844,4761138
2025-11-21 11:30:00-05:00,270.8900146484375,271.1199951171875,269.80999755859375,270.54998779296875,2949033
2025-11-21 12:30:00-05:00,270.6300048828125,271.6000061035156,270.20001220703125,270.9800109863281,2023820
2025-11-21 13:30:00-05:00,270.9800109863281,273.31500244140625,270.864990234375,272.6099853515625,3562846
2025-11-21 14:30:00-05:00,272.57501220703125,273.2799987792969,271.3500061035156,271.3699951171875,3135966
2025-11-21 15:30:00-05:00,271.3500061035156,272.1300048828125,270.5899963378906,271.5,4300075
2025-11-24 09:30:00-05:00,270.8999938964844,275.9200134277344,270.8999938964844,273.0950012207031,7995693
2025-11-24 10:30:00-05:00,273.0799865722656,275.38958740234375,272.6499938964844,275.0,3612728
2025-11-24 11:30:00-05:00,274.9700012207031,275.2699890136719,274.44000244140625,274.8500061035156,2583089
2025-11-24 12:30:00-05:00,274.8500061035156,276.510009765625,274.75,276.1199951171875,3404232
2025-11-24 13:30:00-05:00,276.1199951171875,276.45001220703125,275.8500061035156,276.2195129394531,2440121
2025-11-24 14:30:00-05:00,276.2300109863281,276.6549987792969,275.3550109863281,276.4750061035156,2989562
2025-11-24 15:30:00-05:00,276.4700012207031,276.9800109863281,275.1099853515625,275.9800109863281,4904039
2025-11-25 09:30:00-05:00,275.29998779296875,280.3800048828125,275.2699890136719,278.9049987792969,9723608
2025-11-25 10:30:00-05:00,278.8900146484375,279.6300048828125,277.7799987792969,277.8299865722656,2840433
2025-11-25 11:30:00-05:00,277.82000732421875,279.30999755859375,277.5,279.0700988769531,2504679
2025-11-25 12:30:00-05:00,279.0899963378906,279.3699951171875,278.2300109863281,278.760009765625,1925113
2025-11-25 13:30:00-05:00,278.7650146484375,278.7799987792969,277.7900085449219,278.0350036621094,1727727
2025-11-25 14:30:00-05:00,278.0400085449219,278.1449890136719,277.49749755859375,277.56500244140625,1909795
2025-11-25 15:30:00-05:00,277.55999755859375,278.0,276.8599853515625,276.95001220703125,2448205
2025-11-26 09:30:00-05:00,276.9599914550781,279.0474853515625,276.6300048828125,277.80999755859375,5086107
2025-11-26 10:30:00-05:00,277.7900085449219,279.1400146484375,276.80999755859375,279.0101013183594,2510611
2025-11-26 11:30:00-05:00,279.0299987792969,279.5299987792969,278.8699951171875,279.0790100097656,2586354
2025-11-26 12:30:00-05:00,279.07000732421875,279.2900085449219,278.0950012207031,278.54998779296875,1871279
2025-11-26 13:30:00-05:00,278.55999755859375,278.581787109375,277.92498779296875,278.260009765625,1426945
2025-11-26 14:30:00-05:00,278.2601013183594,278.94000244140625,278.010009765625,278.0799865722656,1953254
2025-11-26 15:30:00-05:00,278.07000732421875,278.29998779296875,277.1499938964844,277.4700012207031,9116002
2025-11-28 09:30:00-05:00,277.260009765625,278.23919677734375,276.0199890136719,276.260009765625,4040463
2025-11-28 10:30:00-05:00,276.2900085449219,276.9198913574219,275.989990234375,276.25,1743837
2025-11-28 11:30:00-05:00,276.2449951171875,277.16009521484375,275.98651123046875,277.04998779296875,1791406
2025-12-01 09:30:00-05:00,278.1499938964844,278.7699890136719,276.1400146484375,278.14208984375,5114373
2025-12-01 10:30:00-05:00,278.1000061035156,278.4801025390625,277.30499267578125,277.9200134277344,1731132
2025-12-01 11:30:00-05:00,277.8999938964844,279.8900146484375,277.8900146484375,279.7705078125,2091919
2025-12-01 12:30:00-05:00,279.7749938964844,280.6400146484375,279.4599914550781,280.58819580078125,2222347
2025-12-01 13:30:00-05:00,280.590087890625,281.2200012207031,280.45001220703125,280.8900146484375,2919865
2025-12-01 14:30:00-05:00,280.8800048828125,281.94000244140625,280.7099914550781,281.9100036621094,2916696
2025-12-01 15:30:00-05:00,281.9200134277344,283.4100036621094,281.7300109863281,283.32000732421875,5357873
2025-12-02 09:30:00-05:00,283.0,285.3089904785156,282.6300964355469,284.57000732421875,7878173
2025-12-02 10:30:00-05:00,284.5400085449219,287.3999938964844,284.1499938964844,285.5400085449219,6214915
2025-12-02 11:30:00-05:00,285.5400085449219,285.9999084472656,284.8299865722656,285.8699951171875,2847056
2025-12-02 12:30:00-05:00,285.8800048828125,286.3399963378906,284.94000244140625,285.2149963378906,2725658
2025-12-02 13:30:00-05:00,285.20001220703125,286.1300048828125,285.0150146484375,285.625,2146948
2025-12-02 14:30:00-05:00,285.6000061035156,286.82000732421875,285.5801086425781,286.239990234375,2898388
2025-12-02 15:30:00-05:00,286.239990234375,286.6099853515625,285.7099914550781,286.2300109863281,3132652
2025-12-03 09:30:00-05:00,286.20001220703125,288.6099853515625,285.8999938964844,287.34051513671875,6627228
2025-12-03 10:30:00-05:00,287.32000732421875,287.5899963378906,285.75,286.4100036621094,3581593
2025-12-03 11:30:00-05:00,286.4200134277344,286.82000732421875,285.5,286.385009765625,2126959
2025-12-03 12:30:00-05:00,286.3500061035156,286.44000244140625,285.3399963378906,285.6792907714844,2127386
2025-12-03 13:30:00-05:00,285.67999267578125,285.94000244140625,284.8843078613281,285.2099914550781,1618603
2025-12-03 14:30:00-05:00,285.2300109863281,285.2499084472656,284.2749938964844,284.55499267578125,11158331
2025-12-03 15:30:00-05:00,284.54998779296875,284.70001220703125,283.5400085449219,284.1499938964844,0
2025-12-04 09:30:00-05:00,284.1099853515625,284.7300109863281,280.2699890136719,281.2250061035156,6410843
2025-12-04 10:30:00-05:00,281.2099914550781,281.6000061035156,279.80999755859375,280.2799987792969,2986361
2025-12-04 11:30:00-05:00,280.2850036621094,280.9335021972656,279.93780517578125,280.114990234375,2285394
2025-12-04 12:30:00-05:00,280.1300048828125,280.4866943359375,279.6400146484375,280.0050048828125,1806229
2025-12-04 13:30:00-05:00,279.989990234375,280.1000061035156,278.5899963378906,278.8599853515625,2574486
2025-12-04 14:30:00-05:00,278.8599853515625,280.7300109863281,278.82000732421875,280.125,2807996
2025-12-04 15:30:00-05:00,280.1199951171875,280.69000244140625,279.5799865722656,280.6499938964844,3165508
2025-12-05 09:30:00-05:00,280.5400085449219,281.1400146484375,279.2699890136719,280.4551086425781,4393145
2025-12-05 10:30:00-05:00,280.4599914550781,280.9800109863281,279.2900085449219,279.2950134277344,3579247
2025-12-05 11:30:00-05:00,279.29998779296875,279.3399963378906,278.114990234375,278.31500244140625,2319755
2025-12-05 12:30:00-05:00,278.31500244140625,279.4801025390625,278.04998779296875,279.44000244140625,1693305
2025-12-05 13:30:00-05:00,279.4800109863281,279.57000732421875,278.5849914550781,279.2337951660156,1553832
2025-12-05 14:30:00-05:00,279.2300109863281,279.29998779296875,278.5400085449219,278.8013916015625,1937238
2025-12-05 15:30:00-05:00,278.79998779296875,279.0249938964844,278.19000244140625,278.7900085449219,2719470
2025-12-08 09:30:00-05:00,278.1684875488281,279.6693115234375,277.45001220703125,277.55999755859375,6285926
2025-12-08 10:30:00-05:00,277.54998779296875,277.8800048828125,276.7049865722656,277.4599914550781,3326326
2025-12-08 11:30:00-05:00,277.4700012207031,277.8190002441406,277.0000915527344,277.2300109863281,1896481
2025-12-08 12:30:00-05:00,277.2099914550781,277.84991455078125,276.8699951171875,276.9700012207031,1999024
2025-12-08 13:30:00-05:00,276.9494934082031,276.9494934082031,276.20001220703125,276.3599853515625,1825108
2025-12-08 14:30:00-05:00,276.3699951171875,276.9700012207031,276.1499938964844,276.92498779296875,2861661
2025-12-08 15:30:00-05:00,276.92999267578125,277.9849853515625,276.6600036621094,277.9599914550781,2613900
2025-12-09 09:30:00-05:00,277.8900146484375,280.0299987792969,277.3500061035156,277.70001220703125,5341504
2025-12-09 10:30:00-05:00,277.70001220703125,278.0,277.0299987792969,277.4100036621094,2290151
2025-12-09 11:30:00-05:00,277.4100036621094,278.1199951171875,277.20001220703125,277.875,1696929
2025-12-09 12:30:00-05:00,277.875,278.739990234375,277.79998779296875,278.385009765625,1988455
2025-12-09 13:30:00-05:00,278.385009765625,278.8900146484375,278.1199951171875,278.69000244140625,1262893
2025-12-09 14:30:00-05:00,278.69000244140625,278.75,277.6499938964844,277.864990234375,1906538
2025-12-09 15:30:00-05:00,277.864990234375,278.25,276.9200134277344,277.2300109863281,2737573
2025-12-10 09:30:00-05:00,277.8699951171875,278.7929992675781,276.5849914550781,277.45001220703125,3868165
2025-12-10 10:30:00-05:00,277.4549865722656,278.2799987792969,276.44000244140625,278.2576904296875,1880040
2025-12-10 11:30:00-05:00,278.2300109863281,278.8900146484375,277.9750061035156,278.5264892578125,1611918
2025-12-10 12:30:00-05:00,278.5199890136719,279.2799987792969,278.0849914550781,278.1199951171875,1374275
2025-12-10 13:30:00-05:00,278.1199951171875,279.2200012207031,277.9100036621094,278.2200012207031,1631790
2025-12-10 14:30:00-05:00,278.2200012207031,279.75,277.70001220703125,278.9800109863281,2578278
2025-12-10 15:30:00-05:00,278.989990234375,279.3699951171875,278.5899963378906,278.7200012207031,2242651
2025-12-11 09:30:00-05:00,279.0950012207031,279.5799865722656,273.80999755859375,276.1199951171875,6887208
2025-12-11 10:30:00-05:00,276.114990234375,276.5899963378906,275.20001220703125,275.82501220703125,2343607
2025-12-11 11:30:00-05:00,275.82000732421875,278.17999267578125,275.80999755859375,277.9049987792969,2412367
2025-12-11 12:30:00-05:00,277.9200134277344,278.3500061035156,277.3800048828125,277.5226135253906,1473658
2025-12-11 13:30:00-05:00,277.5249938964844,278.2099914550781,277.510009765625,277.760009765625,1432317
2025-12-11 14:30:00-05:00,277.760009765625,278.2149963378906,277.59130859375,278.0950012207031,1817634
2025-12-11 15:30:00-05:00,278.0899963378906,278.2099914550781,277.4700012207031,278.05999755859375,1985352
2025-12-12 09:30:00-05:00,277.0,279.2200012207031,276.9700927734375,277.8699951171875,3907328
2025-12-12 10:30:00-05:00,277.8800048828125,278.8599853515625,277.44000244140625,277.739990234375,3485545
2025-12-12 11:30:00-05:00,277.7699890136719,278.44000244140625,277.2807922363281,277.8550109863281,2096132
2025-12-12 12:30:00-05:00,277.8349914550781,279.19000244140625,277.8349914550781,279.04998779296875,2564725
2025-12-12 13:30:00-05:00,279.0400085449219,279.04998779296875,277.7300109863281,277.95001220703125,2354465
2025-12-12 14:30:00-05:00,277.95001220703125,278.80999755859375,277.80999755859375,278.05499267578125,2391168
2025-12-12 15:30:00-05:00,278.04998779296875,278.5,276.94500732421875,278.3699951171875,2787871
2025-12-15 09:30:00-05:00,279.75,279.79168701171875,273.6199951171875,274.1449890136719,8113962
2025-12-15 10:30:00-05:00,274.1700134277344,275.6404113769531,273.7200012207031,275.510009765625,3495538
2025-12-15 11:30:00-05:00,275.5400085449219,275.69500732421875,274.1499938964844,274.9200134277344,2136284
2025-12-15 12:30:00-05:00,274.92498779296875,275.1000061035156,273.7300109863281,274.0400085449219,1992688
2025-12-15 13:30:00-05:00,274.0199890136719,274.25,273.0799865722656,273.3699951171875,2430153
2025-12-15 14:30:00-05:00,273.3800048828125,273.8424987792969,272.8399963378906,273.80499267578125,2804616
2025-12-15 15:30:00-05:00,273.80999755859375,274.7200012207031,273.5199890136719,274.114990234375,4104430
2025-12-16 09:30:00-05:00,272.82000732421875,274.0299987792969,271.7900085449219,273.1700134277344,4976091
2025-12-16 10:30:00-05:00,273.1700134277344,273.82000732421875,272.5,272.80999755859375,2282059
2025-12-16 11:30:00-05:00,272.79998779296875,274.2799987792969,272.69000244140625,273.20001220703125,1929804
2025-12-16 12:30:00-05:00,273.19989013671875,273.489990234375,271.79998779296875,272.1300048828125,2118531
2025-12-16 13:30:00-05:00,272.135009765625,273.9100036621094,272.135009765625,273.56500244140625,2008038
2025-12-16 14:30:00-05:00,273.56500244140625,274.79998779296875,273.5400085449219,274.55999755859375,1912589
2025-12-16 15:30:00-05:00,274.54998779296875,275.5,274.45001220703125,274.4700012207031,2361847
2025-12-17 09:30:00-05:00,275.010009765625,276.1600036621094,274.8299865722656,275.4949951171875,4574850
2025-12-17 10:30:00-05:00,275.4700012207031,275.7300109863281,273.0450134277344,273.489990234375,3354929
2025-12-17 11:30:00-05:00,273.489990234375,273.489990234375,272.2799987792969,272.8699951171875,2372809
2025-12-17 12:30:00-05:00,272.8800048828125,273.69000244140625,272.6499938964844,273.0199890136719,1699122
2025-12-17 13:30:00-05:00,272.9901123046875,273.9700012207031,272.44000244140625,273.7850036621094,2046363
2025-12-17 14:30:00-05:00,273.7699890136719,274.1099853515625,273.57000732421875,273.65008544921875,2167480
2025-12-17 15:30:00-05:00,273.6700134277344,273.8699951171875,271.69000244140625,271.8599853515625,5130736
2025-12-18 09:30:00-05:00,273.6050109863281,273.6199951171875,266.9599914550781,270.8999938964844,10127086
2025-12-18 10:30:00-05:00,270.86199951171875,272.7200012207031,270.80999755859375,272.29998779296875,3659235
2025-12-18 11:30:00-05:00,272.2900085449219,273.16400146484375,269.94000244140625,270.25,3692916
2025-12-18 12:30:00-05:00,270.20001220703125,272.75,270.1199951171875,272.6499938964844,1920512
2025-12-18 13:30:00-05:00,272.6700134277344,272.9599914550781,271.0899963378906,271.3699951171875,2108845
2025-12-18 14:30:00-05:00,271.3699951171875,271.96990966796875,270.5,271.8399963378906,2747038
2025-12-18 15:30:00-05:00,271.8500061035156,273.20001220703125,271.7850036621094,272.1600036621094,2956766
2025-12-19 09:30:00-05:00,272.1449890136719,272.9200134277344,270.95001220703125,271.7349853515625,18574766
2025-12-19 10:30:00-05:00,271.7200927734375,272.82000732421875,270.9949951171875,271.26080322265625,2919546
2025-12-19 11:30:00-05:00,271.2622985839844,271.4599914550781,270.2699890136719,270.6549987792969,2629565
2025-12-19 12:30:00-05:00,270.6600036621094,271.80950927734375,270.3399963378906,270.75,3085614
2025-12-19 13:30:00-05:00,270.760009765625,271.5098876953125,270.3999938964844,271.3699951171875,2544938
2025-12-19 14:30:00-05:00,271.3800048828125,271.739990234375,270.17498779296875,270.79998779296875,3108119
2025-12-19 15:30:00-05:00,270.80999755859375,274.5762939453125,269.8999938964844,273.6700134277344,8193309
2025-12-22 09:30:00-05:00,272.8599853515625,273.8800048828125,271.57000732421875,272.0150146484375,6084655
2025-12-22 10:30:00-05:00,272.0299987792969,272.79998779296875,271.510009765625,272.44000244140625,2467910
2025-12-22 11:30:00-05:00,272.4200134277344,272.510009765625,271.5199890136719,271.94000244140625,2114933
2025-12-22 12:30:00-05:00,271.9200134277344,272.1400146484375,270.739990234375,270.9399108886719,2226647
2025-12-22 13:30:00-05:00,270.93499755859375,271.1400146484375,270.510009765625,270.864990234375,1960079
2025-12-22 14:30:00-05:00,270.8699951171875,271.1099853515625,270.7149963378906,270.7200012207031,1999793
2025-12-22 15:30:00-05:00,270.7149963378906,271.19989013671875,270.5050048828125,270.82000732421875,2599971
2025-12-23 09:30:00-05:00,270.0,271.92999267578125,269.55999755859375,270.8399963378906,5104762
2025-12-23 10:30:00-05:00,270.8399963378906,271.95001220703125,270.70001220703125,271.7814025878906,2241209
2025-12-23 11:30:00-05:00,271.81500244140625,272.3111877441406,271.4729919433594,271.5299987792969,2086319
2025-12-23 12:30:00-05:00,271.5400085449219,271.80999755859375,271.1099853515625,271.70001220703125,1310733
2025-12-23 13:30:00-05:00,271.70001220703125,272.1199951171875,271.5,271.80999755859375,1442128
2025-12-23 14:30:00-05:00,271.80999755859375,272.44000244140625,271.760009765625,272.10699462890625,1857021
2025-12-23 15:30:00-05:00,272.1000061035156,272.45001220703125,271.8399963378906,272.239990234375,2287709
2025-12-24 09:30:00-05:00,273.25,274.739990234375,273.0899963378906,274.03509521484375,4589623
2025-12-24 10:30:00-05:00,274.0400085449219,275.04998779296875,273.9100036621094,274.85101318359375,2096233
2025-12-24 11:30:00-05:00,274.8599853515625,275.42999267578125,274.8299865722656,275.3599853515625,2055154
2025-12-26 09:30:00-05:00,274.385009765625,275.3699951171875,274.05999755859375,274.8247985839844,2899986
2025-12-26 10:30:00-05:00,274.81500244140625,274.9800109863281,274.3699951171875,274.8800048828125,1434883
2025-12-26 11:30:00-05:00,274.8800048828125,274.93499755859375,274.4100036621094,274.6400146484375,1079100
2025-12-26 12:30:00-05:00,274.6300048828125,274.6499938964844,274.2250061035156,274.5199890136719,903247
2025-12-26 13:30:00-05:00,274.5249938964844,274.9849853515625,274.3800048828125,274.7601013183594,1447341
2025-12-26 14:30:00-05:00,274.7650146484375,274.8299865722656,273.8700866699219,273.9800109863281,1463547
2025-12-26 15:30:00-05:00,273.9800109863281,273.989990234375,272.8699951171875,273.25,2563251
2025-12-29 09:30:00-05:00,272.69000244140625,274.3599853515625,272.3900146484375,273.9543151855469,3705071
2025-12-29 10:30:00-05:00,273.95001220703125,274.0299987792969,272.989990234375,273.2200012207031,1533379
2025-12-29 11:30:00-05:00,273.21881103515625,273.2900085449219,272.8299865722656,273.0400085449219,1203367
2025-12-29 12:30:00-05:00,273.0400085449219,273.6700134277344,272.9502868652344,273.6400146484375,3234552
2025-12-29 13:30:00-05:00,273.6300048828125,274.0,273.44000244140625,273.67999267578125,0
2025-12-29 14:30:00-05:00,273.67999267578125,274.0,273.6700134277344,273.9028015136719,1410063
2025-12-29 15:30:00-05:00,273.9100036621094,273.94000244140625,273.4599914550781,273.79901123046875,1452813
2025-12-30 09:30:00-05:00,274.0,274.07000732421875,272.3948059082031,272.5899963378906,3335833
2025-12-30 10:30:00-05:00,272.5799865722656,273.32000732421875,272.4200134277344,272.85980224609375,1711221
2025-12-30 11:30:00-05:00,272.8299865722656,272.9200134277344,272.2799987792969,272.5899963378906,1582688
2025-12-30 12:30:00-05:00,272.5899963378906,273.19000244140625,272.55999755859375,273.1000061035156,1137372
2025-12-30 13:30:00-05:00,273.1000061035156,273.52178955078125,273.0101013183594,273.3900146484375,1396303
2025-12-30 14:30:00-05:00,273.3800048828125,273.4744873046875,273.0899963378906,273.1650085449219,1396305
2025-12-30 15:30:00-05:00,273.1600036621094,273.2550048828125,272.739990234375,272.989990234375,2121973
2025-12-31 09:30:00-05:00,273.04998779296875,273.67999267578125,272.2318115234375,272.489990234375,2706559
2025-12-31 10:30:00-05:00,272.4949951171875,272.5849914550781,271.760009765625,272.489990234375,1886713
2025-12-31 11:30:00-05:00,272.489990234375,272.79998779296875,272.2699890136719,272.6700134277344,1322310
2025-12-31 12:30:00-05:00,272.6600036621094,273.1000061035156,272.54998779296875,272.625,1445671
2025-12-31 13:30:00-05:00,272.625,273.42999267578125,272.5799865722656,272.9609069824219,1456290
2025-12-31 14:30:00-05:00,272.97021484375,273.0068054199219,271.9599914550781,272.0799865722656,1417798
2025-12-31 15:30:00-05:00,272.0899963378906,272.75,271.75,271.8399963378906,2509865
2026-01-02 09:30:00-05:00,272.69000244140625,277.8247985839844,272.3800048828125,273.3900146484375,7596139
2026-01-02 10:30:00-05:00,273.3699951171875,273.3900146484375,269.8299865722656,270.3245849609375,4078484
2026-01-02 11:30:00-05:00,270.29998779296875,270.9599914550781,269.1099853515625,270.1499938964844,2431873
2026-01-02 12:30:00-05:00,270.17999267578125,270.4800109863281,269.7300109863281,270.0799865722656,1780091
2026-01-02 13:30:00-05:00,270.0899963378906,270.2499084472656,269.0199890136719,270.1300048828125,2020830
2026-01-02 14:30:00-05:00,270.1400146484375,270.8399963378906,270.0899963378906,270.510009765625,2106622
2026-01-02 15:30:00-05:00,270.5299987792969,271.04998779296875,270.3500061035156,270.9800109863281,2650904
2026-01-05 09:30:00-05:00,270.635009765625,271.17999267578125,267.8599853515625,269.80999755859375,7189336
2026-01-05 10:30:00-05:00,269.79998779296875,270.2200012207031,268.70001220703125,268.7900085449219,3119976
2026-01-05 11:30:00-05:00,268.7799987792969,268.8500061035156,266.9200134277344,266.9700012207031,3085098
2026-01-05 12:30:00-05:00,266.989990234375,267.8900146484375,266.7701110839844,267.4200134277344,2496455
2026-01-05 13:30:00-05:00,267.4100036621094,267.6650085449219,266.1400146484375,266.2698974609375,2514491
2026-01-05 14:30:00-05:00,266.2699890136719,267.0400085449219,266.20001220703125,267.0190124511719,2686552
2026-01-05 15:30:00-05:00,267.0299987792969,267.739990234375,266.45001220703125,267.260009765625,2894622
2026-01-06 09:30:00-05:00,267.00799560546875,267.54998779296875,263.0299987792969,264.0299987792969,8140729
2026-01-06 10:30:00-05:00,264.0299987792969,265.1000061035156,262.29998779296875,262.4198913574219,4820286
2026-01-06 11:30:00-05:00,262.4200134277344,263.0,262.2099914550781,262.8846130371094,3187699
2026-01-06 12:30:00-05:00,262.8900146484375,263.79998779296875,262.4901123046875,262.5400085449219,2583269
2026-01-06 13:30:00-05:00,262.92999267578125,263.07000732421875,262.5400085449219,262.87701416015625,2024107
2026-01-06 14:30:00-05:00,262.7799987792969,263.0150146484375,262.260009765625,262.82000732421875,3190757
2026-01-06 15:30:00-05:00,262.8299865722656,262.9601135253906,262.3999938964844,262.42498779296875,2355864
2026-01-07 09:30:00-05:00,263.2699890136719,263.67999267578125,261.2099914550781,262.0299987792969,7368698
2026-01-07 10:30:00-05:00,262.0199890136719,262.2900085449219,260.9100036621094,261.0837097167969,3565599
2026-01-07 11:30:00-05:00,261.0849914550781,262.57000732421875,261.07000732421875,262.3599853515625,3336015
2026-01-07 12:30:00-05:00,262.3699951171875,262.70001220703125,261.0799865722656,261.2200012207031,2890664
2026-01-07 13:30:00-05:00,261.2449951171875,262.20001220703125,261.1300048828125,261.5899963378906,2574362
2026-01-07 14:30:00-05:00,261.5899963378906,262.5199890136719,261.260009765625,261.3299865722656,2727906
2026-01-07 15:30:00-05:00,261.3299865722656,261.3299865722656,259.82000732421875,260.3599853515625,4547876
2026-01-08 09:30:00-05:00,256.375,257.7699890136719,255.6999969482422,256.7449951171875,10183679
2026-01-08 10:30:00-05:00,256.7200927734375,257.19000244140625,255.9499969482422,256.1099853515625,4167093
2026-01-08 11:30:00-05:00,256.1099853515625,258.6000061035156,255.97000122070312,256.7090148925781,3892484
2026-01-08 12:30:00-05:00,256.6900939941406,257.6300048828125,256.5979919433594,257.4800109863281,2448318
2026-01-08 13:30:00-05:00,257.510009765625,257.5199890136719,256.29998779296875,256.6000061035156,2399355
2026-01-08 14:30:00-05:00,256.6050109863281,258.3299865722656,256.3800048828125,258.2799987792969,3537960
2026-01-08 15:30:00-05:00,258.2799987792969,259.2799987792969,257.9601135253906,259.05999755859375,3213685
2026-01-09 09:30:00-05:00,259.0,260.0,256.2200927734375,258.4599914550781,7220053
2026-01-09 10:30:00-05:00,258.4599914550781,258.75,256.8800048828125,256.9599914550781,3212319
2026-01-09 11:30:00-05:00,256.9512939453125,259.05499267578125,256.7663879394531,258.92999267578125,3345096
2026-01-09 12:30:00-05:00,258.9100036621094,259.1600036621094,258.2401123046875,259.1199951171875,2173770
2026-01-09 13:30:00-05:00,259.1300048828125,259.95001220703125,259.010009765625,259.7300109863281,1971968
2026-01-09 14:30:00-05:00,259.7300109863281,260.2099914550781,259.67999267578125,259.9649963378906,2732054
2026-01-09 15:30:00-05:00,259.95001220703125,260.05499267578125,258.95001220703125,259.3500061035156,2303687
2026-01-12 09:30:00-05:00,259.4100036621094,261.29998779296875,256.79998779296875,260.3500061035156,8505619
2026-01-12 10:30:00-05:00,260.364990234375,260.45001220703125,259.04998779296875,260.2300109863281,3280015
2026-01-12 11:30:00-05:00,260.2300109863281,261.1099853515625,259.7099914550781,260.60931396484375,2709473
2026-01-12 12:30:00-05:00,260.6000061035156,261.29998779296875,260.3500061035156,260.8900146484375,2160352
2026-01-12 13:30:00-05:00,260.8909912109375,260.94000244140625,260.19000244140625,260.6400146484375,1974059
2026-01-12 14:30:00-05:00,260.6499938964844,261.19000244140625,260.48529052734375,260.9700012207031,2654547
2026-01-12 15:30:00-05:00,260.9599914550781,261.1300048828125,260.010009765625,260.2099914550781,2380012
2026-01-13 09:30:00-05:00,258.7200012207031,261.80999755859375,258.3900146484375,260.090087890625,8478567
2026-01-13 10:30:00-05:00,260.1400146484375,260.2799072265625,259.489990234375,259.9100036621094,2608808
2026-01-13 11:30:00-05:00,259.8999938964844,261.1600036621094,259.8500061035156,260.8399963378906,2483937
2026-01-13 12:30:00-05:00,260.8500061035156,261.44000244140625,259.989990234375,259.989990234375,2059870
2026-01-13 13:30:00-05:00,259.9800109863281,260.6736145019531,259.1499938964844,259.739990234375,2357708
2026-01-13 14:30:00-05:00,259.7398986816406,259.79998779296875,258.7601013183594,259.0199890136719,1960648
2026-01-13 15:30:00-05:00,259.010009765625,261.20001220703125,258.8399963378906,261.04998779296875,12843144
2026-01-14 09:30:00-05:00,259.4800109863281,261.80999755859375,258.82000732421875,259.75,5147768
2026-01-14 10:30:00-05:00,259.7550048828125,260.0,257.8599853515625,258.739990234375,2978461
2026-01-14 11:30:00-05:00,258.739990234375,258.80999755859375,256.7099914550781,257.3800048828125,2333928
2026-01-14 12:30:00-05:00,257.3900146484375,257.7149963378906,256.9100036621094,257.5299987792969,1604961
2026-01-14 13:30:00-05:00,257.5299987792969,258.1000061035156,257.05499267578125,257.79998779296875,1777225
2026-01-14 14:30:00-05:00,257.79998779296875,259.9800109863281,257.7900085449219,259.9700012207031,2443932
2026-01-14 15:30:00-05:00,259.9800109863281,260.6000061035156,258.6841125488281,259.95001220703125,14485668
2026-01-15 09:30:00-05:00,260.6499938964844,261.0299987792969,259.6199951171875,260.10009765625,5046140
2026-01-15 10:30:00-05:00,260.1400146484375,260.78509521484375,259.19000244140625,260.4949951171875,2795244
2026-01-15 11:30:00-05:00,260.5,260.6300048828125,259.29998779296875,259.3299865722656,2122658
2026-01-15 12:30:00-05:00,259.3399963378906,259.56500244140625,258.0,259.5299987792969,2472715
2026-01-15 13:30:00-05:00,259.54998779296875,259.75,258.260009765625,258.32000732421875,2003848
2026-01-15 14:30:00-05:00,258.3434143066406,258.45001220703125,257.04998779296875,257.6700134277344,3158266
2026-01-15 15:30:00-05:00,257.6575012207031,258.3800048828125,257.1099853515625,258.3299865722656,2733911
2026-01-16 09:30:00-05:00,258.20001220703125,258.8999938964844,256.4601135253906,256.80999755859375,11278805
2026-01-16 10:30:00-05:00,256.80999755859375,256.9200134277344,256.05999755859375,256.4399108886719,2790833
2026-01-16 11:30:00-05:00,256.426513671875,256.6300048828125,255.82000732421875,255.8300018310547,2796717
2026-01-16 12:30:00-05:00,255.8300018310547,256.08990478515625,254.92999267578125,256.0299987792969,3606144
2026-01-16 13:30:00-05:00,256.0299987792969,257.1499938964844,255.9149932861328,256.0,2811980
2026-01-16 14:30:00-05:00,256.0,256.9700012207031,255.94000244140625,256.17999267578125,2648818
2026-01-16 15:30:00-05:00,256.1700134277344,256.4725036621094,255.1300048828125,255.47999572753906,3511559
2026-01-20 09:30:00-05:00,252.50999450683594,254.7899932861328,250.85000610351562,251.61570739746094,9087553
2026-01-20 10:30:00-05:00,251.63999938964844,252.1300048828125,250.69000244140625,251.30499267578125,3367134
2026-01-20 11:30:00-05:00,251.3000030517578,251.58999633789062,250.35000610351562,250.55999755859375,2677257
2026-01-20 12:30:00-05:00,250.52000427246094,250.6999969482422,249.0800018310547,249.19500732421875,2979236
2026-01-20 13:30:00-05:00,249.17999267578125,249.22999572753906,247.4199981689453,247.45249938964844,3351984
2026-01-20 14:30:00-05:00,247.4499969482422,248.17999267578125,245.0800018310547,245.4600067138672,5956327
2026-01-20 15:30:00-05:00,245.4600067138672,246.92999267578125,243.4199981689453,246.67999267578125,10058590
2026-01-21 09:30:00-05:00,248.7100067138672,248.75,246.02999877929688,247.57000732421875,7234453
2026-01-21 10:30:00-05:00,247.57000732421875,248.72000122070312,246.8300018310547,247.3000030517578,3802836
2026-01-21 11:30:00-05:00,247.30999755859375,247.36000061035156,245.19000244140625,245.8300018310547,3521906
2026-01-21 12:30:00-05:00,245.82009887695312,246.47000122070312,245.5800018310547,245.8800048828125,2014674
2026-01-21 13:30:00-05:00,245.8800048828125,247.33999633789062,245.5,247.1103057861328,2357430
2026-01-21 14:30:00-05:00,247.1300048828125,251.55999755859375,247.10000610351562,248.38279724121094,7875948
2026-01-21 15:30:00-05:00,248.38999938964844,248.5800018310547,246.83999633789062,247.6300048828125,4345116
2026-01-22 09:30:00-05:00,249.36000061035156,250.7799072265625,248.38499450683594,250.1300048828125,7300630
2026-01-22 10:30:00-05:00,250.14999389648438,250.16000366210938,249.0,249.6999053955078,3165743
2026-01-22 11:30:00-05:00,249.69500732421875,249.89999389648438,249.25999450683594,249.74000549316406,1884417
2026-01-22 12:30:00-05:00,249.75,250.82000732421875,249.72999572753906,250.67999267578125,1833609
2026-01-22 13:30:00-05:00,250.6699981689453,251.0,249.75010681152344,250.52000427246094,2047891
2026-01-22 14:30:00-05:00,250.50999450683594,250.625,248.26510620117188,248.3699951171875,3355209
2026-01-22 15:30:00-05:00,248.33999633789062,248.9199981689453,248.17999267578125,248.33999633789062,2783413
2026-01-23 09:30:00-05:00,247.24000549316406,247.24000549316406,244.67999267578125,247.01010131835938,7601136
2026-01-23 10:30:00-05:00,247.02000427246094,249.41000366210938,246.97000122070312,248.35000610351562,3278816
2026-01-23 11:30:00-05:00,248.3699951171875,248.8000030517578,247.8800048828125,248.73989868164062,2265060
2026-01-23 12:30:00-05:00,248.72000122070312,248.80990600585938,247.61000061035156,247.92999267578125,1917334
2026-01-23 13:30:00-05:00,247.9600067138672,248.0299072265625,246.97000122070312,247.47500610351562,2288849
2026-01-23 14:30:00-05:00,247.47000122070312,248.47000122070312,247.40499877929688,248.19000244140625,1941323
2026-01-23 15:30:00-05:00,248.19000244140625,248.85000610351562,247.7449951171875,247.97000122070312,2635711
2026-01-26 09:30:00-05:00,251.47999572753906,254.88999938964844,249.8000030517578,254.0399932861328,9810606
2026-01-26 10:30:00-05:00,254.0399932861328,255.5,253.9199981689453,255.0998992919922,4941159
2026-01-26 11:30:00-05:00,255.0850067138672,255.4199981689453,254.25999450683594,254.5,3015226
2026-01-26 12:30:00-05:00,254.47000122070312,254.75,254.0800018310547,254.64999389648438,1861533
2026-01-26 13:30:00-05:00,254.63999938964844,255.97000122070312,254.32000732421875,255.94000244140625,3013817
2026-01-26 14:30:00-05:00,255.92999267578125,256.55999755859375,255.47000122070312,255.72500610351562,3495145
2026-01-26 15:30:00-05:00,255.72999572753906,255.99000549316406,254.89999389648438,255.4199981689453,14219113
2026-01-27 09:30:00-05:00,259.1400146484375,261.95001220703125,258.6600036621094,259.8450012207031,10912773
2026-01-27 10:30:00-05:00,259.8599853515625,261.3900146484375,259.760009765625,260.7200012207031,3262895
2026-01-27 11:30:00-05:00,260.7200012207031,261.3599853515625,260.4700012207031,261.30999755859375,2175987
2026-01-27 12:30:00-05:00,261.30010986328125,261.3500061035156,260.2301025390625,260.2550048828125,1989091
2026-01-27 13:30:00-05:00,260.2699890136719,260.3599853515625,259.5199890136719,259.875,2504629
2026-01-27 14:30:00-05:00,259.875,260.0400085449219,259.1499938964844,259.3800048828125,2602286
2026-01-27 15:30:00-05:00,259.385009765625,259.67498779296875,258.2099914550781,258.2799987792969,2715151
2026-01-28 09:30:00-05:00,257.55999755859375,258.8550109863281,255.21499633789062,256.0899963378906,6604210
2026-01-28 10:30:00-05:00,256.05999755859375,256.7099914550781,255.25999450683594,255.49000549316406,2745774
2026-01-28 11:30:00-05:00,255.47000122070312,255.47999572753906,254.66000366210938,254.82000732421875,2230506
2026-01-28 12:30:00-05:00,254.8000030517578,255.38999938964844,254.50999450683594,255.2550048828125,1683148
2026-01-28 13:30:00-05:00,255.25999450683594,255.8800048828125,254.77999877929688,255.11000061035156,1899457
2026-01-28 14:30:00-05:00,255.0800018310547,256.6400146484375,255.0500030517578,256.4750061035156,3391568
2026-01-28 15:30:00-05:00,256.4599914550781,256.8999938964844,255.92999267578125,256.44000244140625,3092338
2026-01-29 09:30:00-05:00,258.07000732421875,259.6499938964844,255.49000549316406,256.8999938964844,7282171
2026-01-29 10:30:00-05:00,256.8900146484375,257.0400085449219,254.41000366210938,256.1700134277344,4801889
2026-01-29 11:30:00-05:00,256.1300048828125,257.4100036621094,255.1199951171875,257.2200012207031,3524580
2026-01-29 12:30:00-05:00,257.20001220703125,257.6700134277344,256.54998779296875,257.3800048828125,3232719
2026-01-29 13:30:00-05:00,257.364990234375,258.1816101074219,257.1600036621094,258.1449890136719,3079026
2026-01-29 14:30:00-05:00,258.1449890136719,258.5683898925781,257.7401123046875,258.2950134277344,4240841
2026-01-29 15:30:00-05:00,258.30999755859375,259.3500061035156,257.75,258.17498779296875,5837763
2026-01-30 09:30:00-05:00,255.1649932861328,258.70001220703125,252.17999267578125,254.0,18411294
2026-01-30 10:30:00-05:00,254.0800018310547,254.9499969482422,253.69500732421875,254.9199981689453,595102
2026-02-02 13:30:00-05:00,266.7900085449219,267.3500061035156,266.6199951171875,267.17999267578125,7990643
2026-02-02 14:30:00-05:00,267.125,269.56988525390625,266.82000732421875,268.9800109863281,6110168
2026-02-02 15:30:00-05:00,268.9750061035156,270.489990234375,268.8399963378906,269.9599914550781,6031354
2026-02-03 09:30:00-05:00,269.1300048828125,271.5799865722656,267.69000244140625,269.885009765625,9032813
2026-02-03 10:30:00-05:00,269.8500061035156,271.2850036621094,267.6099853515625,268.8949890136719,5335029
2026-02-03 11:30:00-05:00,268.8999938964844,270.5,268.2900085449219,268.8999938964844,3977028
2026-02-03 12:30:00-05:00,268.8900146484375,270.3699951171875,268.7550048828125,269.3399963378906,3592052
2026-02-03 13:30:00-05:00,269.3349914550781,271.875,268.8500061035156,271.4800109863281,4426151
2026-02-03 14:30:00-05:00,271.4700012207031,271.70001220703125,268.6700134277344,269.2099914550781,3448770
2026-02-03 15:30:00-05:00,269.2149963378906,270.04998779296875,268.8399963378906,269.4599914550781,3048085
2026-02-04 09:30:00-05:00,272.30999755859375,278.80999755859375,272.2850036621094,276.1000061035156,14363169
2026-02-04 10:30:00-05:00,276.125,277.3900146484375,275.29998779296875,277.21380615234375,5901048
2026-02-04 11:30:00-05:00,277.1935119628906,277.260009765625,273.8999938964844,275.25,5657904
2026-02-04 12:30:00-05:00,275.2699890136719,276.114990234375,273.1400146484375,275.6000061035156,5072262
2026-02-04 13:30:00-05:00,275.6199951171875,275.760009765625,274.3500061035156,274.9100036621094,3128540
2026-02-04 14:30:00-05:00,274.90020751953125,278.0799865722656,274.8299865722656,277.6099853515625,5267006
2026-02-04 15:30:00-05:00,277.6099853515625,278.95001220703125,276.3599853515625,276.4599914550781,7312922
2026-02-05 09:30:00-05:00,278.0199890136719,279.44000244140625,273.2300109863281,276.7850036621094,9310150
2026-02-05 10:30:00-05:00,276.7900085449219,277.3999938964844,273.2900085449219,275.2200012207031,4526349
2026-02-05 11:30:00-05:00,275.2900085449219,275.5,273.5249938964844,274.739990234375,2531820
2026-02-05 12:30:00-05:00,274.7200012207031,274.9800109863281,273.9100036621094,274.32000732421875,1764770
2026-02-05 13:30:00-05:00,274.260009765625,277.57000732421875,274.114990234375,277.0450134277344,2995492
2026-02-05 14:30:00-05:00,277.06500244140625,277.7200012207031,276.085693359375,276.6300048828125,3087121
2026-02-05 15:30:00-05:00,276.6300048828125,276.9100036621094,275.3500061035156,275.9200134277344,3990713
2026-02-06 09:30:00-05:00,277.1600036621094,280.9049987792969,277.0,279.2900085449219,10301776
2026-02-06 10:30:00-05:00,279.29998779296875,279.95001220703125,278.53021240234375,279.114990234375,3913103
2026-02-06 11:30:00-05:00,279.1000061035156,279.7749938964844,278.239990234375,278.67999267578125,3039580
2026-02-06 12:30:00-05:00,278.7099914550781,278.79998779296875,277.4901123046875,277.7749938964844,2618460
2026-02-06 13:30:00-05:00,277.79998779296875,277.9599914550781,276.92498779296875,277.1300048828125,2548586
2026-02-06 14:30:00-05:00,277.1300048828125,278.75,276.9949951171875,277.6600036621094,3186499
2026-02-06 15:30:00-05:00,277.6549987792969,279.010009765625,277.57000732421875,278.0799865722656,3255323
2026-02-09 09:30:00-05:00,277.9049987792969,278.20001220703125,273.04998779296875,273.08270263671875,6334544
2026-02-09 10:30:00-05:00,273.0899963378906,273.75,272.7699890136719,273.398193359375,2792572
2026-02-09 11:30:00-05:00,273.3699951171875,273.79998779296875,271.70001220703125,272.0115051269531,3245579
2026-02-09 12:30:00-05:00,272.0400085449219,272.3399963378906,271.7699890136719,271.9800109863281,1937150
2026-02-09 13:30:00-05:00,271.9800109863281,273.7099914550781,271.8399963378906,273.6199951171875,2566471
2026-02-09 14:30:00-05:00,273.6300048828125,274.25,272.9150085449219,274.0400085449219,2368415
2026-02-09 15:30:00-05:00,274.0299987792969,275.1199951171875,273.510009765625,274.5400085449219,3837569
2026-02-10 09:30:00-05:00,274.885009765625,275.3599853515625,273.2099914550781,274.4200134277344,4751268
2026-02-10 10:30:00-05:00,274.3900146484375,274.9100036621094,273.989990234375,274.05999755859375,1866180
2026-02-10 11:30:00-05:00,274.0199890136719,274.0498962402344,272.94000244140625,273.3500061035156,2051404
2026-02-10 12:30:00-05:00,273.3500061035156,274.19000244140625,273.1499938964844,274.05499267578125,1646593
2026-02-10 13:30:00-05:00,274.05499267578125,274.2699890136719,273.6600036621094,273.9649963378906,1371940
2026-02-10 14:30:00-05:00,273.9700012207031,274.29998779296875,273.5199890136719,274.07000732421875,1515644
2026-02-10 15:30:00-05:00,274.0799865722656,274.489990234375,273.30999755859375,273.7900085449219,2174373
2026-02-11 09:30:00-05:00,274.69500732421875,277.44000244140625,274.45001220703125,277.05010986328125,9496956
2026-02-11 10:30:00-05:00,277.1000061035156,279.9800109863281,277.0400085449219,278.19000244140625,4696556
2026-02-11 11:30:00-05:00,278.19000244140625,280.17999267578125,278.1600036621094,279.94500732421875,2685096
2026-02-11 12:30:00-05:00,279.910400390625,280.1499938964844,278.5,278.9599914550781,1893097
2026-02-11 13:30:00-05:00,278.93499755859375,279.6700134277344,278.5,279.5799865722656,1790251
2026-02-11 14:30:00-05:00,279.5799865722656,279.5899963378906,274.81060791015625,276.04998779296875,6599667
2026-02-11 15:30:00-05:00,276.010009765625,276.54998779296875,275.4599914550781,275.5400085449219,2931248
2026-02-12 09:30:00-05:00,275.6000061035156,275.7200012207031,270.05999755859375,271.25,7475539
2026-02-12 10:30:00-05:00,271.260009765625,271.75,266.1499938964844,266.1700134277344,5405536
2026-02-12 11:30:00-05:00,266.19000244140625,267.0400085449219,264.4200134277344,264.6000061035156,4717401
2026-02-12 12:30:00-05:00,264.57000732421875,264.6499938964844,260.17999267578125,262.3299865722656,7147306
2026-02-12 13:30:00-05:00,262.30999755859375,262.6700134277344,261.2300109863281,261.7799987792969,4007694
2026-02-12 14:30:00-05:00,261.7699890136719,262.489990234375,261.1000061035156,261.489990234375,3918342
2026-02-12 15:30:00-05:00,261.4800109863281,262.510009765625,260.2799987792969,261.5899963378906,5638818
2026-02-13 09:30:00-05:00,262.010009765625,262.2300109863281,258.79998779296875,260.5950012207031,9803254
2026-02-13 10:30:00-05:00,260.5799865722656,261.489990234375,258.3699951171875,259.2875061035156,3397399
2026-02-13 11:30:00-05:00,259.2984924316406,260.2099914550781,258.6000061035156,259.5899963378906,2315506
2026-02-13 12:30:00-05:00,259.5899963378906,260.2699890136719,258.7699890136719,258.9100036621094,2742312
2026-02-13 13:30:00-05:00,258.94000244140625,259.30999755859375,258.2799987792969,258.4599914550781,2401615
2026-02-13 14:30:00-05:00,258.4800109863281,258.7300109863281,255.8173065185547,255.91000366210938,3979292
2026-02-13 15:30:00-05:00,255.91000366210938,256.6600036621094,255.4499969482422,255.82000732421875,6720926
2026-02-17 09:30:00-05:00,258.04998779296875,261.3900146484375,255.55299377441406,259.6400146484375,8096132
2026-02-17 10:30:00-05:00,259.6300048828125,260.9800109863281,258.739990234375,260.2650146484375,3490944
2026-02-17 11:30:00-05:00,260.2550048828125,262.2300109863281,259.92999267578125,261.84991455078125,3136235
2026-02-17 12:30:00-05:00,261.8500061035156,263.67999267578125,260.9100036621094,263.3999938964844,3395782
2026-02-17 13:30:00-05:00,263.4599914550781,266.2900085449219,263.32000732421875,265.2850036621094,4164675
2026-02-17 14:30:00-05:00,265.260009765625,266.14990234375,264.0201110839844,264.2900085449219,2825612
2026-02-17 15:30:00-05:00,264.2950134277344,264.5299987792969,262.5,263.75,4178204
2026-02-18 09:30:00-05:00,263.5,265.6499938964844,262.45001220703125,265.398193359375,7797779
2026-02-18 10:30:00-05:00,265.3900146484375,266.0899963378906,265.0400085449219,266.0400085449219,2372744
2026-02-18 11:30:00-05:00,266.0249938964844,266.82000732421875,265.1700134277344,265.4200134277344,1840765
2026-02-18 12:30:00-05:00,265.4100036621094,265.9599914550781,265.0,265.39990234375,1335418
2026-02-18 13:30:00-05:00,265.3800048828125,265.5790100097656,264.52301025390625,264.57000732421875,1312561
2026-02-18 14:30:00-05:00,264.5950012207031,264.6299133300781,263.2099914550781,263.739990234375,1727473
2026-02-18 15:30:00-05:00,263.739990234375,265.5299987792969,263.739990234375,264.32000732421875,3105119
2026-02-19 09:30:00-05:00,262.6000061035156,264.3500061035156,262.2900085449219,262.8699951171875,4372727
2026-02-19 10:30:00-05:00,262.8800048828125,264.4800109863281,262.7601013183594,263.6199951171875,1726762
2026-02-19 11:30:00-05:00,263.6700134277344,264.1400146484375,262.6900939941406,262.94000244140625,1785992
2026-02-19 12:30:00-05:00,262.8999938964844,263.05999755859375,261.4200134277344,261.7699890136719,1237800
2026-02-19 13:30:00-05:00,261.739990234375,262.368896484375,261.5,261.5400085449219,1203819
2026-02-19 14:30:00-05:00,261.510009765625,261.6700134277344,260.2699890136719,260.760009765625,1954329
2026-02-19 15:30:00-05:00,260.760009765625,261.29998779296875,260.04998779296875,260.510009765625,2956715
2026-02-20 09:30:00-05:00,258.9549865722656,262.3500061035156,258.1600036621094,260.57049560546875,6967496
2026-02-20 10:30:00-05:00,260.54998779296875,263.260009765625,260.2773132324219,261.42999267578125,2960036
2026-02-20 11:30:00-05:00,261.4200134277344,264.75,261.2300109863281,262.29998779296875,3078479
2026-02-20 12:30:00-05:00,262.2695007324219,263.92999267578125,261.6099853515625,263.6099853515625,2014188
2026-02-20 13:30:00-05:00,263.57501220703125,264.7300109863281,263.1600036621094,264.42999267578125,1630010
2026-02-20 14:30:00-05:00,264.44000244140625,264.7099914550781,263.2850036621094,263.3301086425781,1887447
2026-02-20 15:30:00-05:00,263.3450012207031,264.7449951171875,263.0899963378906,264.5899963378906,13540364
2026-02-23 09:30:00-05:00,263.489990234375,267.739990234375,263.3810119628906,267.04998779296875,7631864
2026-02-23 10:30:00-05:00,267.0899963378906,267.5299072265625,264.75,266.5899963378906,1006448
2026-02-23 11:30:00-05:00,266.57000732421875,267.34588623046875,265.8399963378906,267.1297912597656,2169664
2026-02-23 12:30:00-05:00,267.10699462890625,269.3699951171875,266.8612060546875,269.3349914550781,2699181
2026-02-23 13:30:00-05:00,269.3399963378906,269.42999267578125,267.25,267.29998779296875,2303781
2026-02-23 14:30:00-05:00,267.2701110839844,267.3299865722656,266.2799987792969,266.7799987792969,2444216
2026-02-23 15:30:00-05:00,266.80999755859375,267.20001220703125,265.989990234375,266.3900146484375,2450818
2026-02-24 09:30:00-05:00,268.0,274.8900146484375,267.739990234375,273.6700134277344,8122809
2026-02-24 10:30:00-05:00,273.67999267578125,274.82000732421875,272.3599853515625,273.2200012207031,10039980
2026-02-24 11:30:00-05:00,273.2250061035156,273.239990234375,271.989990234375,272.510009765625,0
2026-02-24 12:30:00-05:00,272.489990234375,272.7900085449219,271.5950012207031,271.5950012207031,1641925
2026-02-24 13:30:00-05:00,271.6000061035156,272.54998779296875,271.3699951171875,272.2900085449219,1871775
2026-02-24 14:30:00-05:00,272.2799987792969,272.7200012207031,271.3800048828125,271.909912109375,2122079
2026-02-24 15:30:00-05:00,271.9100036621094,272.4299011230469,271.4800109863281,272.1700134277344,13328406
2026-02-25 09:30:00-05:00,271.67999267578125,274.0799865722656,271.04998779296875,273.6300048828125,5230897
2026-02-25 10:30:00-05:00,273.6300048828125,274.58990478515625,272.9200134277344,273.9649963378906,2463949
2026-02-25 11:30:00-05:00,273.9150085449219,274.06988525390625,272.9599914550781,273.6099853515625,1694059
2026-02-25 12:30:00-05:00,273.6099853515625,274.6300048828125,273.4200134277344,274.3500061035156,1522519
2026-02-25 13:30:00-05:00,274.3299865722656,274.94000244140625,274.17999267578125,274.4100036621094,1635951
2026-02-25 14:30:00-05:00,274.4100036621094,274.5400085449219,273.2099914550781,273.75,1879899
2026-02-25 15:30:00-05:00,273.7200012207031,274.7200012207031,273.625,274.17999267578125,2422723
2026-02-26 09:30:00-05:00,274.9549865722656,276.1099853515625,270.8399963378906,272.0,5054219
2026-02-26 10:30:00-05:00,271.9200134277344,272.78509521484375,270.7950134277344,272.5400085449219,2579542
2026-02-26 11:30:00-05:00,272.5299987792969,272.7300109863281,271.5126953125,271.760009765625,1300410
2026-02-26 12:30:00-05:00,271.7550048828125,272.0249938964844,270.9100036621094,271.3900146484375,1189482
2026-02-26 13:30:00-05:00,271.4100036621094,272.94000244140625,270.8529968261719,272.79998779296875,1838921
2026-02-26 14:30:00-05:00,272.80499267578125,273.5,272.5799865722656,272.6300048828125,1756013
2026-02-26 15:30:00-05:00,272.6449890136719,273.07000732421875,272.20001220703125,272.989990234375,1906660
2026-02-27 09:30:00-05:00,272.80999755859375,272.80999755859375,268.29998779296875,268.5050048828125,8446879
2026-02-27 10:30:00-05:00,268.4700927734375,269.6400146484375,268.1919860839844,269.05499267578125,0
2026-02-27 11:30:00-05:00,269.07000732421875,269.5199890136719,267.2699890136719,267.8841857910156,1958841
2026-02-27 12:30:00-05:00,267.8699951171875,268.260009765625,265.8800048828125,265.9508056640625,8433506
2026-02-27 13:30:00-05:00,265.95001220703125,266.4800109863281,265.4801025390625,265.7300109863281,0
2026-02-27 14:30:00-05:00,265.7300109863281,266.8999938964844,265.260009765625,266.6400146484375,2562786
2026-02-27 15:30:00-05:00,266.6300048828125,266.6300048828125,262.8900146484375,264.1700134277344,9125681
2026-03-02 09:30:00-05:00,262.44000244140625,264.5398864746094,260.20001220703125,263.80999755859375,9648357
2026-03-02 10:30:00-05:00,263.82000732421875,265.0299987792969,262.0,264.3599853515625,439306
2026-03-02 11:30:00-05:00,264.3599853515625,266.20001220703125,264.0,266.0,2203439
2026-03-02 12:30:00-05:00,265.9949951171875,266.2900085449219,265.25,265.5,1644931
2026-03-02 13:30:00-05:00,265.52801513671875,266.1499938964844,264.3599853515625,266.05999755859375,6993135
2026-03-02 14:30:00-05:00,266.0450134277344,266.5299987792969,264.1400146484375,264.30999755859375,3422545
2026-03-02 15:30:00-05:00,264.31500244140625,265.54998779296875,263.6099853515625,264.6000061035156,5738581
2026-03-03 09:30:00-05:00,263.4800109863281,265.55999755859375,261.2200012207031,262.260009765625,8047558
2026-03-03 10:30:00-05:00,262.2799987792969,263.94000244140625,261.9100036621094,262.57000732421875,4016845
2026-03-03 11:30:00-05:00,262.4800109863281,263.7799987792969,261.5799865722656,261.80999755859375,2940122
2026-03-03 12:30:00-05:00,261.79998779296875,261.8699951171875,260.1300048828125,261.4800109863281,2901307
2026-03-03 13:30:00-05:00,261.44000244140625,263.9100036621094,261.3699951171875,263.6549987792969,2917518
2026-03-03 14:30:00-05:00,263.6700134277344,264.614990234375,262.510009765625,263.2799987792969,2571377
2026-03-03 15:30:00-05:00,263.239990234375,263.9599914550781,262.3399963378906,263.6889953613281,4138461
2026-03-04 09:30:00-05:00,264.6499938964844,266.1499938964844,261.4200134277344,264.1300048828125,7214854
2026-03-04 10:30:00-05:00,264.125,264.7200012207031,262.81500244140625,264.5299987792969,3576211
2026-03-04 11:30:00-05:00,264.5199890136719,265.510009765625,264.29998779296875,264.8999938964844,3050842
2026-03-04 12:30:00-05:00,264.9100036621094,265.3599853515625,263.3399963378906,263.7799987792969,2827303
2026-03-04 13:30:00-05:00,263.79998779296875,264.19500732421875,263.05999755859375,263.3500061035156,2889009
2026-03-04 14:30:00-05:00,263.3399963378906,263.67999267578125,262.0599060058594,262.7300109863281,3383632
2026-03-04 15:30:00-05:00,262.7099914550781,263.1600036621094,262.16461181640625,262.45001220703125,4837636
2026-03-05 09:30:00-05:00,260.7449951171875,261.45001220703125,258.5400085449219,258.8699951171875,10468747
2026-03-05 10:30:00-05:00,258.9100036621094,261.2250061035156,258.07501220703125,260.7550048828125,4851072
2026-03-05 11:30:00-05:00,260.760009765625,261.55499267578125,258.9700012207031,259.0199890136719,3933354
2026-03-05 12:30:00-05:00,259.0400085449219,259.489990234375,258.4949951171875,258.9090881347656,3426289
2026-03-05 13:30:00-05:00,258.9200134277344,259.17999267578125,257.760009765625,257.8599853515625,3356489
2026-03-05 14:30:00-05:00,257.8450012207031,259.489990234375,257.25,258.69000244140625,4038383
2026-03-05 15:30:00-05:00,258.67999267578125,260.55999755859375,258.4100036621094,260.260009765625,7022514
2026-03-06 09:30:00-05:00,258.739990234375,258.760009765625,254.3699951171875,256.70001220703125,8565069
2026-03-06 10:30:00-05:00,256.69500732421875,257.95001220703125,256.0799865722656,257.25,3270567
2026-03-06 11:30:00-05:00,257.29998779296875,257.489990234375,256.3900146484375,256.7699890136719,3297640
2026-03-06 12:30:00-05:00,256.7699890136719,257.5899963378906,256.05999755859375,256.4750061035156,2387760
2026-03-06 13:30:00-05:00,256.4750061035156,257.2300109863281,255.91000366210938,257.17999267578125,2090262
2026-03-06 14:30:00-05:00,257.1700134277344,257.96990966796875,256.8005065917969,256.9100036621094,2795477
2026-03-06 15:30:00-05:00,256.9200134277344,258.010009765625,256.44000244140625,257.44000244140625,5129423
2026-03-09 09:30:00-04:00,255.69000244140625,257.0198974609375,253.6804962158203,255.7100067138672,7181497
2026-03-09 10:30:00-04:00,255.66000366210938,257.8800048828125,255.6300048828125,257.7300109863281,3727402
2026-03-09 11:30:00-04:00,257.7200012207031,258.2699890136719,257.1499938964844,257.57000732421875,3050497
2026-03-09 12:30:00-04:00,257.5799865722656,258.0899963378906,256.5400085449219,256.6300048828125,2401092
2026-03-09 13:30:00-04:00,256.6499938964844,257.364990234375,255.9499969482422,257.1499938964844,2688859
2026-03-09 14:30:00-04:00,257.1317138671875,259.57000732421875,256.5199890136719,259.4800109863281,4105990
2026-03-09 15:30:00-04:00,259.4599914550781,261.1499938964844,259.010009765625,259.8900146484375,4821540
2026-03-10 09:30:00-04:00,257.69500732421875,260.25,256.95001220703125,259.9700012207031,5290551
2026-03-10 10:30:00-04:00,259.9400939941406,261.7799987792969,259.9150085449219,261.30999755859375,3031430
2026-03-10 11:30:00-04:00,261.29998779296875,261.9800109863281,261.0,261.8699951171875,2380233
2026-03-10 12:30:00-04:00,261.8900146484375,262.4800109863281,260.82000732421875,262.20001220703125,2603212
2026-03-10 13:30:00-04:00,262.19000244140625,262.4800109863281,260.4700012207031,261.6700134277344,3001027
2026-03-10 14:30:00-04:00,261.70001220703125,261.9700012207031,260.42999267578125,260.5050048828125,2377024
2026-03-10 15:30:00-04:00,260.4700012207031,261.20001220703125,260.35009765625,260.7200012207031,3231160
2026-03-11 09:30:00-04:00,261.2099914550781,262.1300048828125,259.54998779296875,259.9949951171875,4281023
2026-03-11 10:30:00-04:00,260.0,260.9599914550781,259.8599853515625,260.1000061035156,2604285
2026-03-11 11:30:00-04:00,260.1199951171875,260.8680114746094,259.8500061035156,260.6449890136719,1954747
2026-03-11 12:30:00-04:00,260.6199951171875,261.20001220703125,260.5,261.02508544921875,1517902
2026-03-11 13:30:00-04:00,261.0400085449219,261.1300048828125,259.6300048828125,260.1099853515625,1845686
2026-03-11 14:30:00-04:00,260.1000061035156,260.3999938964844,259.80999755859375,260.1317138671875,1606862
2026-03-11 15:30:00-04:00,260.1400146484375,261.1000061035156,260.0400085449219,260.80999755859375,3235002
2026-03-12 09:30:00-04:00,258.6400146484375,258.95001220703125,254.6699981689453,254.6699981689453,7250332
2026-03-12 10:30:00-04:00,254.66000366210938,255.7899932861328,254.35000610351562,255.35499572753906,3974410
2026-03-12 11:30:00-04:00,255.3300018310547,256.25,254.17999267578125,255.65780639648438,3679550
2026-03-12 12:30:00-04:00,255.6300048828125,255.9499969482422,254.77000427246094,255.0500030517578,3104437
2026-03-12 13:30:00-04:00,255.04010009765625,255.67999267578125,254.80999755859375,255.39500427246094,2746542
2026-03-12 14:30:00-04:00,255.3699951171875,256.25,254.88999938964844,256.0899963378906,3162742
2026-03-12 15:30:00-04:00,256.09991455078125,256.2051086425781,254.97000122070312,255.75,4532523
2026-03-13 09:30:00-04:00,255.39999389648438,256.3299865722656,254.6407012939453,255.4250030517578,5452768
2026-03-13 10:30:00-04:00,255.42999267578125,255.80999755859375,253.27000427246094,253.3007049560547,3280492
2026-03-13 11:30:00-04:00,253.3300018310547,253.50999450683594,251.85000610351562,252.65499877929688,3395163
2026-03-13 12:30:00-04:00,252.63999938964844,252.97000122070312,250.9600067138672,251.17999267578125,4343212
2026-03-13 13:30:00-04:00,251.18499755859375,251.65750122070312,250.779296875,251.26400756835938,2493737
2026-03-13 14:30:00-04:00,251.25999450683594,251.84500122070312,250.2100067138672,250.2949981689453,3296194
2026-03-13 15:30:00-04:00,250.27999877929688,250.6199951171875,249.52000427246094,250.11500549316406,6367474
2026-03-16 09:30:00-04:00,252.10499572753906,253.58999633789062,249.91000366210938,253.2357940673828,4604631
2026-03-16 10:30:00-04:00,253.22000122070312,253.88499450683594,252.9199981689453,253.01499938964844,2784630
2026-03-16 11:30:00-04:00,253.00999450683594,253.5399932861328,252.20010375976562,252.36500549316406,1738509
2026-03-16 12:30:00-04:00,252.35000610351562,253.3300018310547,252.1999969482422,252.92999267578125,1437485
2026-03-16 13:30:00-04:00,252.94000244140625,253.05999755859375,252.1300048828125,252.9199981689453,1544256
2026-03-16 14:30:00-04:00,252.9219970703125,253.44000244140625,252.27000427246094,252.86199951171875,1954982
2026-03-16 15:30:00-04:00,252.83999633789062,253.05999755859375,252.11000061035156,252.77999877929688,2287594
2026-03-17 09:30:00-04:00,253.07850646972656,255.0749969482422,252.17999267578125,254.44000244140625,3494086
2026-03-17 10:30:00-04:00,254.47999572753906,254.9499969482422,253.80079650878906,254.1699981689453,1412006
2026-03-17 11:30:00-04:00,254.14999389648438,255.12989807128906,253.66000366210938,254.86000061035156,1738870
2026-03-17 12:30:00-04:00,254.8699951171875,255.02999877929688,253.55999755859375,253.9199981689453,6074290
2026-03-17 13:30:00-04:00,253.91000366210938,254.6300048828125,253.88499450683594,254.10000610351562,0
2026-03-17 14:30:00-04:00,254.09500122070312,254.3300018310547,253.13009643554688,253.77000427246094,1332707
2026-03-17 15:30:00-04:00,253.77999877929688,254.5800018310547,253.67999267578125,254.22999572753906,1930468
2026-03-18 09:30:00-04:00,252.625,254.94000244140625,251.3800048828125,252.35499572753906,3152133
2026-03-18 10:30:00-04:00,252.33999633789062,253.05999755859375,252.0800018310547,252.3199005126953,2064997
2026-03-18 11:30:00-04:00,252.30999755859375,252.3300018310547,251.4600067138672,251.57009887695312,1753188
2026-03-18 12:30:00-04:00,251.5749969482422,251.58999633789062,250.38999938964844,250.80499267578125,1604382
2026-03-18 13:30:00-04:00,250.7899932861328,251.64759826660156,250.5399932861328,250.9600067138672,1514045
2026-03-18 14:30:00-04:00,250.94000244140625,250.94500732421875,249.61000061035156,249.67999267578125,1957409
2026-03-18 15:30:00-04:00,249.69400024414062,250.35000610351562,249.0,249.91000366210938,2998677
2026-03-19 09:30:00-04:00,249.39999389648438,251.8300018310547,247.3000030517578,249.8000030517578,5282204
2026-03-19 10:30:00-04:00,249.80099487304688,250.7100067138672,249.14010620117188,249.41000366210938,1824930
2026-03-19 11:30:00-04:00,249.41000366210938,249.95260620117188,248.8800048828125,249.25999450683594,1704879
2026-03-19 12:30:00-04:00,249.27499389648438,249.4199981689453,247.7100067138672,248.2801055908203,7064876
2026-03-19 13:30:00-04:00,248.2949981689453,248.5299072265625,247.6699981689453,248.02200317382812,0
2026-03-19 14:30:00-04:00,248.00999450683594,249.58999633789062,247.6699981689453,248.47000122070312,2599457
2026-03-19 15:30:00-04:00,248.44000244140625,249.3300018310547,248.2899932861328,248.90699768066406,2408615
2026-03-20 09:30:00-04:00,248.11000061035156,248.75999450683594,246.61000061035156,247.75999450683594,16388329
2026-03-20 10:30:00-04:00,247.80999755859375,248.85000610351562,247.16009521484375,247.98500061035156,6539448
2026-03-20 11:30:00-04:00,247.9499969482422,249.05999755859375,247.86000061035156,248.6199951171875,2911321
2026-03-20 12:30:00-04:00,248.6300048828125,248.7899932861328,248.0800018310547,248.27000427246094,2570162
2026-03-20 13:30:00-04:00,248.2899932861328,248.75990295410156,247.5301055908203,248.0399932861328,2895312
2026-03-20 14:30:00-04:00,248.08999633789062,249.1999053955078,247.58999633789062,248.08999633789062,3994932
2026-03-20 15:30:00-04:00,248.08999633789062,248.1999969482422,246.0,248.19000244140625,6366085
2026-03-23 09:30:00-04:00,253.99000549316406,254.55999755859375,251.02000427246094,252.4398956298828,9464664
2026-03-23 10:30:00-04:00,252.4199981689453,252.9199981689453,251.52999877929688,252.57989501953125,3394637
2026-03-23 11:30:00-04:00,252.58999633789062,252.90499877929688,250.6750030517578,250.80499267578125,4431092
2026-03-23 12:30:00-04:00,250.80999755859375,251.75,250.27999877929688,250.9199981689453,2569031
2026-03-23 13:30:00-04:00,250.9550018310547,251.98500061035156,250.89999389648438,251.3300018310547,2523158
2026-03-23 14:30:00-04:00,251.3699951171875,252.4149932861328,251.3699951171875,251.76499938964844,2979367
2026-03-23 15:30:00-04:00,251.76499938964844,252.52499389648438,250.97000122070312,251.44000244140625,4373303
2026-03-24 09:30:00-04:00,250.49000549316406,253.1199951171875,249.5500030517578,252.47000122070312,5324672
2026-03-24 10:30:00-04:00,252.44000244140625,254.1699981689453,251.74000549316406,253.98500061035156,4425199
2026-03-24 11:30:00-04:00,253.97999572753906,254.8249969482422,253.38490295410156,254.58999633789062,2900185
2026-03-24 12:30:00-04:00,254.59689331054688,254.7100067138672,252.76499938964844,253.05999755859375,2254333
2026-03-24 13:30:00-04:00,253.0500030517578,253.5399932861328,252.2949981689453,252.57000732421875,2463029
2026-03-24 14:30:00-04:00,252.58999633789062,253.1501007080078,252.0800018310547,252.089599609375,2249663
2026-03-24 15:30:00-04:00,252.08990478515625,252.1300048828125,251.22000122070312,251.75,3583757
2026-03-25 09:30:00-04:00,254.02000427246094,254.97999572753906,251.60000610351562,252.86000061035156,5252200
2026-03-25 10:30:00-04:00,252.8699951171875,254.2899932861328,252.60000610351562,254.2449951171875,3411621
2026-03-25 11:30:00-04:00,254.24000549316406,254.4600067138672,253.08999633789062,253.9250030517578,2284849
2026-03-25 12:30:00-04:00,254.0,254.64999389648438,253.74000549316406,254.14500427246094,2123725
2026-03-25 13:30:00-04:00,254.1199951171875,254.50999450683594,253.73500061035156,253.9600067138672,1763468
2026-03-25 14:30:00-04:00,253.9499969482422,254.05499267578125,252.25999450683594,252.625,2548509
2026-03-25 15:30:00-04:00,252.63499450683594,252.71499633789062,252.00999450683594,252.57000732421875,3058584
2026-03-26 09:30:00-04:00,251.9949951171875,256.239990234375,250.77499389648438,255.91000366210938,7345489
2026-03-26 10:30:00-04:00,255.89999389648438,257.0,255.50999450683594,255.67999267578125,5446373
2026-03-26 11:30:00-04:00,255.69000244140625,256.7699890136719,255.57000732421875,256.1000061035156,3382555
2026-03-26 12:30:00-04:00,256.1000061035156,256.4599914550781,254.59010314941406,254.99000549316406,3520903
2026-03-26 13:30:00-04:00,254.97999572753906,255.11500549316406,253.38999938964844,253.8249969482422,4260523
2026-03-26 14:30:00-04:00,253.85000610351562,254.51499938964844,253.13999938964844,253.6699981689453,3242928
2026-03-26 15:30:00-04:00,253.67999267578125,253.72500610351562,252.02000427246094,252.8800048828125,4420545
2026-03-27 09:30:00-04:00,253.91000366210938,255.4929962158203,252.7801055908203,254.47999572753906,9684416
2026-03-27 10:30:00-04:00,254.4600067138672,254.69000244140625,251.8000030517578,252.6199951171875,5252638
2026-03-27 11:30:00-04:00,252.6199951171875,253.24000549316406,251.69000244140625,251.77999877929688,3302520
2026-03-27 12:30:00-04:00,251.77499389648438,252.75999450683594,250.3699951171875,250.41000366210938,3282303
2026-03-27 13:30:00-04:00,250.41000366210938,250.5800018310547,248.63499450683594,249.38499450683594,4579763
2026-03-27 14:30:00-04:00,249.4199981689453,249.52000427246094,248.25,248.40989685058594,4113587
2026-03-27 15:30:00-04:00,248.41000366210938,249.3699951171875,248.07000732421875,248.6199951171875,5252096
2026-03-30 09:30:00-04:00,249.9949951171875,250.83999633789062,246.97000122070312,247.8300018310547,6260227
2026-03-30 10:30:00-04:00,247.82000732421875,248.0,246.0399932861328,246.52999877929688,4008529
2026-03-30 11:30:00-04:00,246.52999877929688,247.2100067138672,245.9600067138672,246.02000427246094,2817533
2026-03-30 12:30:00-04:00,246.00999450683594,247.44000244140625,245.9600067138672,246.25,2713501
2026-03-30 13:30:00-04:00,246.2550048828125,247.32000732421875,245.9949951171875,246.48019409179688,2877202
2026-03-30 14:30:00-04:00,246.50999450683594,246.8300018310547,245.8300018310547,245.88999938964844,2969148
2026-03-30 15:30:00-04:00,245.88999938964844,247.0399932861328,245.50999450683594,246.5399932861328,4551161
2026-03-31 09:30:00-04:00,247.88999938964844,249.27000427246094,247.63999938964844,248.94009399414062,5972142
2026-03-31 10:30:00-04:00,248.94009399414062,249.00999450683594,247.1009979248047,248.42999267578125,3461229
2026-03-31 11:30:00-04:00,248.4499969482422,250.69000244140625,247.66000366210938,250.33999633789062,3436143
2026-03-31 12:30:00-04:00,250.3498992919922,253.92990112304688,250.17999267578125,253.22500610351562,5752049
2026-03-31 13:30:00-04:00,253.17999267578125,253.9600067138672,252.39999389648438,253.1300048828125,3142090
2026-03-31 14:30:00-04:00,253.1199951171875,254.125,253.02000427246094,253.6699981689453,3514497
2026-03-31 15:30:00-04:00,253.6699981689453,255.47999572753906,253.27999877929688,253.7899932861328,7002121
2026-04-01 09:30:00-04:00,254.3000030517578,256.17999267578125,253.82000732421875,254.12010192871094,7295932
2026-04-01 10:30:00-04:00,254.19000244140625,254.7449951171875,253.3300018310547,254.14999389648438,3965408
2026-04-01 11:30:00-04:00,254.14999389648438,254.82000732421875,253.75999450683594,254.4300994873047,2571729
2026-04-01 12:30:00-04:00,254.44000244140625,255.39999389648438,254.22000122070312,255.14219665527344,4352734
2026-04-01 13:30:00-04:00,255.125,255.27999877929688,254.10000610351562,254.30999755859375,2614499
2026-04-01 14:30:00-04:00,254.32000732421875,255.66000366210938,253.97000122070312,255.65499877929688,3235556
2026-04-01 15:30:00-04:00,255.63999938964844,256.1300048828125,255.1501007080078,255.69000244140625,4782139
2026-04-02 09:30:00-04:00,254.13999938964844,254.75999450683594,250.64999389648438,252.125,6325362
2026-04-02 10:30:00-04:00,252.11000061035156,255.72000122070312,251.99000549316406,255.1199951171875,3633781
2026-04-02 11:30:00-04:00,255.1649932861328,255.18499755859375,254.0,254.11000061035156,1582954
2026-04-02 12:30:00-04:00,254.1300048828125,255.4853057861328,254.07000732421875,255.3350067138672,1421651
2026-04-02 13:30:00-04:00,255.3350067138672,255.38999938964844,254.30999755859375,255.14500427246094,1758702
2026-04-02 14:30:00-04:00,255.16000366210938,255.6999969482422,254.8000946044922,255.1199951171875,3309762
2026-04-02 15:30:00-04:00,255.10000610351562,256.1300048828125,254.8000030517578,255.88999938964844,3297591
2026-04-06 09:30:00-04:00,256.9624938964844,262.0199890136719,256.4800109863281,261.760009765625,6693044
2026-04-06 10:30:00-04:00,261.760009765625,262.1600036621094,258.9700012207031,259.25,3953211
2026-04-06 11:30:00-04:00,259.2301025390625,259.6300048828125,258.7099914550781,259.0400085449219,2022687
2026-04-06 12:30:00-04:00,259.0299987792969,259.55999755859375,257.9100036621094,258.7799987792969,2006161
2026-04-06 13:30:00-04:00,258.7900085449219,259.3900146484375,257.8500061035156,259.2799987792969,2071173
2026-04-06 14:30:00-04:00,259.28009033203125,259.3699035644531,258.0199890136719,258.2499084472656,2221241
2026-04-06 15:30:00-04:00,258.2300109863281,259.07501220703125,258.1300048828125,258.8869934082031,2757592
2026-04-07 09:30:00-04:00,254.72000122070312,254.79989624023438,247.57000732421875,247.6699981689453,13859963
2026-04-07 10:30:00-04:00,247.6649932861328,248.19000244140625,245.6999969482422,247.82000732421875,8526234
2026-04-07 11:30:00-04:00,247.82000732421875,250.28990173339844,247.39999389648438,250.1699981689453,6863002
2026-04-07 12:30:00-04:00,250.1699981689453,253.38999938964844,249.66009521484375,251.5850067138672,8239350
2026-04-07 13:30:00-04:00,251.61500549316406,252.7899932861328,251.2899932861328,251.32000732421875,3425924
2026-04-07 14:30:00-04:00,251.3300018310547,252.5,250.1199951171875,251.9550018310547,4257297
2026-04-07 15:30:00-04:00,251.92100524902344,253.60989379882812,251.44000244140625,253.49000549316406,5898745
2026-04-08 09:30:00-04:00,258.510009765625,259.7499084472656,256.5299987792969,258.1300048828125,10222566
2026-04-08 10:30:00-04:00,258.1400146484375,259.510009765625,257.510009765625,257.510009765625,4460093
2026-04-08 11:30:00-04:00,257.5199890136719,258.3999938964844,257.1099853515625,257.4280090332031,3452386
2026-04-08 12:30:00-04:00,257.42498779296875,258.69000244140625,257.42498779296875,257.510009765625,2664363
2026-04-08 13:30:00-04:00,257.5,258.1499938964844,256.9100036621094,257.239990234375,2940397
2026-04-08 14:30:00-04:00,257.2300109863281,257.8399963378906,257.0899963378906,257.20001220703125,3088380
2026-04-08 15:30:00-04:00,257.17999267578125,258.989990234375,257.17999267578125,258.92999267578125,3893271
2026-04-09 09:30:00-04:00,259.3699951171875,260.0299987792969,256.07000732421875,257.8399963378906,5914405
2026-04-09 10:30:00-04:00,257.80999755859375,258.260009765625,257.35009765625,257.54998779296875,2479856
2026-04-09 11:30:00-04:00,257.5150146484375,259.4700012207031,257.47601318359375,259.1199951171875,2615049
2026-04-09 12:30:00-04:00,259.1199951171875,260.5299987792969,258.80499267578125,260.05499267578125,2292578
2026-04-09 13:30:00-04:00,260.04998779296875,260.45001220703125,259.29998779296875,259.625,1852839
2026-04-09 14:30:00-04:00,259.6099853515625,260.3399963378906,259.45001220703125,260.05999755859375,2088354
2026-04-09 15:30:00-04:00,260.04998779296875,261.1199951171875,260.0249938964844,260.3900146484375,2894901
2026-04-10 09:30:00-04:00,259.95001220703125,261.8500061035156,259.07000732421875,261.56500244140625,5479310
2026-04-10 10:30:00-04:00,261.56500244140625,262.19000244140625,261.13970947265625,261.2900085449219,3021703
2026-04-10 11:30:00-04:00,261.31988525390625,261.75,260.42999267578125,260.53509521484375,2476645
2026-04-10 12:30:00-04:00,260.5450134277344,260.55999755859375,259.20001220703125,259.239990234375,2249096
2026-04-10 13:30:00-04:00,259.239990234375,260.1449890136719,259.0231018066406,260.1199951171875,1925290
2026-04-10 14:30:00-04:00,260.1099853515625,260.20001220703125,259.3500061035156,259.7200012207031,2386313
2026-04-10 15:30:00-04:00,259.7200012207031,260.5350036621094,259.2900085449219,260.3800048828125,3655071
2026-04-13 09:30:00-04:00,259.67999267578125,259.7799987792969,256.6600036621094,257.32000732421875,6263854
2026-04-13 10:30:00-04:00,257.30999755859375,257.8800048828125,257.1000061035156,257.7099914550781,3495796
2026-04-13 11:30:00-04:00,257.7300109863281,257.875,256.7900085449219,257.7799987792969,3136398
2026-04-13 12:30:00-04:00,257.79010009765625,258.3399963378906,257.5151062011719,257.864990234375,2360343
2026-04-13 13:30:00-04:00,257.8599853515625,258.20001220703125,257.5199890136719,257.8800048828125,2113453
2026-04-13 14:30:00-04:00,257.864990234375,258.4800109863281,257.79998779296875,257.8500061035156,2513031
2026-04-13 15:30:00-04:00,257.8450012207031,259.5799865722656,257.5899963378906,259.2099914550781,5022608
2026-04-14 09:30:00-04:00,259.1000061035156,261.92999267578125,259.0299987792969,259.3399963378906,8135429
2026-04-14 10:30:00-04:00,259.3299865722656,259.42999267578125,257.6099853515625,258.0553894042969,4964907
2026-04-14 11:30:00-04:00,258.04998779296875,258.3900146484375,257.1900939941406,257.70001220703125,4016733
2026-04-14 12:30:00-04:00,257.69000244140625,259.7651062011719,257.6199951171875,258.6600036621094,4098111
2026-04-14 13:30:00-04:00,258.6600036621094,258.9700012207031,257.75,258.7799987792969,2712760
2026-04-14 14:30:00-04:00,258.7799987792969,258.80999755859375,257.75,258.32501220703125,3074143
2026-04-14 15:30:00-04:00,258.32501220703125,258.8599853515625,258.1499938964844,258.8550109863281,5322365
2026-04-15 09:30:00-04:00,258.0950012207031,261.0400085449219,257.82000732421875,260.67999267578125,8314756
2026-04-15 10:30:00-04:00,260.70001220703125,264.1099853515625,260.4200134277344,263.17999267578125,7448665
2026-04-15 11:30:00-04:00,263.18499755859375,265.5,262.9849853515625,264.5790100097656,5556537
2026-04-15 12:30:00-04:00,264.57000732421875,265.7900085449219,264.239990234375,264.94500732421875,4374751
2026-04-15 13:30:00-04:00,264.9100036621094,265.29998779296875,264.29998779296875,265.17999267578125,2750108
2026-04-15 14:30:00-04:00,265.19000244140625,265.864990234375,265.19000244140625,265.3399963378906,2971178
2026-04-15 15:30:00-04:00,265.30999755859375,266.55999755859375,265.25,266.3699951171875,6497059
2026-04-16 09:30:00-04:00,266.79998779296875,267.1600036621094,261.30999755859375,262.05999755859375,11554343
2026-04-16 10:30:00-04:00,262.0899963378906,262.7300109863281,261.2699890136719,262.25,4797954
2026-04-16 11:30:00-04:00,262.25,264.3898010253906,262.19000244140625,264.0801086425781,4125437
2026-04-16 12:30:00-04:00,264.0899963378906,264.1686096191406,263.0899963378906,263.5199890136719,2692302
2026-04-16 13:30:00-04:00,263.5299987792969,264.1700134277344,263.2900085449219,263.5799865722656,2435729
2026-04-16 14:30:00-04:00,263.5899963378906,264.54998779296875,263.4800109863281,263.63409423828125,3260194
2026-04-16 15:30:00-04:00,263.6300048828125,264.25,263.260009765625,263.3599853515625,3667931
2026-04-17 09:30:00-04:00,267.0979919433594,269.7900085449219,266.7200012207031,268.5849914550781,16349267
2026-04-17 10:30:00-04:00,268.635009765625,272.1000061035156,268.44000244140625,271.94000244140625,7480237
2026-04-17 11:30:00-04:00,271.95001220703125,272.29998779296875,270.7699890136719,271.54998779296875,4036285
2026-04-17 12:30:00-04:00,271.55999755859375,271.7398986816406,270.17999267578125,270.5799865722656,6141486
2026-04-17 13:30:00-04:00,270.5799865722656,270.7300109863281,269.9200134277344,270.19000244140625,2909144
2026-04-17 14:30:00-04:00,270.19000244140625,270.79998779296875,269.5299987792969,269.69500732421875,4089699
2026-04-17 15:30:00-04:00,269.7099914550781,270.5299987792969,269.66009521484375,270.18499755859375,4777998
2026-04-20 09:30:00-04:00,270.3299865722656,274.2749938964844,270.3299865722656,273.3800048828125,9800654
2026-04-20 10:30:00-04:00,273.389892578125,273.8500061035156,271.7200012207031,272.8800048828125,4154551
2026-04-20 11:30:00-04:00,272.8299865722656,272.9100036621094,272.0799865722656,272.57000732421875,2499488
2026-04-20 12:30:00-04:00,272.5899963378906,273.135009765625,271.8399963378906,272.19000244140625,2403500
2026-04-20 13:30:00-04:00,272.1700134277344,273.6400146484375,271.9800109863281,273.45001220703125,2711593
2026-04-20 14:30:00-04:00,273.4599914550781,273.4599914550781,272.6700134277344,272.69000244140625,2176297
2026-04-20 15:30:00-04:00,272.6499938964844,273.1600036621094,272.2699890136719,272.92999267578125,3689439
2026-04-21 09:30:00-04:00,271.44500732421875,272.79998779296875,269.3699951171875,269.5801086425781,8494357
2026-04-21 10:30:00-04:00,269.56500244140625,269.8500061035156,267.75,267.92999267578125,5401167
2026-04-21 11:30:00-04:00,267.9200134277344,268.0199890136719,265.80999755859375,265.8599853515625,5635814
2026-04-21 12:30:00-04:00,265.8599853515625,266.8800048828125,265.3999938964844,266.1600036621094,6382916
2026-04-21 13:30:00-04:00,266.17999267578125,267.0,266.05999755859375,266.375,3327326
2026-04-21 14:30:00-04:00,266.3800048828125,268.19000244140625,266.3800048828125,267.9599914550781,5107191
2026-04-21 15:30:00-04:00,267.9649963378906,267.9700012207031,265.8699951171875,266.2200012207031,6237992
2026-04-22 09:30:00-04:00,267.82000732421875,271.94000244140625,266.8699951171875,271.94000244140625,11027751
2026-04-22 10:30:00-04:00,271.94000244140625,272.7650146484375,270.9800109863281,272.40008544921875,5075100
2026-04-22 11:30:00-04:00,272.3900146484375,273.5050048828125,272.260009765625,272.69000244140625,4099370
2026-04-22 12:30:00-04:00,272.7049865722656,273.4200134277344,272.3599853515625,273.2099914550781,2955513
2026-04-22 13:30:00-04:00,273.218994140625,273.739990234375,272.6300048828125,272.68499755859375,3034300
2026-04-22 14:30:00-04:00,272.7099914550781,272.82000732421875,272.1004943847656,272.7099914550781,2582682
2026-04-22 15:30:00-04:00,272.7149963378906,273.260009765625,272.54998779296875,273.19000244140625,4278621
2026-04-23 09:30:00-04:00,275.0450134277344,275.7699890136719,273.135498046875,273.9049987792969,6409699
2026-04-23 10:30:00-04:00,273.9700012207031,274.3099060058594,273.2699890136719,273.67999267578125,2403732
2026-04-23 11:30:00-04:00,273.6300048828125,274.4100036621094,273.0304870605469,273.6000061035156,2252095
2026-04-23 12:30:00-04:00,273.614990234375,273.9927062988281,272.090087890625,272.239990234375,4159022
2026-04-23 13:30:00-04:00,272.25,273.79998779296875,271.6499938964844,273.6600036621094,3978695
2026-04-23 14:30:00-04:00,273.6600036621094,274.5450134277344,273.5299987792969,274.1700134277344,2790476
2026-04-23 15:30:00-04:00,274.1499938964844,274.2598876953125,273.05999755859375,273.44000244140625,2753801
2026-04-24 09:30:00-04:00,272.760009765625,273.05999755859375,270.1000061035156,272.07000732421875,6679041
2026-04-24 10:30:00-04:00,272.1000061035156,272.5899963378906,270.5700988769531,270.67999267578125,2757059
2026-04-24 11:30:00-04:00,270.69000244140625,271.67999267578125,269.79998779296875,270.989990234375,3542918
2026-04-24 12:30:00-04:00,271.0,271.1520080566406,269.6499938964844,270.06500244140625,3376037
2026-04-24 13:30:00-04:00,270.04998779296875,270.29998779296875,269.7200012207031,269.9599914550781,3006016
2026-04-24 14:30:00-04:00,269.9700012207031,270.3800048828125,269.8599853515625,270.0899963378906,3623118
2026-04-24 15:30:00-04:00,270.0899963378906,271.4800109863281,270.0,271.05999755859375,4744314
2026-04-27 09:30:00-04:00,266.0899963378906,268.3599853515625,265.07000732421875,267.3599853515625,10219067
2026-04-27 10:30:00-04:00,267.3900146484375,267.79998779296875,266.6199951171875,267.1099853515625,3251687
2026-04-27 11:30:00-04:00,267.1400146484375,267.6400146484375,266.260009765625,266.2950134277344,2679704
2026-04-27 12:30:00-04:00,266.2900085449219,267.0299987792969,266.2900085449219,266.8399963378906,2950643
2026-04-27 13:30:00-04:00,266.8299865722656,267.04998779296875,266.0899963378906,266.34991455078125,2558668
2026-04-27 14:30:00-04:00,266.3500061035156,267.2149963378906,266.1300048828125,267.1499938964844,2713356
2026-04-27 15:30:00-04:00,267.1600036621094,267.9599914550781,267.04998779296875,267.67999267578125,4077895
2026-04-28 09:30:00-04:00,272.3349914550781,273.2200012207031,268.6600036621094,271.2799072265625,9095136
2026-04-28 10:30:00-04:00,271.2799987792969,271.8299865722656,270.2900085449219,270.32501220703125,5340855
2026-04-28 11:30:00-04:00,270.32501220703125,270.56500244140625,269.331298828125,269.5159912109375,2719213
2026-04-28 12:30:00-04:00,269.4949951171875,270.1300048828125,269.440185546875,269.8699951171875,1855230
2026-04-28 13:30:00-04:00,269.8699951171875,270.9150085449219,269.7900085449219,270.5,2765318
2026-04-28 14:30:00-04:00,270.5,270.6300048828125,269.8900146484375,270.2250061035156,2300165
2026-04-28 15:30:00-04:00,270.2300109863281,270.94500732421875,269.9949951171875,270.760009765625,3115541
2026-04-29 09:30:00-04:00,267.8598937988281,270.3117980957031,267.20001220703125,269.3999938964844,5646330
2026-04-29 10:30:00-04:00,269.4100036621094,269.92999267578125,268.7300109863281,268.8399963378906,2444917
2026-04-29 11:30:00-04:00,268.8244934082031,270.1466064453125,268.20001220703125,269.82501220703125,2865276
2026-04-29 12:30:00-04:00,269.8299865722656,271.0400085449219,269.75,270.20001220703125,2163618
2026-04-29 13:30:00-04:00,270.2099914550781,270.5899963378906,269.6400146484375,269.739990234375,1643753
2026-04-29 14:30:00-04:00,269.7349853515625,270.44500732421875,269.3699951171875,270.2799987792969,1887172
2026-04-29 15:30:00-04:00,270.2699890136719,270.3599853515625,269.6099853515625,270.19000244140625,3051798
2026-04-30 09:30:00-04:00,270.5,272.20001220703125,268.1400146484375,271.91900634765625,9777419
2026-04-30 10:30:00-04:00,272.0,272.20001220703125,270.7300109863281,271.5199890136719,4122597
2026-04-30 11:30:00-04:00,271.5249938964844,273.09991455078125,271.17999267578125,273.05999755859375,4223495
2026-04-30 12:30:00-04:00,273.0799865722656,273.760009765625,271.67999267578125,272.7850036621094,4453968
2026-04-30 13:30:00-04:00,273.1099853515625,274.20001220703125,272.79998779296875,273.6000061035156,4048095
2026-04-30 14:30:00-04:00,273.5799865722656,274.489990234375,272.82000732421875,274.489990234375,4534270
2026-04-30 15:30:00-04:00,274.4700012207031,275.94000244140625,270.3399963378906,271.3599853515625,14238265
2026-05-01 09:30:00-04:00,281.3999938964844,287.2099914550781,278.3699951171875,285.3399963378906,30058496
2026-05-01 10:30:00-04:00,285.340087890625,285.6000061035156,281.4599914550781,283.95001220703125,9289199
2026-05-01 11:30:00-04:00,283.9549865722656,285.489990234375,283.20001220703125,283.9549865722656,9693580
2026-05-01 12:30:00-04:00,283.9549865722656,284.1099853515625,282.3951110839844,282.80999755859375,5060158
2026-05-01 13:30:00-04:00,282.80499267578125,282.82000732421875,280.6401062011719,281.2300109863281,4791832
2026-05-01 14:30:00-04:00,281.239990234375,281.239990234375,279.739990234375,280.34991455078125,4824173
2026-05-01 15:30:00-04:00,280.3399963378906,280.69000244140625,279.6099853515625,280.1499938964844,5835827
2026-05-04 09:30:00-04:00,279.6549987792969,280.6300048828125,274.860107421875,276.25360107421875,11843654
2026-05-04 10:30:00-04:00,276.2749938964844,278.0,276.07000732421875,276.8349914550781,5095478
2026-05-04 11:30:00-04:00,276.8500061035156,277.3699951171875,275.45001220703125,276.0899963378906,3294311
2026-05-04 12:30:00-04:00,276.1000061035156,277.3399963378906,275.9800109863281,277.0400085449219,2386442
2026-05-04 13:30:00-04:00,277.05999755859375,277.4200134277344,276.6300048828125,276.7699890136719,2422618
2026-05-04 14:30:00-04:00,276.7699890136719,277.6700134277344,276.260009765625,277.0784912109375,3114535
2026-05-04 15:30:00-04:00,277.0799865722656,277.32000732421875,276.510009765625,276.8399963378906,4124586
2026-05-05 09:30:00-04:00,276.8999938964844,281.3800048828125,276.5010070800781,281.19000244140625,9001566
2026-05-05 10:30:00-04:00,281.17999267578125,283.2099914550781,279.7099914550781,280.2200012207031,6121481
2026-05-05 11:30:00-04:00,280.2300109863281,281.55999755859375,279.8450012207031,281.3999938964844,3040049
2026-05-05 12:30:00-04:00,281.3900146484375,284.57000732421875,281.3299865722656,282.81500244140625,5146396
2026-05-05 13:30:00-04:00,282.80999755859375,284.2799987792969,282.3526916503906,284.2500915527344,3957543
2026-05-05 14:30:00-04:00,284.2550048828125,284.45001220703125,283.4200134277344,284.2099914550781,3606272
2026-05-05 15:30:00-04:00,284.2200012207031,284.3299865722656,283.45001220703125,284.1700134277344,4695212
2026-05-06 09:30:00-04:00,281.9150085449219,286.7200012207031,281.07501220703125,286.1099853515625,11276788
2026-05-06 10:30:00-04:00,286.1300048828125,286.3399963378906,283.8800048828125,284.739990234375,6691628
2026-05-06 11:30:00-04:00,284.739990234375,286.3699951171875,284.6499938964844,286.260009765625,4527443
2026-05-06 12:30:00-04:00,286.2550048828125,287.1300048828125,285.7099914550781,286.7349853515625,3689933
2026-05-06 13:30:00-04:00,286.7300109863281,287.8500061035156,286.57000732421875,287.17999267578125,3878452
2026-05-06 14:30:00-04:00,287.1658935546875,287.8999938964844,286.6650085449219,287.760009765625,4158472
2026-05-06 15:30:00-04:00,287.760009765625,288.0299987792969,287.0400085449219,287.5299987792969,5753679
2026-05-07 09:30:00-04:00,289.2699890136719,292.1300048828125,288.20001220703125,290.4700012207031,11895992
2026-05-07 10:30:00-04:00,290.4700012207031,291.3900146484375,289.9200134277344,290.2001037597656,4189077
2026-05-07 11:30:00-04:00,290.20001220703125,290.739990234375,288.7799987792969,289.4100036621094,3696404
2026-05-07 12:30:00-04:00,289.42498779296875,289.6549987792969,288.239990234375,288.7650146484375,3128141
2026-05-07 13:30:00-04:00,288.8599853515625,289.7699890136719,287.8999938964844,288.2699890136719,3005535
2026-05-07 14:30:00-04:00,288.2799987792969,288.3399963378906,285.7799987792969,286.739990234375,4941011
2026-05-07 15:30:00-04:00,286.7349853515625,287.55999755859375,286.2799987792969,287.4700012207031,3254466
2026-05-08 09:30:00-04:00,290.1099853515625,294.55499267578125,290.0,293.7850036621094,11356891
2026-05-08 10:30:00-04:00,293.7699890136719,294.760009765625,292.4200134277344,292.8500061035156,7279310
2026-05-08 11:30:00-04:00,292.8500061035156,293.0400085449219,292.18011474609375,292.79998779296875,3193255
2026-05-08 12:30:00-04:00,292.79998779296875,292.79998779296875,291.7500915527344,292.1499938964844,4004012
2026-05-08 13:30:00-04:00,292.1400146484375,292.8599853515625,292.07000732421875,292.7229919433594,2447225
2026-05-08 14:30:00-04:00,292.7651062011719,293.6000061035156,292.3900146484375,293.42999267578125,3970651
2026-05-08 15:30:00-04:00,293.45001220703125,294.25,293.1000061035156,293.2799987792969,6088677
2026-05-11 09:30:00-04:00,291.97900390625,293.1499938964844,290.2300109863281,292.0450134277344,9227947
2026-05-11 10:30:00-04:00,292.0450134277344,293.5899963378906,291.75,293.3699035644531,4290117
2026-05-11 11:30:00-04:00,293.3699951171875,293.8800048828125,291.8214111328125,292.4150085449219,3777650
2026-05-11 12:30:00-04:00,292.4150085449219,292.7049865722656,290.6300048828125,291.94000244140625,3556324
2026-05-11 13:30:00-04:00,291.9399108886719,292.9800109863281,291.7250061035156,291.739990234375,2587000
2026-05-11 14:30:00-04:00,291.739990234375,292.20989990234375,290.8599853515625,292.1499938964844,2874040
2026-05-11 15:30:00-04:00,292.1459045410156,292.79998779296875,291.80999755859375,292.739990234375,3307424
2026-05-12 09:30:00-04:00,292.7550048828125,294.80999755859375,292.614990234375,293.9399108886719,11112742
2026-05-12 10:30:00-04:00,294.0249938964844,294.89990234375,293.25,294.3699951171875,4316772
2026-05-12 11:30:00-04:00,294.3599853515625,294.7799987792969,293.4599914550781,293.9599914550781,2815308
2026-05-12 12:30:00-04:00,293.95001220703125,294.5899963378906,293.3800048828125,293.8999938964844,3097799
2026-05-12 13:30:00-04:00,293.8999938964844,294.6600036621094,293.69000244140625,294.6499938964844,3363937
2026-05-12 14:30:00-04:00,294.6199951171875,294.9200134277344,294.0,294.8006896972656,3451447
2026-05-12 15:30:00-04:00,294.79998779296875,295.2699890136719,294.3599853515625,294.8699951171875,4049102
2026-05-13 09:30:00-04:00,293.6300048828125,297.5097961425781,293.55999755859375,295.1499938964844,10759626
2026-05-13 10:30:00-04:00,295.4501037597656,297.25,295.1600036621094,296.94000244140625,4349743
2026-05-13 11:30:00-04:00,296.93499755859375,298.54998779296875,296.7207946777344,298.40008544921875,4139108
2026-05-13 12:30:00-04:00,298.3900146484375,300.3699951171875,298.33099365234375,300.125,6943795
2026-05-13 13:30:00-04:00,300.1099853515625,300.9200134277344,299.7099914550781,299.7149963378906,4870507
2026-05-13 14:30:00-04:00,299.7099914550781,299.7200012207031,298.614990234375,299.1499938964844,3364858
2026-05-13 15:30:00-04:00,299.1499938964844,299.4800109863281,298.8500061035156,298.8800048828125,3870507
2026-05-14 09:30:00-04:00,299.82000732421875,300.3500061035156,297.0799865722656,297.93499755859375,7145581
2026-05-14 10:30:00-04:00,297.95001220703125,299.4700012207031,297.5799865722656,299.06500244140625,3728318
2026-05-14 11:30:00-04:00,299.07000732421875,299.3599853515625,298.2799987792969,298.3099060058594,3199871
2026-05-14 12:30:00-04:00,298.30999755859375,298.51251220703125,295.3800048828125,298.3800048828125,4489806
2026-05-14 13:30:00-04:00,298.40899658203125,298.6299133300781,297.54998779296875,298.3699951171875,2323271
2026-05-14 14:30:00-04:00,298.364990234375,299.20001220703125,298.2229919433594,299.07501220703125,2930714
2026-05-14 15:30:00-04:00,299.0799865722656,299.0799865722656,297.8800048828125,298.1650085449219,3098706
2026-05-15 09:30:00-04:00,297.7550048828125,299.8500061035156,296.5299987792969,299.2900085449219,10451647
2026-05-15 10:30:00-04:00,299.2699890136719,302.7900085449219,299.239990234375,301.9695129394531,8526677
2026-05-15 11:30:00-04:00,301.989990234375,302.6000061035156,300.6400146484375,301.80999755859375,4948994
2026-05-15 12:30:00-04:00,301.7900085449219,303.20001220703125,301.4849853515625,303.1199951171875,4106966
2026-05-15 13:30:00-04:00,302.9700012207031,303.1400146484375,301.1180114746094,301.2650146484375,4178682
2026-05-15 14:30:00-04:00,301.2799987792969,301.760009765625,299.8800048828125,300.2633972167969,4233250
2026-05-15 15:30:00-04:00,300.2799987792969,300.6600036621094,299.6300048828125,300.2200012207031,4618896
2026-05-18 09:30:00-04:00,300.239990234375,300.6300048828125,296.70001220703125,298.1650085449219,7655183
2026-05-18 10:30:00-04:00,298.1400146484375,298.5799865722656,295.4800109863281,295.4800109863281,3859797
2026-05-18 11:30:00-04:00,295.5199890136719,296.80999755859375,295.0199890136719,295.25,2469524
2026-05-18 12:30:00-04:00,295.2699890136719,296.67999267578125,294.9100036621094,296.1702880859375,3252874
2026-05-18 13:30:00-04:00,296.010009765625,296.68499755859375,295.5199890136719,296.0799865722656,3619911
2026-05-18 14:30:00-04:00,296.14990234375,297.7300109863281,295.45001220703125,297.0773010253906,3607433
2026-05-18 15:30:00-04:00,297.0899963378906,297.9200134277344,296.9049987792969,297.8999938964844,2992205
2026-05-19 09:30:00-04:00,298.0,300.510009765625,296.8399963378906,296.9100036621094,9798484
2026-05-19 10:30:00-04:00,296.92999267578125,297.75,296.5199890136719,297.07000732421875,3231900
2026-05-19 11:30:00-04:00,297.05999755859375,297.5799865722656,296.364990234375,297.42498779296875,3248136
2026-05-19 12:30:00-04:00,297.4100036621094,298.7300109863281,297.3599853515625,298.24951171875,2831155
2026-05-19 13:30:00-04:00,298.25,298.4869079589844,297.8399963378906,297.8900146484375,1931011
2026-05-19 14:30:00-04:00,297.8699951171875,298.44000244140625,297.489990234375,298.3800048828125,2365400
2026-05-19 15:30:00-04:00,298.3900146484375,299.2200012207031,297.8399963378906,298.9800109863281,3821190
2026-05-20 09:30:00-04:00,298.17999267578125,302.3699951171875,298.0899963378906,299.5199890136719,7471000
2026-05-20 10:30:00-04:00,299.510009765625,300.510009765625,299.07000732421875,299.1600036621094,3782669
2026-05-20 11:30:00-04:00,299.1600036621094,300.32000732421875,298.6700134277344,300.0050048828125,2831757
2026-05-20 12:30:00-04:00,299.989990234375,301.2699890136719,299.57000732421875,301.04998779296875,2841773
2026-05-20 13:30:00-04:00,301.05999755859375,301.7200012207031,300.9100036621094,301.4700012207031,3006343
2026-05-20 14:30:00-04:00,301.4700012207031,302.79998779296875,301.4700012207031,302.19000244140625,4224441
2026-05-20 15:30:00-04:00,302.20001220703125,302.5199890136719,301.8575134277344,302.2650146484375,3803278
2026-05-21 09:30:00-04:00,301.04998779296875,303.07000732421875,300.3999938964844,301.9508972167969,6886720
2026-05-21 10:30:00-04:00,301.92999267578125,303.3599853515625,301.5801086425781,303.0249938964844,3181261
2026-05-21 11:30:00-04:00,303.0249938964844,304.2442932128906,302.9100036621094,303.6369934082031,3064971
2026-05-21 12:30:00-04:00,303.6199951171875,304.67999267578125,303.0498962402344,304.59100341796875,3041858
2026-05-21 13:30:00-04:00,304.6099853515625,305.1000061035156,304.3599853515625,304.6199951171875,3185835
2026-05-21 14:30:00-04:00,304.6199951171875,305.32501220703125,303.8900146484375,305.226806640625,3338522
2026-05-21 15:30:00-04:00,305.2200012207031,305.53900146484375,304.510009765625,305.0899963378906,4457107
2026-05-22 09:30:00-04:00,306.05999755859375,309.2699890136719,305.8500061035156,308.6400146484375,9515427
2026-05-22 10:30:00-04:00,308.635009765625,311.3999938964844,308.6199951171875,311.0050048828125,7739013
2026-05-22 11:30:00-04:00,311.0,311.0400085449219,309.7200012207031,309.9200134277344,4700296
2026-05-22 12:30:00-04:00,309.92999267578125,309.989990234375,308.82000732421875,309.860107421875,3550329
2026-05-22 13:30:00-04:00,309.8699951171875,310.1549987792969,308.95001220703125,309.30999755859375,2598845
2026-05-22 14:30:00-04:00,309.31500244140625,309.5799865722656,308.6400146484375,308.70001220703125,2681340
2026-05-22 15:30:00-04:00,308.70001220703125,309.3999938964844,307.9700012207031,308.8800048828125,4183601
2026-05-26 09:30:00-04:00,309.3999938964844,311.82000732421875,309.3500061035156,311.7200012207031,9245876
2026-05-26 10:30:00-04:00,311.7300109863281,311.80999755859375,310.8599853515625,311.3599853515625,3935923
2026-05-26 11:30:00-04:00,311.3800048828125,311.57000732421875,309.7699890136719,310.4704895019531,3714586
2026-05-26 12:30:00-04:00,310.4849853515625,310.7699890136719,309.0299987792969,309.18499755859375,5208906
2026-05-26 13:30:00-04:00,309.19000244140625,310.20001220703125,309.1099853515625,309.8299865722656,2909764
2026-05-26 14:30:00-04:00,309.8399963378906,310.05999755859375,308.0799865722656,308.3799133300781,3079448
2026-05-26 15:30:00-04:00,308.360107421875,308.9599914550781,307.6700134277344,308.3800048828125,4315325
2026-05-27 09:30:00-04:00,308.44000244140625,312.7699890136719,308.3299865722656,311.260009765625,9481867
2026-05-27 10:30:00-04:00,311.260009765625,313.260009765625,311.19000244140625,311.7749938964844,11989445
2026-05-27 11:30:00-04:00,311.7900085449219,312.1400146484375,310.7001037597656,311.2349853515625,4954830
2026-05-27 12:30:00-04:00,311.2349853515625,311.4849853515625,310.3800048828125,310.4700012207031,3377025
2026-05-27 13:30:00-04:00,310.4700012207031,311.0,310.30999755859375,310.8299865722656,2683160
2026-05-27 14:30:00-04:00,310.8232116699219,310.8800048828125,309.7699890136719,309.82000732421875,2810007
2026-05-27 15:30:00-04:00,309.82000732421875,311.1000061035156,309.5199890136719,310.92999267578125,4216251
2026-05-28 09:30:00-04:00,310.67999267578125,312.760009765625,309.6000061035156,311.70001220703125,7569372
2026-05-28 10:30:00-04:00,311.70001220703125,311.9700012207031,311.04998779296875,311.82501220703125,3612059
2026-05-28 11:30:00-04:00,311.82501220703125,311.94500732421875,310.3074951171875,310.44000244140625,3704416
2026-05-28 12:30:00-04:00,310.44500732421875,311.6199951171875,309.57000732421875,310.79998779296875,3879761
2026-05-28 13:30:00-04:00,310.81500244140625,311.0199890136719,310.1099853515625,310.8399963378906,3474234
2026-05-28 14:30:00-04:00,310.7900085449219,311.3550109863281,310.25,311.31500244140625,4929905
2026-05-28 15:30:00-04:00,311.31500244140625,312.55999755859375,310.9700012207031,312.5,4816549
2026-05-29 09:30:00-04:00,311.7749938964844,315.0,311.5,313.67498779296875,8454465
2026-05-29 10:30:00-04:00,313.6600036621094,314.05999755859375,310.4200134277344,311.79998779296875,5826258
2026-05-29 11:30:00-04:00,311.8299865722656,312.0199890136719,310.45001220703125,311.1900939941406,2789979
2026-05-29 12:30:00-04:00,311.20001220703125,311.69000244140625,310.20001220703125,310.4200134277344,3360906
2026-05-29 13:30:00-04:00,310.4200134277344,310.55999755859375,309.5299987792969,310.260009765625,3479522
2026-05-29 14:30:00-04:00,310.260009765625,311.6300048828125,310.2099914550781,311.44500732421875,4045756
2026-05-29 15:30:00-04:00,311.45001220703125,313.1099853515625,311.3599853515625,312.07000732421875,5323698
2026-06-01 09:30:00-04:00,309.5350036621094,310.92999267578125,307.79998779296875,307.8399963378906,10175199
2026-06-01 10:30:00-04:00,307.80999755859375,308.4700012207031,306.29998779296875,306.5751037597656,5691006
2026-06-01 11:30:00-04:00,306.55999755859375,307.260009765625,305.489990234375,305.7200012207031,4171810
2026-06-01 12:30:00-04:00,305.739990234375,306.5299987792969,305.0299987792969,306.4700012207031,3705835
2026-06-01 13:30:00-04:00,306.5199890136719,308.3999938964844,306.30999755859375,307.8699951171875,3768496
2026-06-01 14:30:00-04:00,307.864990234375,308.32501220703125,307.3299865722656,307.42999267578125,3948458
2026-06-01 15:30:00-04:00,307.43499755859375,308.0400085449219,305.909912109375,306.32000732421875,5261936
2026-06-02 09:30:00-04:00,307.4599914550781,310.4700012207031,306.7200012207031,310.3399963378906,7411659
2026-06-02 10:30:00-04:00,310.375,312.92999267578125,309.260009765625,312.7099914550781,4895435
2026-06-02 11:30:00-04:00,312.70001220703125,313.1499938964844,312.0400085449219,312.489990234375,3617660
2026-06-02 12:30:00-04:00,312.4800109863281,315.1000061035156,311.8999938964844,314.67999267578125,5289704
2026-06-02 13:30:00-04:00,314.67999267578125,315.45001220703125,313.7550048828125,314.239990234375,3783245
2026-06-02 14:30:00-04:00,314.2598876953125,315.2200012207031,314.19000244140625,314.7650146484375,3482397
2026-06-02 15:30:00-04:00,314.760009765625,315.44000244140625,314.0299987792969,315.19000244140625,4596467
2026-06-03 09:30:00-04:00,314.17498779296875,316.94000244140625,314.0,314.3500061035156,9396189
2026-06-03 10:30:00-04:00,314.3699951171875,314.6499938964844,310.30999755859375,311.6600036621094,6549146
2026-06-03 11:30:00-04:00,311.6400146484375,312.19000244140625,309.510009765625,309.7601013183594,6552624
2026-06-03 12:30:00-04:00,309.760009765625,310.4649963378906,308.8500061035156,309.2099914550781,3649007
2026-06-03 13:30:00-04:00,309.19500732421875,309.9800109863281,308.9800109863281,309.8399963378906,2467933
2026-06-03 14:30:00-04:00,309.8399963378906,310.5400085449219,309.2699890136719,310.4150085449219,3123761
2026-06-03 15:30:00-04:00,310.4150085449219,311.1000061035156,309.20001220703125,310.3800048828125,6562646
2026-06-04 09:30:00-04:00,313.30499267578125,313.5400085449219,309.90008544921875,310.25,9640009
2026-06-04 10:30:00-04:00,310.260009765625,311.3500061035156,309.79998779296875,310.3999938964844,3601740
2026-06-04 11:30:00-04:00,310.4100036621094,311.1099853515625,309.6499938964844,310.6300048828125,3102831
2026-06-04 12:30:00-04:00,310.6300048828125,311.7900085449219,310.4800109863281,311.6650085449219,3514607
2026-06-04 13:30:00-04:00,311.6700134277344,311.9750061035156,310.989990234375,311.4200134277344,2206917
2026-06-04 14:30:00-04:00,311.4100036621094,312.07000732421875,311.35919189453125,311.94000244140625,2612939
2026-06-04 15:30:00-04:00,311.94000244140625,311.9599914550781,310.260009765625,311.1600036621094,4150477
2026-06-05 09:30:00-04:00,312.989990234375,315.1700134277344,312.3999938964844,313.42498779296875,10660699
2026-06-05 10:30:00-04:00,313.4200134277344,314.75,312.239990234375,313.42999267578125,4746478
2026-06-05 11:30:00-04:00,313.4200134277344,314.14990234375,311.8500061035156,312.0,4534835
2026-06-05 12:30:00-04:00,312.0050048828125,312.1499938964844,309.5799865722656,311.510009765625,7722107
2026-06-05 13:30:00-04:00,311.4949951171875,312.79998779296875,311.3800048828125,311.5260009765625,4435527
2026-06-05 14:30:00-04:00,311.5400085449219,312.0199890136719,307.1499938964844,308.9100036621094,11256615
2026-06-05 15:30:00-04:00,308.8800048828125,308.9800109863281,307.3599853515625,307.3900146484375,7276594
2026-06-08 09:30:00-04:00,308.739013671875,315.1700134277344,308.5220031738281,311.9750061035156,10861725
2026-06-08 10:30:00-04:00,311.9599914550781,315.3599853515625,311.7799987792969,313.92999267578125,5519448
2026-06-08 11:30:00-04:00,313.92999267578125,314.989990234375,313.32000732421875,313.6650085449219,4972235
2026-06-08 12:30:00-04:00,313.67999267578125,314.69000244140625,312.2099914550781,314.57000732421875,5529465
2026-06-08 13:30:00-04:00,314.56500244140625,317.3999938964844,303.7099914550781,304.8599853515625,19927828
2026-06-08 14:30:00-04:00,304.8999938964844,305.5299987792969,302.05010986328125,302.7049865722656,9894127
2026-06-08 15:30:00-04:00,302.7099914550781,303.2445068359375,301.1700134277344,301.57000732421875,7298835
2026-06-09 09:30:00-04:00,300.2749938964844,300.7200012207031,292.2099914550781,292.5299987792969,15558354
2026-06-09 10:30:00-04:00,292.5191955566406,293.8800048828125,291.5,291.5799865722656,9159006
2026-06-09 11:30:00-04:00,291.55999755859375,291.9800109863281,289.4800109863281,289.5,8529475
2026-06-09 12:30:00-04:00,289.5,291.1300048828125,287.7799987792969,290.4599914550781,8503325
2026-06-09 13:30:00-04:00,290.44000244140625,290.95001220703125,289.3399963378906,290.95001220703125,4788451
2026-06-09 14:30:00-04:00,290.94000244140625,291.9200134277344,290.2900085449219,291.1300048828125,5060332
2026-06-09 15:30:00-04:00,291.1199951171875,291.67999267578125,288.79998779296875,290.3599853515625,7035820
2026-06-10 09:30:00-04:00,290.7650146484375,291.19000244140625,287.3800048828125,289.7349853515625,10605790
2026-06-10 10:30:00-04:00,289.7099914550781,290.6499938964844,288.44500732421875,289.989990234375,6107494
2026-06-10 11:30:00-04:00,289.95001220703125,291.739990234375,289.739990234375,291.7300109863281,4540251
2026-06-10 12:30:00-04:00,291.739990234375,293.2294921875,291.35650634765625,293.15008544921875,5485757
2026-06-10 13:30:00-04:00,293.1600036621094,294.7449951171875,292.5104064941406,294.30999755859375,6365580
2026-06-10 14:30:00-04:00,294.29998779296875,294.29998779296875,291.6199951171875,291.92999267578125,4615300
2026-06-10 15:30:00-04:00,291.9200134277344,292.94000244140625,291.3900146484375,291.5,4931671
2026-06-11 09:30:00-04:00,293.7200012207031,293.95001220703125,289.75,290.5799865722656,7113950
2026-06-11 10:30:00-04:00,290.6099853515625,291.82000732421875,289.6000061035156,291.19000244140625,4285370
2026-06-11 11:30:00-04:00,291.17999267578125,293.94439697265625,291.0614929199219,292.9849853515625,3842780
2026-06-11 12:30:00-04:00,292.9599914550781,296.0,292.9100036621094,295.9549865722656,3619906
2026-06-11 13:30:00-04:00,295.989990234375,297.0,295.1300048828125,295.5400085449219,4161010
2026-06-11 14:30:00-04:00,295.54010009765625,296.07000732421875,295.0199890136719,295.3999938964844,3129975
2026-06-11 15:30:00-04:00,295.4100036621094,296.17999267578125,294.70001220703125,295.3599853515625,5661836
2026-06-12 09:30:00-04:00,296.0799865722656,297.1400146484375,290.6099853515625,291.9949951171875,9097938
2026-06-12 10:30:00-04:00,291.9800109863281,292.989990234375,290.010009765625,292.875,4537684
2026-06-12 11:30:00-04:00,292.8599853515625,292.8599853515625,290.80999755859375,291.5799865722656,3654099
2026-06-12 12:30:00-04:00,291.57000732421875,292.2449951171875,290.75,291.4601135253906,3070602
2026-06-12 13:30:00-04:00,291.4800109863281,291.510009765625,289.6199951171875,290.2250061035156,3083422
2026-06-12 14:30:00-04:00,290.2200012207031,290.9700012207031,290.2200012207031,290.6400146484375,3042374
2026-06-12 15:30:00-04:00,290.6400146484375,291.6400146484375,290.19000244140625,291.0799865722656,4023717
2026-06-15 09:30:00-04:00,294.1199951171875,296.32861328125,291.70001220703125,295.67999267578125,9626670
2026-06-15 10:30:00-04:00,295.7099914550781,296.8999938964844,295.3999938964844,296.5299987792969,4048336
2026-06-15 11:30:00-04:00,296.5400085449219,297.7799987792969,296.2200012207031,297.239990234375,3767794
2026-06-15 12:30:00-04:00,297.2300109863281,297.364990234375,296.25,296.6600036621094,2821133
2026-06-15 13:30:00-04:00,296.6600036621094,297.0,294.9599914550781,295.07000732421875,3434466
2026-06-15 14:30:00-04:00,295.07501220703125,296.6099853515625,295.010009765625,296.5,3208031
2026-06-15 15:30:00-04:00,296.4949951171875,296.6700134277344,295.6099853515625,296.4200134277344,18202384
2026-06-16 09:30:00-04:00,295.2449951171875,298.0,293.9700012207031,297.5350036621094,6748020
2026-06-16 10:30:00-04:00,297.5350036621094,298.45001220703125,296.95001220703125,298.20001220703125,4597668
2026-06-16 11:30:00-04:00,298.2200012207031,299.2749938964844,297.5,298.94000244140625,3946079
2026-06-16 12:30:00-04:00,298.94000244140625,300.4800109863281,298.8041076660156,300.2749938964844,3798624
2026-06-16 13:30:00-04:00,300.260009765625,300.4599914550781,298.5679931640625,298.7250061035156,2578695
2026-06-16 14:30:00-04:00,298.7200927734375,299.63031005859375,298.2200012207031,298.3399963378906,3427537
2026-06-16 15:30:00-04:00,298.3299865722656,299.489990234375,298.2300109863281,299.25,4462522
2026-06-17 09:30:00-04:00,300.8450012207031,302.07000732421875,299.22198486328125,300.45001220703125,6436096
2026-06-17 10:30:00-04:00,300.45001220703125,300.53948974609375,297.0899963378906,297.42999267578125,4056794
2026-06-17 11:30:00-04:00,297.42999267578125,299.1600036621094,296.6400146484375,298.614990234375,3750244
2026-06-17 12:30:00-04:00,298.6297912597656,298.7449951171875,296.57000732421875,296.80999755859375,2613201
2026-06-17 13:30:00-04:00,296.79998779296875,297.6000061035156,295.3299865722656,295.8349914550781,3339881
2026-06-17 14:30:00-04:00,295.82000732421875,296.4200134277344,294.3800048828125,295.18499755859375,4315796
2026-06-17 15:30:00-04:00,295.1600036621094,296.2200012207031,294.5899963378906,295.8800048828125,4437435
2026-06-18 09:30:00-04:00,298.44000244140625,300.45989990234375,295.6199951171875,299.6099853515625,26189695
2026-06-18 10:30:00-04:00,299.614990234375,300.57000732421875,296.9599914550781,297.1099853515625,8140647
2026-06-18 11:30:00-04:00,297.1000061035156,297.7300109863281,295.95001220703125,297.489990234375,4986655
2026-06-18 12:30:00-04:00,297.4849853515625,298.3598937988281,296.8399963378906,297.82000732421875,3319629
2026-06-18 13:30:00-04:00,297.82501220703125,297.9849853515625,297.010009765625,297.1099853515625,2384713
2026-06-18 14:30:00-04:00,297.1400146484375,298.07000732421875,297.04010009765625,297.3800048828125,2773331
2026-06-18 15:30:00-04:00,297.3599853515625,299.2394104003906,297.05999755859375,297.8900146484375,5250521
2026-06-22 09:30:00-04:00,297.5,302.4200134277344,297.5,301.20001220703125,8668767
2026-06-22 10:30:00-04:00,301.2099914550781,301.2300109863281,299.0350036621094,299.94000244140625,4311646
2026-06-22 11:30:00-04:00,299.94000244140625,301.4299011230469,299.75,300.5398864746094,2951222
2026-06-22 12:30:00-04:00,300.5199890136719,300.67999267578125,299.45001220703125,299.80999755859375,2690789
2026-06-22 13:30:00-04:00,299.81500244140625,299.8599853515625,298.5830078125,298.9200134277344,2455391
2026-06-22 14:30:00-04:00,298.9200134277344,299.3399963378906,298.590087890625,299.05999755859375,2926458
2026-06-22 15:30:00-04:00,299.05999755859375,299.0899963378906,296.7900085449219,296.7900085449219,6099091
2026-06-23 09:30:00-04:00,296.5,301.6400146484375,296.20001220703125,300.506591796875,9260481
2026-06-23 10:30:00-04:00,300.5199890136719,300.8800048828125,298.3999938964844,298.54998779296875,4488606
2026-06-23 11:30:00-04:00,298.5450134277344,298.885009765625,297.3500061035156,298.6199035644531,3832130
2026-06-23 12:30:00-04:00,298.5849914550781,299.4700012207031,297.8800048828125,299.3949890136719,3364678
2026-06-23 13:30:00-04:00,299.3949890136719,300.0849914550781,298.3399963378906,298.5199890136719,3348073
2026-06-23 14:30:00-04:00,298.5249938964844,298.86761474609375,295.30999755859375,295.840087890625,5096967
2026-06-23 15:30:00-04:00,295.8399963378906,296.5,294.2120056152344,294.2799987792969,7805347
2026-06-24 09:30:00-04:00,295.375,296.4599914550781,293.20001220703125,295.4649963378906,6118447
2026-06-24 10:30:00-04:00,295.4599914550781,298.8800048828125,295.1099853515625,298.7850036621094,4101414
2026-06-24 11:30:00-04:00,298.760009765625,299.70001220703125,297.839599609375,298.07000732421875,3791472
2026-06-24 12:30:00-04:00,298.04998779296875,298.04998779296875,295.79998779296875,296.4200134277344,3403888
2026-06-24 13:30:00-04:00,296.4100036621094,296.8644104003906,295.3800048828125,296.0,3969113
2026-06-24 14:30:00-04:00,296.0,296.17999267578125,294.1600036621094,294.9400939941406,5185415
2026-06-24 15:30:00-04:00,294.92999267578125,295.3699951171875,292.94000244140625,293.260009765625,7615869
2026-06-25 09:30:00-04:00,287.510009765625,288.79998779296875,277.4599914550781,279.6300048828125,22743842
2026-06-25 10:30:00-04:00,279.635009765625,280.0899963378906,276.44000244140625,277.6400146484375,10113501
2026-06-25 11:30:00-04:00,277.6600036621094,279.6449890136719,274.4599914550781,274.56500244140625,9158306
2026-06-25 12:30:00-04:00,274.56500244140625,278.3900146484375,273.75,278.0400085449219,13584165
2026-06-25 13:30:00-04:00,278.04998779296875,280.17999267578125,276.19000244140625,279.3450012207031,8443492
2026-06-25 14:30:00-04:00,279.3500061035156,280.2200927734375,276.0400085449219,276.7250061035156,9371195
2026-06-25 15:30:00-04:00,276.70001220703125,277.45001220703125,273.8999938964844,275.04998779296875,15625008
2026-06-26 09:30:00-04:00,275.0,278.92999267578125,274.2099914550781,278.260009765625,17026804
2026-06-26 10:30:00-04:00,278.2799987792969,280.4700012207031,278.0799865722656,279.0299987792969,10384490
2026-06-26 11:30:00-04:00,279.0259094238281,279.45001220703125,275.25,275.8999938964844,13230253
2026-06-26 12:30:00-04:00,275.8999938964844,279.3699951171875,275.8999938964844,279.19500732421875,7971369
2026-06-26 13:30:00-04:00,279.17999267578125,281.29998779296875,278.64080810546875,280.19000244140625,8257248
2026-06-26 14:30:00-04:00,280.19500732421875,281.8299865722656,279.4100036621094,280.1499938964844,15570070
2026-06-26 15:30:00-04:00,280.1499938964844,285.95001220703125,280.0,281.20001220703125,23523027
2026-06-29 09:30:00-04:00,286.8599853515625,288.36968994140625,280.45001220703125,280.8699951171875,10629459
2026-06-29 10:30:00-04:00,280.8800048828125,282.8299865722656,280.3299865722656,282.3301086425781,7865974
2026-06-29 11:30:00-04:00,282.3424987792969,283.03448486328125,280.2200012207031,280.55999755859375,7404129
2026-06-29 12:30:00-04:00,280.55999755859375,281.5400085449219,279.8500061035156,281.4800109863281,5224516
2026-06-29 13:30:00-04:00,281.4700012207031,282.29998779296875,280.8599853515625,281.54998779296875,4206523
2026-06-29 14:30:00-04:00,281.54998779296875,283.0775146484375,281.4549865722656,282.67999267578125,5654409
2026-06-29 15:30:00-04:00,282.7099914550781,282.739990234375,281.4700012207031,281.6300048828125,6544751
2026-06-30 09:30:00-04:00,281.1700134277344,286.2898864746094,280.69500732421875,286.0249938964844,9106597
2026-06-30 10:30:00-04:00,286.010009765625,288.6600036621094,285.260009765625,288.2699890136719,5769602
2026-06-30 11:30:00-04:00,288.2799987792969,289.3800048828125,287.80999755859375,288.1449890136719,4424512
2026-06-30 12:30:00-04:00,288.1600036621094,289.6600036621094,288.125,288.42999267578125,3373069
2026-06-30 13:30:00-04:00,288.44500732421875,289.19000244140625,287.8550109863281,288.0899963378906,3500049
2026-06-30 14:30:00-04:00,288.0849914550781,288.17999267578125,286.67999267578125,287.5299987792969,4344541
2026-06-30 15:30:00-04:00,287.5299987792969,289.9100036621094,287.4200134277344,289.0899963378906,8374915
2026-07-01 09:30:00-04:00,293.3299865722656,293.4798889160156,289.19500732421875,293.05999755859375,8755422
2026-07-01 10:30:00-04:00,293.05999755859375,296.5899963378906,292.7300109863281,295.751708984375,6765940
2026-07-01 11:30:00-04:00,295.7799987792969,295.7900085449219,294.6300048828125,294.94500732421875,3404930
2026-07-01 12:30:00-04:00,294.94500732421875,295.0599060058594,293.9200134277344,294.0899963378906,3566425
2026-07-01 13:30:00-04:00,294.0799865722656,295.1000061035156,292.70001220703125,294.80499267578125,5502330
2026-07-01 14:30:00-04:00,294.80999755859375,295.5299987792969,294.0,294.0151062011719,4406744
2026-07-01 15:30:00-04:00,294.0,295.54998779296875,293.7500915527344,294.25,6231653
2026-07-02 09:30:00-04:00,294.0849914550781,305.32000732421875,293.67999267578125,305.04998779296875,15588276
2026-07-02 10:30:00-04:00,305.04400634765625,307.82000732421875,304.8500061035156,305.4150085449219,11321356
2026-07-02 11:30:00-04:00,305.4200134277344,308.45001220703125,305.2799987792969,308.0899963378906,7200646
2026-07-02 12:30:00-04:00,308.0899963378906,308.5299072265625,306.6700134277344,307.80499267578125,6654699
2026-07-02 13:30:00-04:00,307.80499267578125,308.29998779296875,306.8200988769531,307.3299865722656,5550150
2026-07-02 14:30:00-04:00,307.3399963378906,308.30999755859375,307.1300048828125,307.42498779296875,5450575
2026-07-02 15:30:00-04:00,307.44000244140625,309.4200134277344,307.2099914550781,308.2200012207031,8660612
2026-07-06 09:30:00-04:00,307.67999267578125,311.75,307.010009765625,311.7300109863281,10212875
2026-07-06 10:30:00-04:00,311.70001220703125,313.6000061035156,311.2101135253906,313.5799865722656,6250328
2026-07-06 11:30:00-04:00,313.5849914550781,314.20001220703125,312.2300109863281,312.25,4817415
2026-07-06 12:30:00-04:00,312.2449951171875,312.9800109863281,311.8500061035156,312.3800048828125,6272773
2026-07-06 13:30:00-04:00,312.3876037597656,313.14990234375,312.1099853515625,313.07000732421875,2501244
2026-07-06 14:30:00-04:00,313.0799865722656,313.55999755859375,312.9100036621094,313.3999938964844,3451883
2026-07-06 15:30:00-04:00,313.4150085449219,313.739990234375,312.04998779296875,312.80999755859375,4988391
2026-07-07 09:30:00-04:00,315.2900085449219,315.4800109863281,310.1499938964844,311.45001220703125,8945230
2026-07-07 10:30:00-04:00,311.45001220703125,314.1300048828125,310.989990234375,314.0799865722656,5204771
2026-07-07 11:30:00-04:00,314.1025085449219,314.7300109863281,312.67999267578125,313.1700134277344,5936440
2026-07-07 12:30:00-04:00,313.1400146484375,314.010009765625,312.2701110839844,312.8399963378906,2794519
2026-07-07 13:30:00-04:00,312.82000732421875,313.0,311.8500061035156,312.61920166015625,2641358
2026-07-07 14:30:00-04:00,312.6199951171875,313.17999267578125,311.55999755859375,311.8949890136719,4260675
2026-07-07 15:30:00-04:00,311.8999938964844,312.32000732421875,310.3299865722656,310.6600036621094,11962573
2026-07-08 09:30:00-04:00,311.6600036621094,312.0,307.051513671875,308.8500061035156,7602776
2026-07-08 10:30:00-04:00,308.82000732421875,310.8500061035156,308.70001220703125,310.06500244140625,4149375
2026-07-08 11:30:00-04:00,310.0799865722656,311.7900085449219,309.31500244140625,311.6000061035156,3488474
2026-07-08 12:30:00-04:00,311.6000061035156,314.19000244140625,311.3399963378906,314.1199035644531,4629049
2026-07-08 13:30:00-04:00,314.1300048828125,314.80999755859375,311.150390625,314.125,4294797
2026-07-08 14:30:00-04:00,314.125,314.3999938964844,313.6499938964844,313.81500244140625,3477947
2026-07-08 15:30:00-04:00,313.81500244140625,314.20001220703125,312.75,313.260009765625,4786508
2026-07-09 09:30:00-04:00,310.44500732421875,312.29998779296875,308.1600036621094,312.0899963378906,7601316
2026-07-09 10:30:00-04:00,312.07000732421875,314.8500061035156,310.7012023925781,314.4599914550781,4078964
2026-07-09 11:30:00-04:00,314.46990966796875,315.2200012207031,314.1000061035156,314.8999938964844,8485039
2026-07-09 12:30:00-04:00,314.90008544921875,315.5,314.30999755859375,314.7214050292969,4552794
2026-07-09 13:30:00-04:00,314.7235107421875,315.31988525390625,314.2349853515625,314.55999755859375,4088119
2026-07-09 14:30:00-04:00,314.55999755859375,315.69000244140625,314.25,315.4100036621094,3058281
2026-07-09 15:30:00-04:00,315.4200134277344,316.5299987792969,315.3900146484375,316.17999267578125,4155824
2026-07-10 09:30:00-04:00,314.7200012207031,316.3900146484375,312.93011474609375,313.1300048828125,6346453
2026-07-10 10:30:00-04:00,313.1199951171875,314.1099853515625,312.1700134277344,313.3399963378906,4170673
2026-07-10 11:30:00-04:00,313.3500061035156,314.5140075683594,312.32000732421875,314.3550109863281,2588249
2026-07-10 12:30:00-04:00,314.3699951171875,314.7799987792969,313.94000244140625,314.4599914550781,1701568
2026-07-10 13:30:00-04:00,314.4700012207031,314.8900146484375,313.8902893066406,314.840087890625,1530749
2026-07-10 14:30:00-04:00,314.8599853515625,316.4798889160156,314.739990234375,316.1600036621094,3576384
2026-07-10 15:30:00-04:00,316.1499938964844,316.9100036621094,314.7799987792969,315.32989501953125,3989622
2026-07-13 09:30:00-04:00,317.0150146484375,323.45001220703125,316.45001220703125,320.19000244140625,12156474
2026-07-13 10:30:00-04:00,320.2099914550781,320.2950134277344,316.8500061035156,317.2200012207031,3994197
2026-07-13 11:30:00-04:00,317.2200012207031,317.8999938964844,316.0899963378906,317.3699951171875,3728751
2026-07-13 12:30:00-04:00,317.3399963378906,317.44000244140625,315.7799987792969,316.4700012207031,3615264
2026-07-13 13:30:00-04:00,316.489990234375,316.8450012207031,315.8999938964844,316.84051513671875,2357040
2026-07-13 14:30:00-04:00,316.8599853515625,317.5199890136719,316.1700134277344,316.3299865722656,4128503
2026-07-13 15:30:00-04:00,316.32501220703125,317.739990234375,316.04998779296875,317.4200134277344,4025682
2026-07-14 09:30:00-04:00,313.6400146484375,315.68499755859375,311.9100036621094,314.9419860839844,6954014
2026-07-14 10:30:00-04:00,314.95001220703125,316.19000244140625,314.0205078125,314.29998779296875,4610996
2026-07-14 11:30:00-04:00,314.32000732421875,314.8699951171875,312.8699951171875,313.2699890136719,3168667
2026-07-14 12:30:00-04:00,313.260009765625,314.9700012207031,313.1099853515625,314.8699951171875,2646535
2026-07-14 13:30:00-04:00,314.8900146484375,315.3900146484375,314.5899963378906,315.2200012207031,1929118
2026-07-14 14:30:00-04:00,315.2200012207031,315.8699951171875,314.82000732421875,315.7049865722656,2224839
2026-07-14 15:30:00-04:00,315.7049865722656,315.760009765625,314.5899963378906,314.9200134277344,3016895
2026-07-15 09:30:00-04:00,317.625,325.67999267578125,317.32000732421875,324.7099914550781,13551334
2026-07-15 10:30:00-04:00,324.7099914550781,325.67999267578125,323.5400085449219,325.6199951171875,6278014
2026-07-15 11:30:00-04:00,325.6099853515625,328.5299987792969,325.1600036621094,328.1700134277344,7315724
2026-07-15 12:30:00-04:00,328.1600036621094,328.5,325.9700012207031,326.989990234375,5967302
2026-07-15 13:30:00-04:00,327.0,328.0,326.6499938964844,327.7900085449219,3896347
2026-07-15 14:30:00-04:00,327.7799987792969,328.7200012207031,326.8599853515625,327.05999755859375,4546317
2026-07-15 15:30:00-04:00,327.0400085449219,328.3500061035156,325.7200012207031,327.57000732421875,8018122
2026-07-16 09:30:00-04:00,328.0050048828125,331.4100036621094,326.7900085449219,330.3699951171875,12802968
2026-07-16 10:30:00-04:00,330.3399963378906,331.1499938964844,329.3500061035156,330.6300048828125,5287556
2026-07-16 11:30:00-04:00,330.65008544921875,332.2799987792969,327.5,331.1400146484375,4606871
2026-07-16 12:30:00-04:00,331.1899108886719,332.9700012207031,329.8599853515625,332.8999938964844,5689496
2026-07-16 13:30:00-04:00,332.898193359375,333.54998779296875,329.3399963378906,331.260009765625,6798812
2026-07-16 14:30:00-04:00,331.239990234375,334.67999267578125,330.9100036621094,332.989990234375,7975310
2026-07-16 15:30:00-04:00,333.0,333.70001220703125,330.7699890136719,333.2699890136719,8204005
2026-07-17 09:30:00-04:00,332.5400085449219,334.9800109863281,329.0006103515625,331.8399963378906,16544554
2026-07-17 10:30:00-04:00,331.8800048828125,334.7666931152344,331.8500061035156,334.6549987792969,6533789
2026-07-17 11:30:00-04:00,334.6698913574219,334.8699035644531,330.0,331.7449951171875,6252902
2026-07-17 12:30:00-04:00,331.7200012207031,333.5,329.1600036621094,330.5400085449219,6274349
2026-07-17 13:30:00-04:00,330.51080322265625,333.2300109863281,330.0799865722656,332.375,4577738
2026-07-17 14:30:00-04:00,332.375,334.6700134277344,332.1099853515625,332.8299865722656,5792451
2026-07-17 15:30:00-04:00,332.7799987792969,334.3800048828125,332.260009765625,333.739990234375,6369671
2026-07-20 09:30:00-04:00,333.0249938964844,333.7099914550781,326.1099853515625,327.0199890136719,11178368
2026-07-20 10:30:00-04:00,327.0199890136719,328.0199890136719,324.4200134277344,324.8999938964844,7312927
2026-07-20 11:30:00-04:00,324.94000244140625,326.5450134277344,324.8699951171875,325.0,4701093
2026-07-20 12:30:00-04:00,325.0199890136719,325.1449890136719,323.70001220703125,324.7200012207031,4126525
2026-07-20 13:30:00-04:00,324.7300109863281,326.489990234375,324.20001220703125,325.94000244140625,5044844
2026-07-20 14:30:00-04:00,325.9800109863281,329.0799865722656,325.30999755859375,329.0199890136719,5761535
2026-07-20 15:30:00-04:00,329.010009765625,329.760009765625,326.32000732421875,326.70001220703125,5528498
2026-07-21 09:30:00-04:00,323.3450012207031,327.0299987792969,322.22039794921875,326.739990234375,9697821
2026-07-21 10:30:00-04:00,326.7200012207031,328.45001220703125,326.2099914550781,328.385009765625,4005270
2026-07-21 11:30:00-04:00,328.3800048828125,329.6000061035156,327.7550048828125,328.6199951171875,3516853
2026-07-21 12:30:00-04:00,328.6210021972656,328.8299865722656,327.0,327.07000732421875,3845150
2026-07-21 13:30:00-04:00,327.07000732421875,327.8699951171875,326.7200012207031,327.239990234375,3598490
2026-07-21 14:30:00-04:00,327.25,328.489990234375,327.17999267578125,327.93499755859375,2991406
2026-07-21 15:30:00-04:00,327.92999267578125,328.1000061035156,327.1400146484375,327.5899963378906,3687722
2026-07-22 09:30:00-04:00,327.875,328.99951171875,324.3299865722656,324.4750061035156,6559605
2026-07-22 10:30:00-04:00,324.4949951171875,325.80999755859375,324.07000732421875,325.79998779296875,3700418
2026-07-22 11:30:00-04:00,325.7650146484375,325.8900146484375,324.3699951171875,324.885009765625,4081820
2026-07-22 12:30:00-04:00,324.885009765625,324.95001220703125,323.3399963378906,323.6650085449219,2995117
2026-07-22 13:30:00-04:00,323.6650085449219,324.0199890136719,323.55499267578125,323.92999267578125,1648241
2026-07-22 14:30:00-04:00,323.9299011230469,324.70001220703125,323.8299865722656,324.44000244140625,2532403
2026-07-22 15:30:00-04:00,324.44000244140625,326.9100036621094,323.9800109863281,325.8699951171875,5469385
2026-07-23 09:30:00-04:00,321.7300109863281,323.29998779296875,319.3500061035156,321.489990234375,7808169
2026-07-23 10:30:00-04:00,321.4649963378906,322.9100036621094,320.7149963378906,321.2799987792969,3963966
2026-07-23 11:30:00-04:00,321.2900085449219,321.54998779296875,320.07000732421875,320.3598937988281,4791936
2026-07-23 12:30:00-04:00,320.30999755859375,321.04998779296875,320.0,320.8699951171875,2240708
2026-07-23 13:30:00-04:00,320.8700866699219,321.39898681640625,320.0,320.2699890136719,2551049
2026-07-23 14:30:00-04:00,320.2749938964844,321.20001220703125,319.760009765625,320.4198913574219,3757792
2026-07-23 15:30:00-04:00,320.3800048828125,321.9800109863281,320.0400085449219,321.6099853515625,4281719
2026-07-24 09:30:00-04:00,324.375,329.4389953613281,323.2300109863281,328.79998779296875,8571059
2026-07-24 10:30:00-04:00,328.7950134277344,331.92999267578125,328.7099914550781,331.7650146484375,6271725
2026-07-24 11:30:00-04:00,331.7749938964844,334.3699951171875,331.6700134277344,333.7200012207031,6621698
2026-07-24 12:30:00-04:00,333.69500732421875,334.2200012207031,332.1505126953125,332.3999938964844,3846747
2026-07-24 13:30:00-04:00,332.3949890136719,333.19000244140625,332.1400146484375,332.2650146484375,2780581
2026-07-24 14:30:00-04:00,332.2650146484375,333.2300109863281,332.05999755859375,332.489990234375,6248052
2026-07-24 15:30:00-04:00,332.4800109863281,333.45001220703125,331.8500061035156,333.07000732421875,4719723
2026-07-27 09:30:00-04:00,334.8999938964844,338.1400146484375,334.0199890136719,337.69000244140625,11270804
2026-07-27 10:30:00-04:00,337.70001220703125,339.5,336.1199951171875,338.739990234375,7762742
2026-07-27 11:30:00-04:00,338.7300109863281,339.57000732421875,336.75,337.4501037597656,6554357
2026-07-27 12:30:00-04:00,337.4599914550781,338.1300048828125,335.67999267578125,336.04998779296875,3314628
2026-07-27 13:30:00-04:00,336.07000732421875,336.79998779296875,335.04998779296875,335.1499938964844,3140907
2026-07-27 14:30:00-04:00,335.1499938964844,336.239990234375,334.70001220703125,335.7200012207031,3486673
2026-07-27 15:30:00-04:00,335.7200012207031,337.2200012207031,335.6499938964844,336.9200134277344,3614510
2026-07-28 09:30:00-04:00,340.0299987792969,342.8900146484375,335.6000061035156,337.9599914550781,13575047
2026-07-28 10:30:00-04:00,337.9800109863281,339.6687927246094,336.6000061035156,339.2699890136719,5797429
2026-07-28 11:30:00-04:00,339.2401123046875,340.1400146484375,339.0,339.80999755859375,4043365
2026-07-28 12:30:00-04:00,339.8299865722656,340.57989501953125,338.93011474609375,339.0299987792969,3106607
2026-07-28 13:30:00-04:00,339.0400085449219,340.159912109375,339.0,339.8399963378906,3223079
2026-07-28 14:30:00-04:00,339.8399963378906,339.8900146484375,338.2799987792969,339.20001220703125,3590020
2026-07-28 15:30:00-04:00,339.1600036621094,340.5299987792969,339.1000061035156,340.1600036621094,6415578
2026-07-29 09:30:00-04:00,339.69000244140625,343.6700134277344,339.55999755859375,341.1600036621094,10935247
2026-07-29 10:30:00-04:00,341.1700134277344,341.739990234375,339.5199890136719,339.80999755859375,4890702
2026-07-29 11:30:00-04:00,339.8299865722656,341.55999755859375,339.760009765625,341.2699890136719,3546410
2026-07-29 12:30:00-04:00,341.25,343.44891357421875,340.04998779296875,342.7200012207031,3813347
2026-07-29 13:30:00-04:00,342.69500732421875,344.56988525390625,342.3500061035156,343.58770751953125,5124505
2026-07-29 14:30:00-04:00,343.5899963378906,343.94000244140625,341.3299865722656,341.5299987792969,4812676
2026-07-29 15:30:00-04:00,341.55999755859375,341.55999755859375,337.35009765625,338.07000732421875,8640481
2026-07-30 09:30:00-04:00,334.1099853515625,334.4800109863281,330.3500061035156,331.30999755859375,13578994
2026-07-30 10:30:00-04:00,331.29998779296875,333.03228759765625,329.5899963378906,331.2200012207031,6768257
2026-07-30 11:30:00-04:00,331.2349853515625,332.6000061035156,330.6300048828125,332.0899963378906,6061981
2026-07-30 12:30:00-04:00,332.0899963378906,332.8500061035156,331.4049987792969,332.0899963378906,4068798
2026-07-30 13:30:00-04:00,332.0799865722656,333.9800109863281,331.7200927734375,333.1000061035156,3594892
2026-07-30 14:30:00-04:00,333.1199951171875,334.0899963378906,332.8999938964844,333.1600036621094,4768291
2026-07-30 15:30:00-04:00,333.1600036621094,334.75,332.30999755859375,333.8500061035156,6035501
2026-07-31 09:30:00-04:00,304.80999755859375,306.8999938964844,300.3299865722656,302.739990234375,42271625
2026-07-31 10:30:00-04:00,302.7550048828125,304.25,301.6400146484375,301.7300109863281,10897816
2026-07-31 11:30:00-04:00,301.7300109863281,302.82000732421875,300.3999938964844,300.5400085449219,9857216
2026-07-31 12:30:00-04:00,300.55999755859375,301.83428955078125,300.0,301.20001220703125,7813750
2026-07-31 13:30:00-04:00,301.20001220703125,302.4200134277344,300.5,301.7300109863281,9575659
2026-07-31 14:30:00-04:00,301.760009765625,305.7099914550781,301.7449951171875,305.6549987792969,11851963
2026-07-31 15:30:00-04:00,305.6600036621094,310.6600036621094,305.0199890136719,309.0299987792969,20642958
2026-08-03 09:30:00-04:00,309.79998779296875,310.0299987792969,304.3399963378906,305.55010986328125,15181869
2026-08-03 10:30:00-04:00,305.54998779296875,306.44000244140625,303.8999938964844,304.2149963378906,9512430
2026-08-03 11:30:00-04:00,304.2149963378906,306.3599853515625,302.55999755859375,306.3599853515625,8017561
2026-08-03 12:30:00-04:00,306.3500061035156,307.5400085449219,305.8999938964844,307.2250061035156,6899047
2026-08-03 13:30:00-04:00,307.2250061035156,307.2300109863281,305.5,305.5202941894531,4746952
2026-08-03 14:30:00-04:00,305.5299987792969,305.9700012207031,304.79998779296875,305.0450134277344,5628929
2026-08-03 15:30:00-04:00,305.0450134277344,305.0799865722656,302.67999267578125,303.2699890136719,10186067
2026-08-04 09:30:00-04:00,303.7900085449219,307.1400146484375,302.45001220703125,306.80999755859375,16371244
2026-08-04 10:30:00-04:00,306.8599853515625,306.89990234375,305.2250061035156,305.67388916015625,5755639
2026-08-04 11:30:00-04:00,305.6700134277344,306.7300109863281,305.489990234375,306.5050048828125,4275297
2026-08-04 12:30:00-04:00,306.5050048828125,310.4200134277344,306.3399963378906,308.8999938964844,5070397
2026-08-04 13:30:00-04:00,308.8999938964844,310.1300048828125,308.6600036621094,309.32000732421875,5054926
2026-08-04 14:30:00-04:00,309.30999755859375,309.79998779296875,308.25,309.5799865722656,4685626
2026-08-04 15:30:00-04:00,309.5799865722656,310.4200134277344,308.8800048828125,309.3900146484375,5711308
2026-08-05 09:30:00-04:00,309.3599853515625,309.3800048828125,305.6700134277344,306.7275085449219,10544948
2026-08-05 10:30:00-04:00,306.70001220703125,311.70819091796875,306.2699890136719,308.5950012207031,7426689
2026-08-05 11:30:00-04:00,308.5950012207031,309.44000244140625,307.8299865722656,308.639892578125,3930602
2026-08-05 12:30:00-04:00,308.6300048828125,309.9800109863281,308.45001220703125,309.739990234375,2598651
2026-08-05 13:30:00-04:00,309.75,310.2200012207031,308.0799865722656,308.1900939941406,2656326
2026-08-05 14:30:00-04:00,308.2091979980469,309.8789978027344,308.0849914550781,309.6200866699219,4050737
2026-08-05 15:30:00-04:00,309.6099853515625,311.55499267578125,309.3900146484375,310.9200134277344,6126779
2026-08-06 09:30:00-04:00,314.3399963378906,316.2893981933594,313.489990234375,313.5,7772052
