datetime,open,high,low,close,volume
2026-07-29 09:30:00-04:00,339.69000244140625,341.7200012207031,339.6521911621094,341.5953063964844,1864881
2026-07-29 09:31:00-04:00,341.70001220703125,342.19000244140625,340.55999755859375,340.8299865722656,305503
2026-07-29 09:32:00-04:00,340.8900146484375,340.96990966796875,339.7200012207031,340.3900146484375,186855
2026-07-29 09:33:00-04:00,340.42498779296875,340.54119873046875,339.7900085449219,339.9599914550781,210047
2026-07-29 09:34:00-04:00,339.9849853515625,340.40399169921875,339.55999755859375,340.0282897949219,143584
2026-07-29 09:35:00-04:00,340.05999755859375,340.45001220703125,339.8500061035156,340.42999267578125,106358
2026-07-29 09:36:00-04:00,340.3949890136719,340.989990234375,340.1600036621094,340.7950134277344,215061
2026-07-29 09:37:00-04:00,340.7900085449219,340.8299865722656,340.010009765625,340.7550048828125,155495
2026-07-29 09:38:00-04:00,340.7699890136719,340.989990234375,340.3699951171875,340.6499938964844,235461
2026-07-29 09:39:00-04:00,340.70001220703125,341.2178955078125,340.6841125488281,341.2178955078125,161202
2026-07-29 09:40:00-04:00,341.1600036621094,341.7550048828125,340.864990234375,341.7300109863281,198497
2026-07-29 09:41:00-04:00,341.7149963378906,341.7799987792969,341.4100036621094,341.4549865722656,175212
2026-07-29 09:42:00-04:00,341.4549865722656,341.7200012207031,341.2699890136719,341.4599914550781,130969
2026-07-29 09:43:00-04:00,341.44000244140625,341.4599914550781,340.95001220703125,341.1400146484375,113700
2026-07-29 09:44:00-04:00,341.1700134277344,341.5950012207031,340.7900085449219,341.55999755859375,108027
2026-07-29 09:45:00-04:00,341.5450134277344,342.3699951171875,341.5299987792969,342.239990234375,256533
2026-07-29 09:46:00-04:00,342.2850036621094,342.9700012207031,342.239990234375,342.7749938964844,371562
2026-07-29 09:47:00-04:00,342.7749938964844,343.1300048828125,342.572509765625,342.8800048828125,280290
2026-07-29 09:48:00-04:00,342.8900146484375,343.1000061035156,342.80999755859375,343.0799865722656,138507
2026-07-29 09:49:00-04:00,343.0799865722656,343.45001220703125,342.7500915527344,343.2349853515625,223731
2026-07-29 09:50:00-04:00,343.2716064453125,343.4800109863281,342.9700012207031,343.3699951171875,265217
2026-07-29 09:51:00-04:00,343.3699951171875,343.6700134277344,343.1650085449219,343.6449890136719,233364
2026-07-29 09:52:00-04:00,343.6300048828125,343.6499938964844,343.05029296875,343.3399963378906,199860
2026-07-29 09:53:00-04:00,343.3500061035156,343.4599914550781,343.05999755859375,343.3500061035156,128481
2026-07-29 09:54:00-04:00,343.3599853515625,343.409912109375,342.94000244140625,343.0249938964844,102794
2026-07-29 09:55:00-04:00,343.0199890136719,343.1000061035156,342.3999938964844,342.6600036621094,123993
2026-07-29 09:56:00-04:00,342.68499755859375,342.739990234375,342.19000244140625,342.5639953613281,145354
2026-07-29 09:57:00-04:00,342.5199890136719,343.1199951171875,342.4599914550781,342.94000244140625,155731
2026-07-29 09:58:00-04:00,342.92999267578125,343.0,342.5199890136719,342.760009765625,99885
2026-07-29 09:59:00-04:00,342.7799987792969,343.05499267578125,342.5450134277344,342.8699951171875,126990
2026-07-29 10:00:00-04:00,342.82501220703125,342.9700012207031,342.6549987792969,342.67498779296875,146548
2026-07-29 10:01:00-04:00,342.6600036621094,342.82501220703125,342.5150146484375,342.82501220703125,133418
2026-07-29 10:02:00-04:00,342.82501220703125,343.0400085449219,342.6199951171875,342.92999267578125,179837
2026-07-29 10:03:00-04:00,342.9700012207031,343.4800109863281,342.95001220703125,343.43499755859375,238317
2026-07-29 10:04:00-04:00,343.42401123046875,343.4599914550781,342.9501037597656,343.19000244140625,124330
2026-07-29 10:05:00-04:00,343.19000244140625,343.302490234375,342.9100036621094,342.95001220703125,135478
2026-07-29 10:06:00-04:00,342.9750061035156,343.1600036621094,342.510009765625,342.6192932128906,233414
2026-07-29 10:07:00-04:00,342.625,342.8241882324219,342.4100036621094,342.4750061035156,111261
2026-07-29 10:08:00-04:00,342.5,342.69000244140625,342.2300109863281,342.61968994140625,147850
2026-07-29 10:09:00-04:00,342.5950012207031,342.7489929199219,342.45928955078125,342.6650085449219,78765
2026-07-29 10:10:00-04:00,342.6400146484375,342.81500244140625,342.3699951171875,342.3699951171875,124239
2026-07-29 10:11:00-04:00,342.3999938964844,342.67999267578125,342.25,342.3450012207031,129929
2026-07-29 10:12:00-04:00,342.3450012207031,342.3568115234375,341.8500061035156,342.20001220703125,208957
2026-07-29 10:13:00-04:00,342.20001220703125,342.20001220703125,341.7200012207031,341.840087890625,110397
2026-07-29 10:14:00-04:00,341.864990234375,342.1600036621094,341.79998779296875,341.8299865722656,144955
2026-07-29 10:15:00-04:00,341.82501220703125,342.0889892578125,341.67498779296875,342.0575866699219,129663
2026-07-29 10:16:00-04:00,342.04998779296875,342.0625915527344,341.590087890625,341.6300048828125,100358
2026-07-29 10:17:00-04:00,341.6300048828125,341.7650146484375,341.4800109863281,341.7445068359375,153064
2026-07-29 10:18:00-04:00,341.7699890136719,341.7699890136719,341.4176025390625,341.4599914550781,119756
2026-07-29 10:19:00-04:00,341.4800109863281,341.5,341.20001220703125,341.29998779296875,109519
2026-07-29 10:20:00-04:00,341.2900085449219,341.5299987792969,341.1300048828125,341.3900146484375,154242
2026-07-29 10:21:00-04:00,341.385009765625,341.4800109863281,341.1401062011719,341.2049865722656,72115
2026-07-29 10:22:00-04:00,341.25,341.6499938964844,341.2200012207031,341.6499938964844,77135
2026-07-29 10:23:00-04:00,341.6300048828125,341.7284851074219,341.4601135253906,341.4601135253906,68227
2026-07-29 10:24:00-04:00,341.43499755859375,341.4800109863281,341.1600036621094,341.2200012207031,80681
2026-07-29 10:25:00-04:00,341.2799987792969,341.30999755859375,340.9599914550781,340.9606018066406,65398
2026-07-29 10:26:00-04:00,340.9700012207031,341.1899108886719,340.7200012207031,341.1199951171875,124913
2026-07-29 10:27:00-04:00,341.10009765625,341.2200012207031,341.0299987792969,341.0799865722656,92587
2026-07-29 10:28:00-04:00,341.1099853515625,341.3399963378906,341.0299987792969,341.2550048828125,107801
2026-07-29 10:29:00-04:00,341.260009765625,341.2650146484375,341.1050109863281,341.1600036621094,68949
2026-07-29 10:30:00-04:00,341.1700134277344,341.31988525390625,340.9100036621094,341.2900085449219,98861
2026-07-29 10:31:00-04:00,341.32000732421875,341.3999938964844,341.04998779296875,341.31988525390625,89307
2026-07-29 10:32:00-04:00,341.2699890136719,341.34100341796875,341.1000061035156,341.1600036621094,76185
2026-07-29 10:33:00-04:00,341.1600036621094,341.57000732421875,341.0307922363281,341.5150146484375,102847
2026-07-29 10:34:00-04:00,341.4949951171875,341.70001220703125,341.3699951171875,341.70001220703125,69064
2026-07-29 10:35:00-04:00,341.70001220703125,341.739990234375,341.4200134277344,341.489990234375,63025
2026-07-29 10:36:00-04:00,341.4949951171875,341.57000732421875,341.1300048828125,341.2655944824219,59830
2026-07-29 10:37:00-04:00,341.2699890136719,341.3695983886719,341.14019775390625,341.2900085449219,48879
2026-07-29 10:38:00-04:00,341.2699890136719,341.3999938964844,341.1341857910156,341.364990234375,52115
2026-07-29 10:39:00-04:00,341.3699951171875,341.45001220703125,341.260009765625,341.2900085449219,54751
2026-07-29 10:40:00-04:00,341.2799987792969,341.3999938964844,341.0201110839844,341.05999755859375,71155
2026-07-29 10:41:00-04:00,341.05999755859375,341.6400146484375,341.05999755859375,341.489990234375,79503
2026-07-29 10:42:00-04:00,341.489990234375,341.5799865722656,341.3500061035156,341.45001220703125,72121
2026-07-29 10:43:00-04:00,341.44000244140625,341.6000061035156,341.32000732421875,341.44500732421875,157990
2026-07-29 10:44:00-04:00,341.427490234375,341.6000061035156,341.32000732421875,341.5899963378906,98701
2026-07-29 10:45:00-04:00,341.57000732421875,341.70001220703125,341.3500061035156,341.4599914550781,86547
2026-07-29 10:46:00-04:00,341.44000244140625,341.6400146484375,341.3236083984375,341.6099853515625,61702
2026-07-29 10:47:00-04:00,341.5899963378906,341.5899963378906,341.17498779296875,341.2099914550781,79733
2026-07-29 10:48:00-04:00,341.20001220703125,341.3399963378906,341.0820007324219,341.3299865722656,65185
2026-07-29 10:49:00-04:00,341.32000732421875,341.3500061035156,340.80999755859375,341.0400085449219,105451
2026-07-29 10:50:00-04:00,341.05499267578125,341.05499267578125,340.5119934082031,340.6160888671875,161532
2026-07-29 10:51:00-04:00,340.6050109863281,340.9305114746094,340.510009765625,340.54998779296875,128843
2026-07-29 10:52:00-04:00,340.5899963378906,340.779296875,340.3800048828125,340.3800048828125,113412
2026-07-29 10:53:00-04:00,340.4200134277344,340.8999938964844,340.4150085449219,340.7099914550781,77357
2026-07-29 10:54:00-04:00,340.70001220703125,340.7699890136719,340.44000244140625,340.7099914550781,85786
2026-07-29 10:55:00-04:00,340.7200012207031,340.75,340.6199951171875,340.70001220703125,68240
2026-07-29 10:56:00-04:00,340.69500732421875,340.8399963378906,340.54010009765625,340.6156005859375,81499
2026-07-29 10:57:00-04:00,340.6600036621094,340.7099914550781,340.4800109863281,340.5000915527344,78947
2026-07-29 10:58:00-04:00,340.510009765625,340.6000061035156,340.1199951171875,340.31500244140625,97178
2026-07-29 10:59:00-04:00,340.29998779296875,340.44879150390625,340.2699890136719,340.3900146484375,95515
2026-07-29 11:00:00-04:00,340.3999938964844,340.5,340.1499938964844,340.32501220703125,124389
2026-07-29 11:01:00-04:00,340.3349914550781,340.42999267578125,340.14080810546875,340.17999267578125,101960
2026-07-29 11:02:00-04:00,340.17498779296875,340.2699890136719,339.760009765625,339.79998779296875,143607
2026-07-29 11:03:00-04:00,339.77081298828125,340.05499267578125,339.7200012207031,339.760009765625,127520
2026-07-29 11:04:00-04:00,339.739990234375,339.8599853515625,339.5199890136719,339.739990234375,154508
2026-07-29 11:05:00-04:00,339.7799987792969,339.989990234375,339.5899963378906,339.6700134277344,68099
2026-07-29 11:06:00-04:00,339.6700134277344,340.55999755859375,339.6099853515625,340.3999938964844,140678
2026-07-29 11:07:00-04:00,340.4200134277344,340.57000732421875,340.3500061035156,340.510009765625,128042
2026-07-29 11:08:00-04:00,340.526611328125,340.5398864746094,340.2001037597656,340.3599853515625,71661
2026-07-29 11:09:00-04:00,340.2900085449219,340.4100036621094,340.2200927734375,340.2650146484375,71562
2026-07-29 11:10:00-04:00,340.2799987792969,340.29998779296875,340.1099853515625,340.1724853515625,101061
2026-07-29 11:11:00-04:00,340.19000244140625,340.2300109863281,339.94000244140625,340.1400146484375,90780
2026-07-29 11:12:00-04:00,340.1499938964844,340.20001220703125,340.0299987792969,340.1499938964844,40168
2026-07-29 11:13:00-04:00,340.1400146484375,340.19000244140625,339.9100036621094,340.0299987792969,58441
2026-07-29 11:14:00-04:00,340.0199890136719,340.0799865722656,339.94500732421875,339.9700012207031,42752
2026-07-29 11:15:00-04:00,339.9700012207031,340.05999755859375,339.8900146484375,339.94000244140625,50655
2026-07-29 11:16:00-04:00,339.92999267578125,340.239990234375,339.92999267578125,340.135009765625,81671
2026-07-29 11:17:00-04:00,340.1199951171875,340.2699890136719,340.1000061035156,340.1300048828125,62589
2026-07-29 11:18:00-04:00,340.1099853515625,340.3299865722656,339.80999755859375,339.8999938964844,62561
2026-07-29 11:19:00-04:00,339.92999267578125,340.0199890136719,339.8399963378906,339.8699951171875,47313
2026-07-29 11:20:00-04:00,339.8500061035156,340.010009765625,339.8299865722656,339.9949951171875,50760
2026-07-29 11:21:00-04:00,340.0,340.0400085449219,339.760009765625,339.864990234375,36435
2026-07-29 11:22:00-04:00,339.8699035644531,339.9200134277344,339.69000244140625,339.7950134277344,59439
2026-07-29 11:23:00-04:00,339.78729248046875,339.8699035644531,339.69000244140625,339.7900085449219,52925
2026-07-29 11:24:00-04:00,339.79998779296875,340.0899963378906,339.6499938964844,340.05999755859375,89897
2026-07-29 11:25:00-04:00,340.04998779296875,340.0899963378906,339.8999938964844,340.04998779296875,73930
2026-07-29 11:26:00-04:00,340.0299987792969,340.06500244140625,339.70001220703125,339.8799133300781,53670
2026-07-29 11:27:00-04:00,339.8700866699219,340.0400085449219,339.739990234375,339.8699951171875,46078
2026-07-29 11:28:00-04:00,339.8900146484375,340.0799865722656,339.8800048828125,339.9800109863281,36362
2026-07-29 11:29:00-04:00,339.9800109863281,340.0299987792969,339.7799987792969,339.80999755859375,39928
2026-07-29 11:30:00-04:00,339.8299865722656,339.989990234375,339.80999755859375,339.9150085449219,97770
2026-07-29 11:31:00-04:00,339.9100036621094,340.0,339.760009765625,339.989990234375,72314
2026-07-29 11:32:00-04:00,339.9849853515625,340.20001220703125,339.92999267578125,340.07000732421875,78685
2026-07-29 11:33:00-04:00,340.07000732421875,340.1300048828125,339.989990234375,340.0199890136719,52492
2026-07-29 11:34:00-04:00,340.03009033203125,340.04998779296875,339.8399963378906,339.8999938964844,40785
2026-07-29 11:35:00-04:00,339.9200134277344,340.1050109863281,339.8450012207031,340.0400085449219,74277
2026-07-29 11:36:00-04:00,340.0299987792969,340.07000732421875,339.8450012207031,340.010009765625,38910
2026-07-29 11:37:00-04:00,340.010009765625,340.5150146484375,340.010009765625,340.3999938964844,90535
2026-07-29 11:38:00-04:00,340.3800048828125,340.67999267578125,340.3800048828125,340.510009765625,102581
2026-07-29 11:39:00-04:00,340.5350036621094,340.5506896972656,340.3399963378906,340.3999938964844,56190
2026-07-29 11:40:00-04:00,340.3800964355469,340.6099853515625,340.30999755859375,340.4200134277344,51773
2026-07-29 11:41:00-04:00,340.42498779296875,340.56500244140625,340.3800964355469,340.489990234375,50192
2026-07-29 11:42:00-04:00,340.4800109863281,340.57000732421875,340.239990234375,340.3399963378906,86668
2026-07-29 11:43:00-04:00,340.32501220703125,340.45001220703125,339.8800048828125,340.1050109863281,112823
2026-07-29 11:44:00-04:00,340.1300048828125,340.16009521484375,339.94000244140625,340.0899963378906,55997
2026-07-29 11:45:00-04:00,340.0899963378906,340.2900085449219,340.05999755859375,340.2900085449219,49117
2026-07-29 11:46:00-04:00,340.260009765625,340.44500732421875,340.1300048828125,340.375,49017
2026-07-29 11:47:00-04:00,340.375,340.739990234375,340.32000732421875,340.6549987792969,81070
2026-07-29 11:48:00-04:00,340.68499755859375,340.8599853515625,340.57000732421875,340.5899963378906,69446
2026-07-29 11:49:00-04:00,340.5950012207031,340.8800048828125,340.5950012207031,340.8399963378906,53000
2026-07-29 11:50:00-04:00,340.80999755859375,340.9700012207031,340.781005859375,340.875,100429
2026-07-29 11:51:00-04:00,340.82501220703125,340.8900146484375,340.75,340.8500061035156,58719
2026-07-29 11:52:00-04:00,340.8399963378906,341.2200012207031,340.82000732421875,341.17498779296875,122585
2026-07-29 11:53:00-04:00,341.1700134277344,341.1700134277344,340.8900146484375,341.0199890136719,53202
2026-07-29 11:54:00-04:00,341.0199890136719,341.0419921875,340.7250061035156,340.8399963378906,51197
2026-07-29 11:55:00-04:00,340.8599853515625,340.9949951171875,340.7799987792969,340.9200134277344,60312
2026-07-29 11:56:00-04:00,340.93499755859375,341.07000732421875,340.8800048828125,341.0249938964844,56931
2026-07-29 11:57:00-04:00,341.0199890136719,341.1000061035156,340.8599853515625,341.07000732421875,48212
2026-07-29 11:58:00-04:00,341.0799865722656,341.1499938964844,340.75,341.04998779296875,99450
2026-07-29 11:59:00-04:00,341.0799865722656,341.1499938964844,340.9200134277344,341.0299987792969,48453
2026-07-29 12:00:00-04:00,341.1000061035156,341.1199951171875,340.7799987792969,340.8612060546875,40214
2026-07-29 12:01:00-04:00,340.8500061035156,340.95001220703125,340.7200012207031,340.75,36563
2026-07-29 12:02:00-04:00,340.7298889160156,341.0199890136719,340.6300048828125,340.92999267578125,44130
2026-07-29 12:03:00-04:00,340.92999267578125,341.0799865722656,340.9049987792969,341.0299987792969,29415
2026-07-29 12:04:00-04:00,341.0450134277344,341.1499938964844,340.8599853515625,340.8999938964844,53013
2026-07-29 12:05:00-04:00,340.9049987792969,340.9200134277344,340.70001220703125,340.7699890136719,48455
2026-07-29 12:06:00-04:00,340.75,340.94000244140625,340.739990234375,340.8800048828125,76514
2026-07-29 12:07:00-04:00,340.82501220703125,340.95001220703125,340.739990234375,340.9150085449219,53575
2026-07-29 12:08:00-04:00,340.92999267578125,341.010009765625,340.7900085449219,340.8450927734375,39419
2026-07-29 12:09:00-04:00,340.8399963378906,341.0350036621094,340.7560119628906,341.010009765625,53868
2026-07-29 12:10:00-04:00,340.9700012207031,341.07501220703125,340.92010498046875,340.9502868652344,38330
2026-07-29 12:11:00-04:00,340.9599914550781,340.9800109863281,340.70001220703125,340.95001220703125,29686
2026-07-29 12:12:00-04:00,340.95001220703125,340.9649963378906,340.8299865722656,340.8699951171875,30879
2026-07-29 12:13:00-04:00,340.900390625,340.989990234375,340.79998779296875,340.9800109863281,39350
2026-07-29 12:14:00-04:00,340.9700927734375,341.0400085449219,340.80999755859375,340.8299865722656,39256
2026-07-29 12:15:00-04:00,340.79998779296875,340.8599853515625,340.69000244140625,340.69500732421875,49155
2026-07-29 12:16:00-04:00,340.69500732421875,340.8599853515625,340.67999267578125,340.8399963378906,55760
2026-07-29 12:17:00-04:00,340.8200988769531,341.1600036621094,340.80999755859375,341.0506896972656,81276
2026-07-29 12:18:00-04:00,341.07000732421875,341.1600036621094,340.94500732421875,341.06500244140625,62218
2026-07-29 12:19:00-04:00,341.05999755859375,341.1499938964844,341.00048828125,341.07000732421875,44486
2026-07-29 12:20:00-04:00,341.07000732421875,341.1499938964844,340.8699951171875,340.94000244140625,69783
2026-07-29 12:21:00-04:00,340.92999267578125,341.1000061035156,340.8399963378906,341.05999755859375,48386
2026-07-29 12:22:00-04:00,341.07000732421875,341.2200012207031,341.0299987792969,341.2099914550781,59791
2026-07-29 12:23:00-04:00,341.2099914550781,341.45001220703125,341.1600036621094,341.4200134277344,87512
2026-07-29 12:24:00-04:00,341.42999267578125,341.54998779296875,341.3800048828125,341.54998779296875,56708
2026-07-29 12:25:00-04:00,341.5350036621094,341.55999755859375,341.3999938964844,341.42999267578125,42754
2026-07-29 12:26:00-04:00,341.44000244140625,341.5199890136719,341.31500244140625,341.5150146484375,55190
2026-07-29 12:27:00-04:00,341.5150146484375,341.5150146484375,341.3500061035156,341.42498779296875,36991
2026-07-29 12:28:00-04:00,341.44000244140625,341.44000244140625,341.2099914550781,341.281005859375,44358
2026-07-29 12:29:00-04:00,341.29998779296875,341.44000244140625,341.2699890136719,341.2699890136719,36243
2026-07-29 12:30:00-04:00,341.25,341.4100036621094,341.20001220703125,341.2449951171875,45853
2026-07-29 12:31:00-04:00,341.2200012207031,341.2300109863281,341.010009765625,341.04998779296875,37080
2026-07-29 12:32:00-04:00,341.0799865722656,341.2250061035156,340.9700012207031,341.21038818359375,38298
2026-07-29 12:33:00-04:00,341.2300109863281,341.32000732421875,341.17999267578125,341.2701110839844,41145
2026-07-29 12:34:00-04:00,341.2850036621094,341.3399963378906,341.0400085449219,341.1099853515625,44506
2026-07-29 12:35:00-04:00,341.1099853515625,341.1400146484375,340.8900146484375,340.9100036621094,52568
2026-07-29 12:36:00-04:00,340.9200134277344,340.9700012207031,340.6099853515625,340.6675109863281,45821
2026-07-29 12:37:00-04:00,340.67999267578125,340.80999755859375,340.6300048828125,340.6300048828125,42747
2026-07-29 12:38:00-04:00,340.635009765625,340.6700134277344,340.4800109863281,340.5,42390
2026-07-29 12:39:00-04:00,340.5199890136719,340.67999267578125,340.510009765625,340.57000732421875,32616
2026-07-29 12:40:00-04:00,340.56500244140625,340.5950012207031,340.44000244140625,340.5,46063
2026-07-29 12:41:00-04:00,340.510009765625,340.5299987792969,340.19000244140625,340.260009765625,41641
2026-07-29 12:42:00-04:00,340.239990234375,340.2550048828125,340.04998779296875,340.1787109375,41535
2026-07-29 12:43:00-04:00,340.1499938964844,340.4200134277344,340.1499938964844,340.3299865722656,45485
2026-07-29 12:44:00-04:00,340.32501220703125,340.5899963378906,340.32501220703125,340.55999755859375,33905
2026-07-29 12:45:00-04:00,340.55999755859375,340.7699890136719,340.43499755859375,340.5,60336
2026-07-29 12:46:00-04:00,340.5,340.5299987792969,340.30059814453125,340.389892578125,29442
2026-07-29 12:47:00-04:00,340.3999938964844,340.55999755859375,340.3999938964844,340.5450134277344,33349
2026-07-29 12:48:00-04:00,340.5325012207031,340.67999267578125,340.5199890136719,340.57000732421875,32774
2026-07-29 12:49:00-04:00,340.57000732421875,340.8500061035156,340.5304870605469,340.8500061035156,48509
2026-07-29 12:50:00-04:00,340.82000732421875,340.95001220703125,340.79010009765625,340.8800048828125,46765
2026-07-29 12:51:00-04:00,340.8599853515625,340.9700012207031,340.75,340.8949890136719,26704
2026-07-29 12:52:00-04:00,340.8949890136719,340.9599914550781,340.81500244140625,340.9551086425781,43384
2026-07-29 12:53:00-04:00,340.9599914550781,341.1097106933594,340.8800964355469,340.9599914550781,48314
2026-07-29 12:54:00-04:00,340.92999267578125,341.0899963378906,340.8800964355469,341.0299987792969,35143
2026-07-29 12:55:00-04:00,341.0299987792969,341.0486145019531,340.8699951171875,340.94000244140625,30990
2026-07-29 12:56:00-04:00,340.94000244140625,341.04998779296875,340.8550109863281,341.0450134277344,42633
2026-07-29 12:57:00-04:00,341.0400085449219,341.0400085449219,340.82989501953125,340.8901062011719,36509
2026-07-29 12:58:00-04:00,340.8900146484375,341.0899963378906,340.81500244140625,341.07501220703125,27360
2026-07-29 12:59:00-04:00,341.05999755859375,341.30999755859375,341.05999755859375,341.30999755859375,61656
2026-07-29 13:00:00-04:00,341.32000732421875,341.44000244140625,341.1600036621094,341.17950439453125,53488
2026-07-29 13:01:00-04:00,341.1700134277344,341.32000732421875,341.1300048828125,341.2655944824219,35631
2026-07-29 13:02:00-04:00,341.260009765625,341.32501220703125,341.114990234375,341.32501220703125,21264
2026-07-29 13:03:00-04:00,341.32000732421875,341.5299987792969,341.32000732421875,341.510009765625,44035
2026-07-29 13:04:00-04:00,341.510009765625,342.0799865722656,341.510009765625,341.9649963378906,327522
2026-07-29 13:05:00-04:00,341.9599914550781,342.0799865722656,341.8949890136719,342.037109375,146309
2026-07-29 13:06:00-04:00,342.0799865722656,342.0799865722656,341.864990234375,341.8999938964844,41863
2026-07-29 13:07:00-04:00,341.90008544921875,341.9100036621094,341.7900085449219,341.8599853515625,34144
2026-07-29 13:08:00-04:00,341.8399963378906,341.8800048828125,341.7099914550781,341.80999755859375,40112
2026-07-29 13:09:00-04:00,341.80999755859375,341.839111328125,341.55999755859375,341.56988525390625,34941
2026-07-29 13:10:00-04:00,341.54998779296875,341.8900146484375,341.54998779296875,341.84869384765625,54416
2026-07-29 13:11:00-04:00,341.8500061035156,341.9399108886719,341.69000244140625,341.69000244140625,52265
2026-07-29 13:12:00-04:00,341.7349853515625,341.9299011230469,341.69000244140625,341.8949890136719,65162
2026-07-29 13:13:00-04:00,341.8949890136719,342.1600036621094,341.864990234375,342.1199951171875,55324
2026-07-29 13:14:00-04:00,342.1199951171875,342.32000732421875,342.07501220703125,342.32000732421875,102814
2026-07-29 13:15:00-04:00,342.32000732421875,342.3299865722656,342.1200866699219,342.239990234375,54093
2026-07-29 13:16:00-04:00,342.2300109863281,342.4750061035156,342.2203063964844,342.4599914550781,63861
2026-07-29 13:17:00-04:00,342.44000244140625,342.659912109375,342.42999267578125,342.6099853515625,70895
2026-07-29 13:18:00-04:00,342.60009765625,342.79998779296875,342.5799865722656,342.7250061035156,102322
2026-07-29 13:19:00-04:00,342.7300109863281,342.8900146484375,342.7049865722656,342.864990234375,92007
2026-07-29 13:20:00-04:00,342.8800048828125,343.1600036621094,342.801513671875,343.1199951171875,199220
2026-07-29 13:21:00-04:00,343.1199951171875,343.44000244140625,343.10009765625,343.42999267578125,164030
2026-07-29 13:22:00-04:00,343.4200134277344,343.44891357421875,343.0920104980469,343.1050109863281,170338
2026-07-29 13:23:00-04:00,343.1050109863281,343.2099914550781,342.8800048828125,342.9674987792969,128200
2026-07-29 13:24:00-04:00,342.9599914550781,343.04998779296875,342.8399963378906,342.92999267578125,70723
2026-07-29 13:25:00-04:00,342.9700012207031,343.0,342.75,342.9700012207031,78864
2026-07-29 13:26:00-04:00,342.965087890625,342.9800109863281,342.7200012207031,342.8599853515625,79114
2026-07-29 13:27:00-04:00,342.864990234375,342.9200134277344,342.75,342.9049987792969,61991
2026-07-29 13:28:00-04:00,342.8999938964844,343.1199951171875,342.8949890136719,343.0050048828125,68938
2026-07-29 13:29:00-04:00,342.989990234375,343.05999755859375,342.69000244140625,342.7200012207031,63940
2026-07-29 13:30:00-04:00,342.69500732421875,342.7200012207031,342.3999938964844,342.4049987792969,61278
2026-07-29 13:31:00-04:00,342.4049987792969,342.6300048828125,342.3500061035156,342.6099853515625,49706
2026-07-29 13:32:00-04:00,342.5899963378906,342.7250061035156,342.4949951171875,342.6050109863281,61694
2026-07-29 13:33:00-04:00,342.6000061035156,342.6700134277344,342.3800048828125,342.510009765625,57453
2026-07-29 13:34:00-04:00,342.5249938964844,342.64801025390625,342.45001220703125,342.4750061035156,30933
2026-07-29 13:35:00-04:00,342.5,342.7799072265625,342.4750061035156,342.7200927734375,61379
2026-07-29 13:36:00-04:00,342.7200012207031,342.94000244140625,342.70001220703125,342.82501220703125,50692
2026-07-29 13:37:00-04:00,342.82501220703125,343.1700134277344,342.82000732421875,342.9049987792969,102383
2026-07-29 13:38:00-04:00,342.9049987792969,343.0799865722656,342.8399963378906,343.0400085449219,53709
2026-07-29 13:39:00-04:00,343.0299987792969,343.05999755859375,342.9700012207031,343.0010986328125,42578
2026-07-29 13:40:00-04:00,343.0101013183594,343.20001220703125,342.9700012207031,343.1700134277344,85750
2026-07-29 13:41:00-04:00,343.1700134277344,343.29998779296875,343.1579895019531,343.2200012207031,67968
2026-07-29 13:42:00-04:00,343.239990234375,343.3900146484375,343.16119384765625,343.30499267578125,62932
2026-07-29 13:43:00-04:00,343.33990478515625,343.3900146484375,343.1400146484375,343.30999755859375,109716
2026-07-29 13:44:00-04:00,343.30999755859375,343.3399963378906,343.010009765625,343.04840087890625,65836
2026-07-29 13:45:00-04:00,343.06500244140625,343.1400146484375,343.0350036621094,343.0799865722656,50428
2026-07-29 13:46:00-04:00,343.0954895019531,343.1600036621094,343.0,343.1000061035156,110830
2026-07-29 13:47:00-04:00,343.1000061035156,343.1199951171875,342.9200134277344,343.0299987792969,62279
2026-07-29 13:48:00-04:00,343.0400085449219,343.1199951171875,342.9200134277344,343.060791015625,48192
2026-07-29 13:49:00-04:00,343.0751037597656,343.1199951171875,342.92999267578125,342.9949951171875,79434
2026-07-29 13:50:00-04:00,343.0,343.17999267578125,343.0,343.125,71358
2026-07-29 13:51:00-04:00,343.1400146484375,343.1700134277344,343.0049133300781,343.0199890136719,59122
2026-07-29 13:52:00-04:00,343.0150146484375,343.1050109863281,342.9419860839844,342.9700927734375,30528
2026-07-29 13:53:00-04:00,342.9700012207031,342.9700012207031,342.8500061035156,342.94000244140625,52331
2026-07-29 13:54:00-04:00,342.9599914550781,342.9800109863281,342.7101135253906,342.9800109863281,59463
2026-07-29 13:55:00-04:00,342.9649963378906,343.01251220703125,342.8194885253906,342.9549865722656,52825
2026-07-29 13:56:00-04:00,342.9700012207031,342.9700012207031,342.75,342.7850036621094,58500
2026-07-29 13:57:00-04:00,342.7900085449219,342.8299865722656,342.6600036621094,342.7799987792969,33932
2026-07-29 13:58:00-04:00,342.7699890136719,342.92999267578125,342.6700134277344,342.8900146484375,51468
2026-07-29 13:59:00-04:00,342.8699951171875,343.3399963378906,342.8699951171875,343.2099914550781,64561
2026-07-29 14:00:00-04:00,343.25,343.809814453125,343.04010009765625,343.7900085449219,255560
2026-07-29 14:01:00-04:00,343.7499084472656,344.1000061035156,343.6199951171875,344.0199890136719,304445
2026-07-29 14:02:00-04:00,344.0199890136719,344.19000244140625,343.8800048828125,344.04998779296875,208784
2026-07-29 14:03:00-04:00,344.04998779296875,344.1499938964844,343.80999755859375,343.875,124454
2026-07-29 14:04:00-04:00,343.8800048828125,344.19000244140625,343.82000732421875,344.17498779296875,140696
2026-07-29 14:05:00-04:00,344.1499938964844,344.54998779296875,344.1416931152344,344.5199890136719,272059
2026-07-29 14:06:00-04:00,344.489990234375,344.56988525390625,344.1400146484375,344.2200012207031,160590
2026-07-29 14:07:00-04:00,344.2099914550781,344.25,343.8599853515625,343.8949890136719,114810
2026-07-29 14:08:00-04:00,343.9100036621094,343.92999267578125,343.61041259765625,343.8500061035156,106922
2026-07-29 14:09:00-04:00,343.8599853515625,343.8900146484375,343.6099853515625,343.75,90455
2026-07-29 14:10:00-04:00,343.7300109863281,343.9100036621094,343.5400085449219,343.5400085449219,108547
2026-07-29 14:11:00-04:00,343.55999755859375,343.92999267578125,343.5400085449219,343.8699951171875,58813
2026-07-29 14:12:00-04:00,343.8900146484375,343.9700012207031,343.69000244140625,343.7294921875,65464
2026-07-29 14:13:00-04:00,343.7099914550781,343.79998779296875,343.5899963378906,343.760009765625,75960
2026-07-29 14:14:00-04:00,343.75,343.7898864746094,343.4601135253906,343.70001220703125,125774
2026-07-29 14:15:00-04:00,343.69000244140625,343.79998779296875,343.5899963378906,343.7699890136719,59650
2026-07-29 14:16:00-04:00,343.7950134277344,343.9413146972656,343.7799987792969,343.8876953125,52315
2026-07-29 14:17:00-04:00,343.8900146484375,343.9200134277344,343.75,343.9100036621094,52723
2026-07-29 14:18:00-04:00,343.9200134277344,344.0198974609375,343.7550048828125,343.95001220703125,70206
2026-07-29 14:19:00-04:00,343.9599914550781,344.0332946777344,343.8299865722656,343.8800048828125,63561
2026-07-29 14:20:00-04:00,343.8800048828125,343.8800048828125,343.739990234375,343.8399963378906,56312
2026-07-29 14:21:00-04:00,343.8200988769531,343.8900146484375,343.4800109863281,343.5299987792969,125013
2026-07-29 14:22:00-04:00,343.510009765625,343.58599853515625,343.2699890136719,343.40008544921875,111179
2026-07-29 14:23:00-04:00,343.42999267578125,343.5799865722656,343.260009765625,343.29998779296875,47200
2026-07-29 14:24:00-04:00,343.2944030761719,343.48431396484375,343.2900085449219,343.3500061035156,71924
2026-07-29 14:25:00-04:00,343.3399963378906,343.54998779296875,343.3399963378906,343.4551086425781,60472
2026-07-29 14:26:00-04:00,343.489990234375,343.5299987792969,343.3399963378906,343.45001220703125,51336
2026-07-29 14:27:00-04:00,343.4599914550781,343.4800109863281,343.1700134277344,343.260009765625,78924
2026-07-29 14:28:00-04:00,343.2799987792969,343.42999267578125,343.18499755859375,343.31500244140625,84472
2026-07-29 14:29:00-04:00,343.3299865722656,343.6400146484375,343.31170654296875,343.58770751953125,76627
2026-07-29 14:30:00-04:00,343.5899963378906,343.8399963378906,343.5400085449219,343.7799987792969,94939
2026-07-29 14:31:00-04:00,343.7900085449219,343.81988525390625,343.3299865722656,343.3299865722656,85182
2026-07-29 14:32:00-04:00,343.364990234375,343.3900146484375,343.05499267578125,343.2099914550781,90085
2026-07-29 14:33:00-04:00,343.25,343.3999938964844,342.9700012207031,343.3900146484375,99530
2026-07-29 14:34:00-04:00,343.4049987792969,343.5299987792969,343.2099914550781,343.2900085449219,48064
2026-07-29 14:35:00-04:00,343.29998779296875,343.42498779296875,343.1400146484375,343.3299865722656,92621
2026-07-29 14:36:00-04:00,343.30499267578125,343.4800109863281,343.1300048828125,343.4700012207031,59914
2026-07-29 14:37:00-04:00,343.4700012207031,343.5299987792969,343.30999755859375,343.52789306640625,73940
2026-07-29 14:38:00-04:00,343.5050048828125,343.9100036621094,343.4901123046875,343.7149963378906,118921
2026-07-29 14:39:00-04:00,343.70001220703125,343.94000244140625,343.6200866699219,343.815185546875,61404
2026-07-29 14:40:00-04:00,343.81500244140625,343.9200134277344,343.52020263671875,343.67498779296875,95794
2026-07-29 14:41:00-04:00,343.67999267578125,343.7349853515625,343.3949890136719,343.4599914550781,83910
2026-07-29 14:42:00-04:00,343.4800109863281,343.5712890625,343.3299865722656,343.5199890136719,77269
2026-07-29 14:43:00-04:00,343.5,343.6099853515625,343.3599853515625,343.57501220703125,79880
2026-07-29 14:44:00-04:00,343.54998779296875,343.7699890136719,343.489990234375,343.70001220703125,75755
2026-07-29 14:45:00-04:00,343.69500732421875,343.8450012207031,343.58099365234375,343.5899963378906,79861
2026-07-29 14:46:00-04:00,343.6199951171875,343.7200012207031,343.55999755859375,343.7027893066406,55374
2026-07-29 14:47:00-04:00,343.7349853515625,343.79998779296875,343.510009765625,343.67999267578125,64489
2026-07-29 14:48:00-04:00,343.70001220703125,343.739990234375,343.3999938964844,343.510009765625,61127
2026-07-29 14:49:00-04:00,343.5101013183594,343.8599853515625,343.4800109863281,343.79998779296875,71497
2026-07-29 14:50:00-04:00,343.7950134277344,343.8569030761719,343.635009765625,343.7200012207031,68857
2026-07-29 14:51:00-04:00,343.7300109863281,343.7900085449219,343.5636901855469,343.7900085449219,48198
2026-07-29 14:52:00-04:00,343.7799987792969,343.8900146484375,343.6099853515625,343.69000244140625,54780
2026-07-29 14:53:00-04:00,343.67999267578125,343.70928955078125,343.5101013183594,343.6000061035156,56099
2026-07-29 14:54:00-04:00,343.6050109863281,343.7099914550781,343.4700012207031,343.6300964355469,63117
2026-07-29 14:55:00-04:00,343.6600036621094,343.8399963378906,343.5899963378906,343.7149963378906,74034
2026-07-29 14:56:00-04:00,343.7149963378906,343.75,343.4501037597656,343.5150146484375,59479
2026-07-29 14:57:00-04:00,343.5,343.510009765625,343.1700134277344,343.2250061035156,75965
2026-07-29 14:58:00-04:00,343.2381896972656,343.25,343.0,343.0799865722656,63306
2026-07-29 14:59:00-04:00,343.1000061035156,343.1000061035156,342.7449951171875,342.8999938964844,155729
2026-07-29 15:00:00-04:00,342.8999938964844,342.989990234375,342.68499755859375,342.68499755859375,85309
2026-07-29 15:01:00-04:00,342.69000244140625,342.8999938964844,342.6199951171875,342.8599853515625,113454
2026-07-29 15:02:00-04:00,342.8699951171875,342.9200134277344,342.6099853515625,342.6549987792969,82322
2026-07-29 15:03:00-04:00,342.6549987792969,342.7950134277344,342.489990234375,342.5151062011719,79343
2026-07-29 15:04:00-04:00,342.5050048828125,342.5177001953125,341.989990234375,342.31500244140625,154536
2026-07-29 15:05:00-04:00,342.31500244140625,342.3699951171875,342.1700134277344,342.30999755859375,89334
2026-07-29 15:06:00-04:00,342.32501220703125,342.32501220703125,342.07000732421875,342.20001220703125,91438
2026-07-29 15:07:00-04:00,342.19000244140625,342.239990234375,342.0400085449219,342.18499755859375,66929
2026-07-29 15:08:00-04:00,342.18499755859375,342.29998779296875,341.95001220703125,342.05499267578125,86024
2026-07-29 15:09:00-04:00,342.04998779296875,342.17999267578125,341.9100036621094,341.9549865722656,79214
2026-07-29 15:10:00-04:00,341.9549865722656,342.20001220703125,341.92999267578125,342.125,84133
2026-07-29 15:11:00-04:00,342.125,342.5199890136719,342.125,342.4949951171875,93162
2026-07-29 15:12:00-04:00,342.4800109863281,342.6400146484375,342.2099914550781,342.2699890136719,100910
2026-07-29 15:13:00-04:00,342.2699890136719,342.4100036621094,342.19000244140625,342.3699951171875,75331
2026-07-29 15:14:00-04:00,342.3900146484375,342.489990234375,342.29998779296875,342.4200134277344,63192
2026-07-29 15:15:00-04:00,342.3900146484375,342.8699951171875,342.3800048828125,342.7749938964844,74779
2026-07-29 15:16:00-04:00,342.77508544921875,342.8399963378906,342.6300048828125,342.739990234375,73841
2026-07-29 15:17:00-04:00,342.7550048828125,342.79998779296875,342.3504943847656,342.5199890136719,65830
2026-07-29 15:18:00-04:00,342.5,342.5150146484375,342.18389892578125,342.2698974609375,83880
2026-07-29 15:19:00-04:00,342.2449951171875,342.32000732421875,342.1400146484375,342.2950134277344,41189
2026-07-29 15:20:00-04:00,342.30499267578125,342.3900146484375,342.0199890136719,342.0450134277344,64593
2026-07-29 15:21:00-04:00,342.05999755859375,342.20001220703125,341.7799987792969,342.0470886230469,110492
2026-07-29 15:22:00-04:00,342.0400085449219,342.1000061035156,341.7699890136719,341.7900085449219,75779
2026-07-29 15:23:00-04:00,341.7720031738281,341.82000732421875,341.6000061035156,341.6600036621094,76795
2026-07-29 15:24:00-04:00,341.67999267578125,341.7757873535156,341.5450134277344,341.54998779296875,69078
2026-07-29 15:25:00-04:00,341.5299987792969,341.739990234375,341.44000244140625,341.489990234375,73485
2026-07-29 15:26:00-04:00,341.489990234375,341.6199035644531,341.3299865722656,341.6000061035156,147134
2026-07-29 15:27:00-04:00,341.5899963378906,342.0,341.42498779296875,341.489990234375,86327
2026-07-29 15:28:00-04:00,341.4601135253906,341.57501220703125,341.3699951171875,341.4800109863281,57613
2026-07-29 15:29:00-04:00,341.5,341.57000732421875,341.3800048828125,341.5299987792969,78110
2026-07-29 15:30:00-04:00,341.55999755859375,341.55999755859375,341.1449890136719,341.29998779296875,118274
2026-07-29 15:31:00-04:00,341.3550109863281,341.45001220703125,341.17999267578125,341.3349914550781,105578
2026-07-29 15:32:00-04:00,341.3299865722656,341.45001220703125,341.17498779296875,341.2650146484375,63746
2026-07-29 15:33:00-04:00,341.2900085449219,341.4100036621094,340.7699890136719,340.7699890136719,110795
2026-07-29 15:34:00-04:00,340.7799987792969,340.8299865722656,340.5199890136719,340.80499267578125,101182
2026-07-29 15:35:00-04:00,340.8299865722656,340.875,340.54998779296875,340.56500244140625,83431
2026-07-29 15:36:00-04:00,340.5799865722656,340.875,340.3699951171875,340.82000732421875,89605
2026-07-29 15:37:00-04:00,340.8294982910156,340.92999267578125,340.4599914550781,340.489990234375,85000
2026-07-29 15:38:00-04:00,340.5199890136719,340.5299987792969,340.0299987792969,340.05499267578125,107298
2026-07-29 15:39:00-04:00,340.05859375,340.05999755859375,339.57000732421875,339.6400146484375,214293
2026-07-29 15:40:00-04:00,339.6400146484375,339.79998779296875,339.32000732421875,339.75,162307
2026-07-29 15:41:00-04:00,339.7699890136719,339.9100036621094,339.4700927734375,339.7300109863281,107195
2026-07-29 15:42:00-04:00,339.7250061035156,339.9049987792969,339.6600036621094,339.75,119878
2026-07-29 15:43:00-04:00,339.7300109863281,339.9700012207031,339.510009765625,339.95001220703125,87583
2026-07-29 15:44:00-04:00,339.95001220703125,339.9800109863281,339.5,339.5799865722656,148939
2026-07-29 15:45:00-04:00,339.5849914550781,339.9200134277344,339.5400085449219,339.5450134277344,97350
2026-07-29 15:46:00-04:00,339.55999755859375,339.989990234375,339.5199890136719,339.6969909667969,119079
2026-07-29 15:47:00-04:00,339.67999267578125,339.94000244140625,339.6400146484375,339.92498779296875,99219
2026-07-29 15:48:00-04:00,339.93499755859375,340.32989501953125,339.8399963378906,340.19000244140625,112717
2026-07-29 15:49:00-04:00,340.17999267578125,340.2799987792969,339.9100036621094,340.07000732421875,161716
2026-07-29 15:50:00-04:00,340.0,340.04998779296875,339.3349914550781,339.6050109863281,187863
2026-07-29 15:51:00-04:00,339.6050109863281,339.70001220703125,339.3399963378906,339.4700012207031,167653
2026-07-29 15:52:00-04:00,339.44000244140625,339.5,339.0577087402344,339.3699951171875,191617
2026-07-29 15:53:00-04:00,339.3699951171875,339.4100036621094,338.8900146484375,338.8900146484375,271413
2026-07-29 15:54:00-04:00,338.8949890136719,339.3399963378906,338.8301086425781,339.3299865722656,251456
2026-07-29 15:55:00-04:00,339.32000732421875,339.3399963378906,338.17999267578125,338.30999755859375,681468
2026-07-29 15:56:00-04:00,338.3299865722656,338.5199890136719,337.8999938964844,338.1099853515625,455966
2026-07-29 15:57:00-04:00,338.1199951171875,338.3500061035156,337.8299865722656,338.0150146484375,737155
2026-07-29 15:58:00-04:00,338.0199890136719,338.0799865722656,337.5,337.57000732421875,1116215
2026-07-29 15:59:00-04:00,337.55999755859375,338.4599914550781,337.35009765625,338.07000732421875,2284490
2026-07-30 09:30:00-04:00,334.1099853515625,334.1199951171875,333.5799865722656,333.7300109863281,2574098
2026-07-30 09:31:00-04:00,333.6700134277344,334.3800048828125,332.8699951171875,334.20001220703125,378510
2026-07-30 09:32:00-04:00,334.1700134277344,334.4800109863281,333.3599853515625,333.9549865722656,344835
2026-07-30 09:33:00-04:00,333.9599914550781,334.30999755859375,332.82501220703125,333.0400085449219,309612
2026-07-30 09:34:00-04:00,333.0299987792969,333.5400085449219,332.3999938964844,332.739990234375,225362
2026-07-30 09:35:00-04:00,332.69000244140625,332.9100036621094,332.010009765625,332.4700012207031,266524
2026-07-30 09:36:00-04:00,332.5199890136719,332.9700012207031,332.05499267578125,332.4700012207031,314134
2026-07-30 09:37:00-04:00,332.44000244140625,332.8599853515625,332.2300109863281,332.6650085449219,199841
2026-07-30 09:38:00-04:00,332.70001220703125,332.77459716796875,331.760009765625,331.82000732421875,288977
2026-07-30 09:39:00-04:00,331.80999755859375,331.8900146484375,331.2099914550781,331.2950134277344,240614
2026-07-30 09:40:00-04:00,331.30999755859375,331.7300109863281,330.710205078125,331.66680908203125,223877
2026-07-30 09:41:00-04:00,331.69000244140625,331.8800048828125,331.29998779296875,331.7200012207031,201772
2026-07-30 09:42:00-04:00,331.739990234375,332.6199951171875,331.4849853515625,332.5400085449219,273460
2026-07-30 09:43:00-04:00,332.5199890136719,332.739990234375,331.95001220703125,332.0950012207031,278172
2026-07-30 09:44:00-04:00,332.0799865722656,332.3500061035156,332.05999755859375,332.19000244140625,150303
2026-07-30 09:45:00-04:00,332.17498779296875,332.4800109863281,331.8399963378906,331.8999938964844,238537
2026-07-30 09:46:00-04:00,331.9200134277344,331.9624938964844,331.5299987792969,331.5400085449219,309501
2026-07-30 09:47:00-04:00,331.5400085449219,331.8999938964844,331.4100036621094,331.42999267578125,237264
2026-07-30 09:48:00-04:00,331.42999267578125,331.7900085449219,331.25,331.6700134277344,211238
2026-07-30 09:49:00-04:00,331.69500732421875,331.8699951171875,331.510009765625,331.55499267578125,170667
2026-07-30 09:50:00-04:00,331.54998779296875,332.42999267578125,331.3399963378906,332.3100891113281,276699
2026-07-30 09:51:00-04:00,332.375,332.8500061035156,332.2300109863281,332.5400085449219,219652
2026-07-30 09:52:00-04:00,332.55999755859375,333.1600036621094,332.489990234375,333.07000732421875,191400
2026-07-30 09:53:00-04:00,333.0799865722656,333.17999267578125,332.239990234375,332.25,172127
2026-07-30 09:54:00-04:00,332.2699890136719,332.6050109863281,332.05999755859375,332.3106994628906,127525
2026-07-30 09:55:00-04:00,332.2699890136719,332.3500061035156,331.94000244140625,332.00048828125,141903
2026-07-30 09:56:00-04:00,332.0249938964844,332.1499938964844,331.6300048828125,332.010009765625,165164
2026-07-30 09:57:00-04:00,331.95001220703125,332.0,331.43499755859375,331.7699890136719,174237
2026-07-30 09:58:00-04:00,331.7699890136719,332.1000061035156,331.7004089355469,332.05999755859375,138534
2026-07-30 09:59:00-04:00,332.05999755859375,332.239990234375,331.9599914550781,332.1499938964844,156825
2026-07-30 10:00:00-04:00,332.0799865722656,332.1239929199219,331.4200134277344,331.6300048828125,200839
2026-07-30 10:01:00-04:00,331.6700134277344,331.92999267578125,331.44000244140625,331.4599914550781,149345
2026-07-30 10:02:00-04:00,331.4419860839844,331.489990234375,331.010009765625,331.20001220703125,207461
2026-07-30 10:03:00-04:00,331.239990234375,331.2650146484375,330.57000732421875,330.82000732421875,233582
2026-07-30 10:04:00-04:00,330.80499267578125,331.0799865722656,330.67010498046875,330.75,158445
2026-07-30 10:05:00-04:00,330.7300109863281,331.0299987792969,330.3500061035156,330.94000244140625,202588
2026-07-30 10:06:00-04:00,330.94000244140625,331.75,330.94000244140625,331.43499755859375,165641
2026-07-30 10:07:00-04:00,331.43499755859375,331.75,331.40008544921875,331.57000732421875,133770
2026-07-30 10:08:00-04:00,331.6000061035156,332.260009765625,331.54998779296875,332.18011474609375,168005
2026-07-30 10:09:00-04:00,332.2099914550781,332.8699951171875,332.19000244140625,332.79998779296875,317184
2026-07-30 10:10:00-04:00,332.80499267578125,332.82000732421875,332.2300109863281,332.45001220703125,206067
2026-07-30 10:11:00-04:00,332.44000244140625,332.54998779296875,331.9200134277344,332.25,182741
2026-07-30 10:12:00-04:00,332.2200012207031,332.3299865722656,331.7300109863281,331.7349853515625,98374
2026-07-30 10:13:00-04:00,331.7300109863281,331.79998779296875,331.42999267578125,331.67999267578125,107313
2026-07-30 10:14:00-04:00,331.67999267578125,331.8399963378906,331.1600036621094,331.3999938964844,125567
2026-07-30 10:15:00-04:00,331.4049987792969,331.7200012207031,331.4049987792969,331.7200012207031,112063
2026-07-30 10:16:00-04:00,331.7200012207031,331.9800109863281,331.6400146484375,331.7850036621094,159666
2026-07-30 10:17:00-04:00,331.7799987792969,331.95989990234375,331.32000732421875,331.3599853515625,88977
2026-07-30 10:18:00-04:00,331.3599853515625,331.5400085449219,331.1099853515625,331.4750061035156,119605
2026-07-30 10:19:00-04:00,331.5,331.6000061035156,331.3599853515625,331.44000244140625,96611
2026-07-30 10:20:00-04:00,331.4599914550781,332.1700134277344,331.3299865722656,331.9849853515625,225473
2026-07-30 10:21:00-04:00,331.9599914550781,332.0895080566406,331.69500732421875,331.7200012207031,114236
2026-07-30 10:22:00-04:00,331.7799987792969,332.0799865722656,331.75,331.95001220703125,89898
2026-07-30 10:23:00-04:00,331.92999267578125,332.010009765625,331.6050109863281,331.6600036621094,88196
2026-07-30 10:24:00-04:00,331.6700134277344,331.8299865722656,331.44000244140625,331.5899963378906,106263
2026-07-30 10:25:00-04:00,331.6000061035156,331.7049865722656,331.3299865722656,331.6099853515625,116871
2026-07-30 10:26:00-04:00,331.6300048828125,331.7598876953125,331.4100036621094,331.67010498046875,91071
2026-07-30 10:27:00-04:00,331.6600036621094,332.2900085449219,331.6400146484375,332.0899963378906,110095
2026-07-30 10:28:00-04:00,332.0899963378906,332.14990234375,331.7200012207031,331.739990234375,102819
2026-07-30 10:29:00-04:00,331.7699890136719,331.9100036621094,331.25,331.30999755859375,98864
2026-07-30 10:30:00-04:00,331.29998779296875,331.29998779296875,330.7900085449219,330.79998779296875,166175
2026-07-30 10:31:00-04:00,330.78240966796875,331.0000915527344,330.70001220703125,330.7460021972656,116298
2026-07-30 10:32:00-04:00,330.7799987792969,330.8599853515625,330.5799865722656,330.7099914550781,128119
2026-07-30 10:33:00-04:00,330.7099914550781,330.7300109863281,330.239990234375,330.3500061035156,147059
2026-07-30 10:34:00-04:00,330.3399963378906,330.4200134277344,329.760009765625,329.8599853515625,245634
2026-07-30 10:35:00-04:00,329.8550109863281,330.2799987792969,329.5899963378906,330.0299987792969,243107
2026-07-30 10:36:00-04:00,330.0350036621094,330.5799865722656,329.9949951171875,330.2900085449219,151494
2026-07-30 10:37:00-04:00,330.30499267578125,330.75,330.2699890136719,330.6400146484375,105840
2026-07-30 10:38:00-04:00,330.6499938964844,331.18341064453125,330.6099853515625,331.0799865722656,189933
2026-07-30 10:39:00-04:00,331.0799865722656,331.5,330.9049987792969,331.1400146484375,189875
2026-07-30 10:40:00-04:00,331.1400146484375,331.92999267578125,331.1199951171875,331.8399963378906,209292
2026-07-30 10:41:00-04:00,331.8800048828125,332.1162109375,331.5299987792969,331.8949890136719,126699
2026-07-30 10:42:00-04:00,331.8900146484375,331.95269775390625,331.69000244140625,331.79998779296875,128929
2026-07-30 10:43:00-04:00,331.7799987792969,331.8800048828125,331.6600036621094,331.7900085449219,130961
2026-07-30 10:44:00-04:00,331.760009765625,332.239990234375,331.68499755859375,332.0799865722656,172560
2026-07-30 10:45:00-04:00,332.07000732421875,332.3489990234375,331.8205871582031,332.29010009765625,106006
2026-07-30 10:46:00-04:00,332.2900085449219,332.2900085449219,331.8999938964844,332.0899963378906,106270
2026-07-30 10:47:00-04:00,332.0899963378906,332.3399963378906,332.0050048828125,332.1300048828125,94592
2026-07-30 10:48:00-04:00,332.0950012207031,332.1097106933594,331.739990234375,331.9800109863281,117643
2026-07-30 10:49:00-04:00,332.0,332.3999938964844,331.9599914550781,332.2300109863281,104279
2026-07-30 10:50:00-04:00,332.2438049316406,332.25,331.7699890136719,331.9849853515625,105989
2026-07-30 10:51:00-04:00,332.0199890136719,332.45001220703125,331.8999938964844,332.42498779296875,105504
2026-07-30 10:52:00-04:00,332.4154968261719,332.6400146484375,332.0474853515625,332.20001220703125,182485
2026-07-30 10:53:00-04:00,332.19989013671875,332.2900085449219,331.7799987792969,331.9100036621094,116401
2026-07-30 10:54:00-04:00,331.8299865722656,332.0723876953125,331.82000732421875,331.9700012207031,63509
2026-07-30 10:55:00-04:00,331.989990234375,332.0299987792969,331.70001220703125,331.79998779296875,62038
2026-07-30 10:56:00-04:00,331.80999755859375,331.94989013671875,331.6499938964844,331.7799987792969,55109
2026-07-30 10:57:00-04:00,331.79998779296875,332.05999755859375,331.6499938964844,331.6600036621094,77661
2026-07-30 10:58:00-04:00,331.67999267578125,331.739990234375,331.4949951171875,331.5950012207031,83962
2026-07-30 10:59:00-04:00,331.6300048828125,332.3299865722656,331.6000061035156,332.3299865722656,94289
2026-07-30 11:00:00-04:00,332.3399963378906,332.3399963378906,332.0,332.1600036621094,102714
2026-07-30 11:01:00-04:00,332.1400146484375,332.1600036621094,331.68499755859375,331.8349914550781,90503
2026-07-30 11:02:00-04:00,331.80999755859375,331.80999755859375,331.3500061035156,331.67999267578125,157038
2026-07-30 11:03:00-04:00,331.70001220703125,331.9700012207031,331.41448974609375,331.79998779296875,105993
2026-07-30 11:04:00-04:00,331.7699890136719,332.05499267578125,331.6300048828125,331.8399963378906,141038
2026-07-30 11:05:00-04:00,331.864990234375,331.94000244140625,331.66009521484375,331.7401123046875,82082
2026-07-30 11:06:00-04:00,331.760009765625,331.9599914550781,331.57501220703125,331.75,139979
2026-07-30 11:07:00-04:00,331.7349853515625,332.2799987792969,331.67999267578125,332.19500732421875,148916
2026-07-30 11:08:00-04:00,332.17999267578125,332.3598937988281,332.0199890136719,332.32000732421875,135242
2026-07-30 11:09:00-04:00,332.32049560546875,333.0,332.2799987792969,332.7799987792969,141395
2026-07-30 11:10:00-04:00,332.79998779296875,333.03228759765625,332.54998779296875,332.54998779296875,88078
2026-07-30 11:11:00-04:00,332.5299987792969,332.6897888183594,332.3349914550781,332.385009765625,78599
2026-07-30 11:12:00-04:00,332.4198913574219,332.4198913574219,331.8599853515625,332.0,88792
2026-07-30 11:13:00-04:00,331.989990234375,331.989990234375,331.7099914550781,331.7900085449219,60428
2026-07-30 11:14:00-04:00,331.7799987792969,331.7850036621094,331.45001220703125,331.4700012207031,85132
2026-07-30 11:15:00-04:00,331.489990234375,331.94000244140625,331.29998779296875,331.9200134277344,74324
2026-07-30 11:16:00-04:00,331.8900146484375,331.93438720703125,331.6499938964844,331.7650146484375,69947
2026-07-30 11:17:00-04:00,331.7699890136719,332.07000732421875,331.5400085449219,331.7099914550781,79855
2026-07-30 11:18:00-04:00,331.67999267578125,331.8699951171875,331.6600036621094,331.7900085449219,53355
2026-07-30 11:19:00-04:00,331.7799987792969,331.9549865722656,331.5199890136719,331.635009765625,86337
2026-07-30 11:20:00-04:00,331.6300048828125,331.6499938964844,331.1400146484375,331.4200134277344,109726
2026-07-30 11:21:00-04:00,331.4150085449219,331.739990234375,331.2250061035156,331.489990234375,104177
2026-07-30 11:22:00-04:00,331.489990234375,331.5400085449219,331.1499938964844,331.2699890136719,100307
2026-07-30 11:23:00-04:00,331.2799987792969,331.4200134277344,331.10009765625,331.3399963378906,74199
2026-07-30 11:24:00-04:00,331.29998779296875,331.3999938964844,331.1650085449219,331.20001220703125,78299
2026-07-30 11:25:00-04:00,331.20001220703125,331.6000061035156,331.1400146484375,331.3999938964844,70447
2026-07-30 11:26:00-04:00,331.4100036621094,331.4800109863281,331.1571044921875,331.2018127441406,69967
2026-07-30 11:27:00-04:00,331.1600036621094,331.4200134277344,331.1099853515625,331.1499938964844,57867
2026-07-30 11:28:00-04:00,331.1549987792969,331.29998779296875,331.0199890136719,331.25,57329
2026-07-30 11:29:00-04:00,331.25,331.489990234375,331.1700134277344,331.2200012207031,108480
2026-07-30 11:30:00-04:00,331.2349853515625,331.3299865722656,331.1499938964844,331.30999755859375,58343
2026-07-30 11:31:00-04:00,331.32000732421875,331.6400146484375,331.32000732421875,331.5799865722656,66808
2026-07-30 11:32:00-04:00,331.56048583984375,331.864990234375,331.5400085449219,331.7799987792969,53047
2026-07-30 11:33:00-04:00,331.7699890136719,331.7850036621094,331.4700012207031,331.6000061035156,61058
2026-07-30 11:34:00-04:00,331.6099853515625,332.07000732421875,331.6000061035156,332.0299987792969,79843
2026-07-30 11:35:00-04:00,332.04998779296875,332.1094055175781,331.8399963378906,331.9599914550781,72720
2026-07-30 11:36:00-04:00,331.9649963378906,332.0050048828125,331.7720031738281,331.92999267578125,1360554
2026-07-30 11:37:00-04:00,331.9200134277344,331.92999267578125,331.6105041503906,331.6499938964844,76054
2026-07-30 11:38:00-04:00,331.6700134277344,331.75,331.57000732421875,331.7099914550781,51591
2026-07-30 11:39:00-04:00,331.70001220703125,331.8299865722656,331.6499938964844,331.7200012207031,69819
2026-07-30 11:40:00-04:00,331.7200012207031,331.79998779296875,331.6000061035156,331.7799987792969,48204
2026-07-30 11:41:00-04:00,331.7850036621094,331.989990234375,331.7300109863281,331.864990234375,50577
2026-07-30 11:42:00-04:00,331.8599853515625,331.989990234375,331.79998779296875,331.9400939941406,62370
2026-07-30 11:43:00-04:00,331.9599914550781,332.239990234375,331.9100036621094,332.1000061035156,108017
2026-07-30 11:44:00-04:00,332.1099853515625,332.3399963378906,332.0205993652344,332.1400146484375,99418
2026-07-30 11:45:00-04:00,332.1499938964844,332.30999755859375,332.05999755859375,332.20001220703125,91977
2026-07-30 11:46:00-04:00,332.17999267578125,332.2900085449219,332.04998779296875,332.2601013183594,53765
2026-07-30 11:47:00-04:00,332.2650146484375,332.2749938964844,332.1300048828125,332.18499755859375,58362
2026-07-30 11:48:00-04:00,332.18499755859375,332.4200134277344,332.04998779296875,332.04998779296875,69160
2026-07-30 11:49:00-04:00,332.04998779296875,332.1099853515625,331.7898864746094,331.8349914550781,61032
2026-07-30 11:50:00-04:00,331.8500061035156,332.0400085449219,331.739990234375,331.82501220703125,71427
2026-07-30 11:51:00-04:00,331.82000732421875,331.82000732421875,331.510009765625,331.57000732421875,97705
2026-07-30 11:52:00-04:00,331.56500244140625,331.6449890136719,331.3399963378906,331.5799865722656,59754
2026-07-30 11:53:00-04:00,331.5950012207031,331.7799987792969,331.54998779296875,331.6600036621094,79103
2026-07-30 11:54:00-04:00,331.67999267578125,331.760009765625,331.6050109863281,331.7049865722656,58414
2026-07-30 11:55:00-04:00,331.7200012207031,332.0199890136719,331.6099853515625,331.9649963378906,72482
2026-07-30 11:56:00-04:00,331.9800109863281,332.1199951171875,331.95001220703125,331.95001220703125,93433
2026-07-30 11:57:00-04:00,331.94500732421875,332.1099853515625,331.8369140625,332.0400085449219,97499
2026-07-30 11:58:00-04:00,332.03009033203125,332.06500244140625,331.8999938964844,331.9599914550781,61462
2026-07-30 11:59:00-04:00,331.9599914550781,332.0,331.7300109863281,331.760009765625,60697
2026-07-30 12:00:00-04:00,331.75,331.75,331.55999755859375,331.6000061035156,83410
2026-07-30 12:01:00-04:00,331.6000061035156,331.69000244140625,331.4100036621094,331.54998779296875,95617
2026-07-30 12:02:00-04:00,331.55999755859375,331.70001220703125,331.3599853515625,331.45001220703125,74654
2026-07-30 12:03:00-04:00,331.4649963378906,331.5,331.0199890136719,331.04998779296875,106200
2026-07-30 12:04:00-04:00,331.0199890136719,331.20001220703125,330.8900146484375,331.04998779296875,159953
2026-07-30 12:05:00-04:00,331.07000732421875,331.0799865722656,330.8500061035156,330.9599914550781,116303
2026-07-30 12:06:00-04:00,330.9750061035156,331.2850036621094,330.8999938964844,331.05999755859375,95531
2026-07-30 12:07:00-04:00,331.04998779296875,331.0799865722656,330.6300048828125,330.9100036621094,109812
2026-07-30 12:08:00-04:00,330.8900146484375,330.9750061035156,330.63580322265625,330.7650146484375,90926
2026-07-30 12:09:00-04:00,330.760009765625,331.0,330.760009765625,330.9800109863281,92111
2026-07-30 12:10:00-04:00,330.9599914550781,331.1700134277344,330.8399963378906,331.1199951171875,65422
2026-07-30 12:11:00-04:00,331.1199951171875,331.43499755859375,331.0350036621094,331.20001220703125,88066
2026-07-30 12:12:00-04:00,331.19000244140625,331.2099914550781,330.9700012207031,331.07501220703125,79776
2026-07-30 12:13:00-04:00,331.0799865722656,331.2099914550781,331.0,331.1099853515625,64652
2026-07-30 12:14:00-04:00,331.1099853515625,331.2099914550781,331.05999755859375,331.2099914550781,52973
2026-07-30 12:15:00-04:00,331.2049865722656,331.3500061035156,331.0950012207031,331.3299865722656,67867
2026-07-30 12:16:00-04:00,331.3299865722656,331.6499938964844,331.2900085449219,331.6400146484375,88798
2026-07-30 12:17:00-04:00,331.6300048828125,331.9193115234375,331.489990234375,331.7300109863281,69194
2026-07-30 12:18:00-04:00,331.7099914550781,332.27398681640625,331.70001220703125,332.260009765625,128200
2026-07-30 12:19:00-04:00,332.2380065917969,332.6000061035156,332.0,332.0400085449219,180686
2026-07-30 12:20:00-04:00,332.05999755859375,332.43499755859375,331.9849853515625,332.31500244140625,98838
2026-07-30 12:21:00-04:00,332.31500244140625,332.3599853515625,332.0400085449219,332.2449951171875,121145
2026-07-30 12:22:00-04:00,332.2449951171875,332.2799987792969,332.1199951171875,332.20001220703125,52626
2026-07-30 12:23:00-04:00,332.19000244140625,332.2099914550781,331.8500061035156,331.8699951171875,89297
2026-07-30 12:24:00-04:00,331.8581848144531,331.96990966796875,331.7305908203125,331.94000244140625,49642
2026-07-30 12:25:00-04:00,331.93499755859375,332.010009765625,331.8450012207031,331.9599914550781,90851
2026-07-30 12:26:00-04:00,331.9700012207031,332.0,331.760009765625,331.98870849609375,62165
2026-07-30 12:27:00-04:00,331.95001220703125,332.1059875488281,331.8299865722656,332.07501220703125,45777
2026-07-30 12:28:00-04:00,332.0799865722656,332.3500061035156,331.9849853515625,332.0299987792969,66471
2026-07-30 12:29:00-04:00,332.0299987792969,332.17999267578125,331.9700012207031,332.0899963378906,70323
2026-07-30 12:30:00-04:00,332.0899963378906,332.1400146484375,331.92498779296875,331.9800109863281,70101
2026-07-30 12:31:00-04:00,331.9800109863281,331.9800109863281,331.70001220703125,331.7449951171875,47997
2026-07-30 12:32:00-04:00,331.7300109863281,331.7900085449219,331.4049987792969,331.4750061035156,63070
2026-07-30 12:33:00-04:00,331.4649963378906,331.6400146484375,331.4599914550781,331.6300048828125,43692
2026-07-30 12:34:00-04:00,331.6199951171875,331.9200134277344,331.55999755859375,331.8299865722656,65413
2026-07-30 12:35:00-04:00,331.82000732421875,332.05999755859375,331.760009765625,332.05999755859375,60813
2026-07-30 12:36:00-04:00,332.04998779296875,332.08990478515625,331.80999755859375,331.8299865722656,66334
2026-07-30 12:37:00-04:00,331.82000732421875,332.1700134277344,331.79998779296875,331.9880065917969,83944
2026-07-30 12:38:00-04:00,331.9800109863281,332.0675964355469,331.875,331.9599914550781,53009
2026-07-30 12:39:00-04:00,331.95001220703125,332.0199890136719,331.79998779296875,332.0150146484375,101237
2026-07-30 12:40:00-04:00,332.0299072265625,332.1300048828125,331.5899963378906,331.75,85251
2026-07-30 12:41:00-04:00,331.739990234375,332.06500244140625,331.7349853515625,331.885009765625,81414
2026-07-30 12:42:00-04:00,331.8949890136719,332.1000061035156,331.7900085449219,332.0899963378906,152874
2026-07-30 12:43:00-04:00,332.07000732421875,332.1300048828125,331.9800109863281,331.989990234375,80788
2026-07-30 12:44:00-04:00,331.9700012207031,332.2491149902344,331.9700012207031,332.125,82086
2026-07-30 12:45:00-04:00,332.125,332.1400146484375,331.82000732421875,332.0199890136719,84296
2026-07-30 12:46:00-04:00,332.0299987792969,332.1300048828125,331.93499755859375,331.9649963378906,54975
2026-07-30 12:47:00-04:00,331.95001220703125,332.3699951171875,331.95001220703125,332.17999267578125,92648
2026-07-30 12:48:00-04:00,332.2099914550781,332.2200012207031,332.0249938964844,332.05999755859375,50767
2026-07-30 12:49:00-04:00,332.05999755859375,332.1499938964844,331.9599914550781,332.1199951171875,68375
2026-07-30 12:50:00-04:00,332.1400146484375,332.1650085449219,331.989990234375,332.0899963378906,56211
2026-07-30 12:51:00-04:00,332.1099853515625,332.2300109863281,332.1000061035156,332.18499755859375,56608
2026-07-30 12:52:00-04:00,332.19000244140625,332.260009765625,331.989990234375,332.239990234375,306350
2026-07-30 12:53:00-04:00,332.2300109863281,332.26129150390625,332.1300048828125,332.1400146484375,55041
2026-07-30 12:54:00-04:00,332.1300048828125,332.25,332.0799865722656,332.1300048828125,57709
2026-07-30 12:55:00-04:00,332.1400146484375,332.1700134277344,331.6300048828125,331.7300109863281,84131
2026-07-30 12:56:00-04:00,331.79998779296875,331.8999938964844,331.7099914550781,331.7449951171875,42296
2026-07-30 12:57:00-04:00,331.7449951171875,331.7699890136719,331.6099853515625,331.6700134277344,46155
2026-07-30 12:58:00-04:00,331.6600036621094,331.7699890136719,331.6400146484375,331.760009765625,52246
2026-07-30 12:59:00-04:00,331.7550048828125,331.78009033203125,331.5799865722656,331.6199951171875,47259
2026-07-30 13:00:00-04:00,331.6199951171875,332.1499938964844,331.6199951171875,332.10009765625,61270
2026-07-30 13:01:00-04:00,332.1000061035156,332.13909912109375,331.92999267578125,332.1050109863281,56929
2026-07-30 13:02:00-04:00,332.090087890625,332.1400146484375,332.0,332.06500244140625,49224
2026-07-30 13:03:00-04:00,332.0899963378906,332.25,332.04998779296875,332.0899963378906,52881
2026-07-30 13:04:00-04:00,332.0899963378906,332.19000244140625,332.0249938964844,332.1600036621094,44967
2026-07-30 13:05:00-04:00,332.1700134277344,332.2099914550781,332.06500244140625,332.1700134277344,37634
2026-07-30 13:06:00-04:00,332.1700134277344,332.2200012207031,332.0899963378906,332.19000244140625,45167
2026-07-30 13:07:00-04:00,332.1600036621094,332.2398986816406,332.1000061035156,332.2398986816406,38964
2026-07-30 13:08:00-04:00,332.20001220703125,332.2699890136719,332.0899963378906,332.1199951171875,40643
2026-07-30 13:09:00-04:00,332.0899963378906,332.2622985839844,332.04998779296875,332.25,50359
2026-07-30 13:10:00-04:00,332.260009765625,332.44000244140625,332.2560119628906,332.4200134277344,85939
2026-07-30 13:11:00-04:00,332.4100036621094,332.5708923339844,332.3299865722656,332.5400085449219,55797
2026-07-30 13:12:00-04:00,332.56988525390625,332.6000061035156,332.29010009765625,332.32000732421875,89666
2026-07-30 13:13:00-04:00,332.30999755859375,332.54998779296875,332.28680419921875,332.4331970214844,46329
2026-07-30 13:14:00-04:00,332.45001220703125,332.8500061035156,332.43011474609375,332.7099914550781,99921
2026-07-30 13:15:00-04:00,332.7200012207031,332.76959228515625,332.2900085449219,332.2900085449219,123178
2026-07-30 13:16:00-04:00,332.30999755859375,332.5,332.25,332.4700012207031,67174
2026-07-30 13:17:00-04:00,332.4700012207031,332.5889892578125,332.3900146484375,332.5849914550781,53057
2026-07-30 13:18:00-04:00,332.5799865722656,332.7699890136719,332.29998779296875,332.3598937988281,65624
2026-07-30 13:19:00-04:00,332.30999755859375,332.6700134277344,332.29998779296875,332.55999755859375,60953
2026-07-30 13:20:00-04:00,332.54998779296875,332.57000732421875,332.1600036621094,332.3349914550781,53826
2026-07-30 13:21:00-04:00,332.3487854003906,332.3699951171875,332.1600036621094,332.3349914550781,57526
2026-07-30 13:22:00-04:00,332.3351135253906,332.3351135253906,332.1400146484375,332.1400146484375,40146
2026-07-30 13:23:00-04:00,332.1499938964844,332.4049987792969,332.1499938964844,332.239990234375,54353
2026-07-30 13:24:00-04:00,332.2349853515625,332.4599914550781,332.1300048828125,332.2900085449219,98887
2026-07-30 13:25:00-04:00,332.2900085449219,332.33599853515625,332.239990234375,332.2900085449219,77903
2026-07-30 13:26:00-04:00,332.2799987792969,332.30999755859375,332.1400146484375,332.1400146484375,33655
2026-07-30 13:27:00-04:00,332.1600036621094,332.260009765625,332.1307067871094,332.19500732421875,40509
2026-07-30 13:28:00-04:00,332.19500732421875,332.2200012207031,331.989990234375,332.010009765625,49606
2026-07-30 13:29:00-04:00,332.010009765625,332.1300048828125,331.989990234375,332.0899963378906,43621
2026-07-30 13:30:00-04:00,332.0799865722656,332.3299865722656,332.05499267578125,332.2687072753906,34045
2026-07-30 13:31:00-04:00,332.260009765625,332.3999938964844,332.2449951171875,332.30999755859375,37439
2026-07-30 13:32:00-04:00,332.29998779296875,332.29998779296875,331.82000732421875,331.8500061035156,90814
2026-07-30 13:33:00-04:00,331.8699951171875,332.010009765625,331.8232116699219,331.94000244140625,55199
2026-07-30 13:34:00-04:00,331.9200134277344,331.92999267578125,331.7200927734375,331.9100036621094,39613
2026-07-30 13:35:00-04:00,331.95001220703125,332.04998779296875,331.9100036621094,332.006103515625,83146
2026-07-30 13:36:00-04:00,332.0050048828125,332.26031494140625,332.0,332.26031494140625,46956
2026-07-30 13:37:00-04:00,332.2799987792969,332.389892578125,332.1199951171875,332.1499938964844,55253
2026-07-30 13:38:00-04:00,332.1700134277344,332.3550109863281,331.9700012207031,332.2749938964844,50649
2026-07-30 13:39:00-04:00,332.25,332.2723083496094,332.07000732421875,332.15008544921875,35917
2026-07-30 13:40:00-04:00,332.20001220703125,332.3450012207031,332.0003967285156,332.04998779296875,55237
2026-07-30 13:41:00-04:00,332.0899963378906,332.2699890136719,331.9800109863281,332.25,37824
2026-07-30 13:42:00-04:00,332.260009765625,332.5199890136719,332.2300109863281,332.489990234375,51309
2026-07-30 13:43:00-04:00,332.5,332.6899108886719,332.4800109863281,332.6499938964844,34432
2026-07-30 13:44:00-04:00,332.6400146484375,332.7799987792969,332.61029052734375,332.6499938964844,13985
2026-07-30 13:45:00-04:00,332.6400146484375,332.7200012207031,332.4800109863281,332.6700134277344,49886
2026-07-30 13:46:00-04:00,332.67999267578125,332.7099914550781,332.5,332.6199951171875,47544
2026-07-30 13:47:00-04:00,332.6300048828125,332.7200012207031,332.4599914550781,332.4700012207031,39406
2026-07-30 13:48:00-04:00,332.4849853515625,332.68499755859375,332.4800109863281,332.6700134277344,40749
2026-07-30 13:49:00-04:00,332.67999267578125,332.739990234375,332.6300048828125,332.69000244140625,34267
2026-07-30 13:50:00-04:00,332.69000244140625,332.8299865722656,332.6492919921875,332.82501220703125,53326
2026-07-30 13:51:00-04:00,332.82000732421875,333.08599853515625,332.79998779296875,333.05010986328125,68769
2026-07-30 13:52:00-04:00,333.06500244140625,333.1659851074219,332.9700012207031,333.114013671875,51123
2026-07-30 13:53:00-04:00,333.0957946777344,333.135009765625,333.0,333.11090087890625,54617
2026-07-30 13:54:00-04:00,333.0899963378906,333.1400146484375,332.92999267578125,332.92999267578125,51540
2026-07-30 13:55:00-04:00,332.95001220703125,333.0899963378906,332.8699951171875,333.0299987792969,51938
2026-07-30 13:56:00-04:00,333.0450134277344,333.25,332.92999267578125,333.1700134277344,74476
2026-07-30 13:57:00-04:00,333.17999267578125,333.2699890136719,333.07000732421875,333.2300109863281,64634
2026-07-30 13:58:00-04:00,333.2499084472656,333.2499084472656,333.0899963378906,333.17999267578125,65897
2026-07-30 13:59:00-04:00,333.17999267578125,333.30999755859375,333.1708068847656,333.2950134277344,40368
2026-07-30 14:00:00-04:00,333.30999755859375,333.8699951171875,333.2900085449219,333.8699951171875,103223
2026-07-30 14:01:00-04:00,333.864990234375,333.9800109863281,333.7799987792969,333.8125,79155
2026-07-30 14:02:00-04:00,333.82989501953125,333.8299865722656,333.52099609375,333.5899963378906,61766
2026-07-30 14:03:00-04:00,333.5899963378906,333.6099853515625,333.20001220703125,333.239990234375,85464
2026-07-30 14:04:00-04:00,333.25,333.3500061035156,333.0150146484375,333.0249938964844,64600
2026-07-30 14:05:00-04:00,333.0498962402344,333.2300109863281,333.0115966796875,333.2250061035156,42713
2026-07-30 14:06:00-04:00,333.2349853515625,333.4999084472656,333.2300109863281,333.4949951171875,99711
2026-07-30 14:07:00-04:00,333.4949951171875,333.510009765625,333.2500915527344,333.2850036621094,46918
2026-07-30 14:08:00-04:00,333.2749938964844,333.3299865722656,333.1700134277344,333.2699890136719,39291
2026-07-30 14:09:00-04:00,333.2900085449219,333.2900085449219,333.0799865722656,333.19500732421875,92169
2026-07-30 14:10:00-04:00,333.19500732421875,333.4599914550781,333.1099853515625,333.125,140611
2026-07-30 14:11:00-04:00,333.1300048828125,333.17999267578125,333.0299987792969,333.114990234375,97965
2026-07-30 14:12:00-04:00,333.125,333.3299865722656,333.125,333.3263854980469,78379
2026-07-30 14:13:00-04:00,333.30999755859375,333.30999755859375,333.1708984375,333.25,40370
2026-07-30 14:14:00-04:00,333.25,333.2900085449219,333.1700134277344,333.2749938964844,72437
2026-07-30 14:15:00-04:00,333.2799987792969,333.510009765625,333.2749938964844,333.5050048828125,69584
2026-07-30 14:16:00-04:00,333.5050048828125,333.6600036621094,333.45001220703125,333.56500244140625,55183
2026-07-30 14:17:00-04:00,333.57989501953125,333.6400146484375,333.4609069824219,333.55499267578125,97084
2026-07-30 14:18:00-04:00,333.55999755859375,333.739990234375,333.55999755859375,333.6650085449219,72138
2026-07-30 14:19:00-04:00,333.6549987792969,333.7200012207031,333.6000061035156,333.6549987792969,48339
2026-07-30 14:20:00-04:00,333.6400146484375,333.6400146484375,333.3699951171875,333.3999938964844,52440
2026-07-30 14:21:00-04:00,333.4200134277344,333.45001220703125,333.25,333.4042053222656,78654
2026-07-30 14:22:00-04:00,333.4100036621094,333.4200134277344,333.1600036621094,333.19000244140625,65718
2026-07-30 14:23:00-04:00,333.2099914550781,333.2099914550781,333.0199890136719,333.1000061035156,78230
2026-07-30 14:24:00-04:00,333.0950012207031,333.1300048828125,332.95001220703125,333.0602111816406,39431
2026-07-30 14:25:00-04:00,333.07501220703125,333.0899963378906,332.864990234375,332.864990234375,39610
2026-07-30 14:26:00-04:00,332.8699951171875,332.94000244140625,332.7341003417969,332.8500061035156,77879
2026-07-30 14:27:00-04:00,332.860107421875,333.1099853515625,332.8599853515625,333.0450134277344,39673
2026-07-30 14:28:00-04:00,333.0400085449219,333.0899963378906,332.9100036621094,332.94000244140625,28937
2026-07-30 14:29:00-04:00,332.94000244140625,333.20001220703125,332.94000244140625,333.1000061035156,96862
2026-07-30 14:30:00-04:00,333.1199951171875,333.16949462890625,332.8999938964844,333.1099853515625,74720
2026-07-30 14:31:00-04:00,333.1000061035156,333.35430908203125,333.0,333.29998779296875,62620
2026-07-30 14:32:00-04:00,333.2900085449219,333.4299011230469,333.2099914550781,333.3299865722656,36554
2026-07-30 14:33:00-04:00,333.3399963378906,333.5199890136719,333.32000732421875,333.3999938964844,45777
2026-07-30 14:34:00-04:00,333.4200134277344,333.6199951171875,333.40069580078125,333.5899963378906,56305
2026-07-30 14:35:00-04:00,333.5799865722656,333.5849914550781,333.4100036621094,333.54998779296875,61514
2026-07-30 14:36:00-04:00,333.54998779296875,333.65020751953125,333.45001220703125,333.55499267578125,44894
2026-07-30 14:37:00-04:00,333.57000732421875,333.5799865722656,333.375,333.4700012207031,73193
2026-07-30 14:38:00-04:00,333.489990234375,333.55999755859375,333.44000244140625,333.4599914550781,46298
2026-07-30 14:39:00-04:00,333.4649963378906,333.6499938964844,333.4599914550781,333.55999755859375,43055
2026-07-30 14:40:00-04:00,333.55999755859375,333.739990234375,333.5450134277344,333.7099914550781,86821
2026-07-30 14:41:00-04:00,333.71990966796875,333.7550048828125,333.4700012207031,333.5199890136719,51659
2026-07-30 14:42:00-04:00,333.5249938964844,333.70001220703125,333.5249938964844,333.6000061035156,68861
2026-07-30 14:43:00-04:00,333.6199951171875,333.6300048828125,333.5400085449219,333.57000732421875,42813
2026-07-30 14:44:00-04:00,333.5899963378906,333.6600036621094,333.5299987792969,333.5299987792969,59483
2026-07-30 14:45:00-04:00,333.5400085449219,333.6050109863281,333.4200134277344,333.57000732421875,90931
2026-07-30 14:46:00-04:00,333.5799865722656,333.794189453125,333.5799865722656,333.7850036621094,54552
2026-07-30 14:47:00-04:00,333.7850036621094,333.8500061035156,333.75,333.82000732421875,53596
2026-07-30 14:48:00-04:00,333.82049560546875,333.8739013671875,333.7200012207031,333.7349853515625,47900
2026-07-30 14:49:00-04:00,333.739990234375,333.9996032714844,333.7200012207031,333.9100036621094,67634
2026-07-30 14:50:00-04:00,333.9100036621094,334.0899963378906,333.8699951171875,333.9100036621094,84476
2026-07-30 14:51:00-04:00,333.9100036621094,333.9150085449219,333.739990234375,333.9150085449219,71338
2026-07-30 14:52:00-04:00,333.8999938964844,333.9649963378906,333.8299865722656,333.8299865722656,45801
2026-07-30 14:53:00-04:00,333.8299865722656,333.8699951171875,333.7749938964844,333.82000732421875,47441
2026-07-30 14:54:00-04:00,333.82000732421875,334.0400085449219,333.7861022949219,333.9798889160156,70744
2026-07-30 14:55:00-04:00,333.94000244140625,333.9849853515625,333.8399963378906,333.8399963378906,47759
2026-07-30 14:56:00-04:00,333.8299865722656,334.010009765625,333.82000732421875,333.9649963378906,60055
2026-07-30 14:57:00-04:00,333.9649963378906,333.9649963378906,333.8200988769531,333.9100036621094,67741
2026-07-30 14:58:00-04:00,333.9150085449219,334.0799865722656,333.7449951171875,333.7900085449219,92039
2026-07-30 14:59:00-04:00,333.7900085449219,333.92498779296875,333.7123107910156,333.75,68389
2026-07-30 15:00:00-04:00,333.7349853515625,333.89990234375,333.4599914550781,333.4849853515625,164817
2026-07-30 15:01:00-04:00,333.4988098144531,333.989990234375,333.489990234375,333.9100036621094,117212
2026-07-30 15:02:00-04:00,333.94989013671875,334.0166015625,333.5299987792969,333.6449890136719,67758
2026-07-30 15:03:00-04:00,333.6449890136719,333.82000732421875,333.6300048828125,333.75,49140
2026-07-30 15:04:00-04:00,333.760009765625,333.8599853515625,333.7149963378906,333.80999755859375,65544
2026-07-30 15:05:00-04:00,333.80499267578125,333.8299865722656,333.6600036621094,333.67999267578125,60465
2026-07-30 15:06:00-04:00,333.68499755859375,333.7300109863281,333.4054870605469,333.6600036621094,97975
2026-07-30 15:07:00-04:00,333.67999267578125,333.885009765625,333.6000061035156,333.69500732421875,115112
2026-07-30 15:08:00-04:00,333.69000244140625,333.7699890136719,333.5899963378906,333.6000061035156,74978
2026-07-30 15:09:00-04:00,333.6000061035156,333.7349853515625,333.54998779296875,333.6099853515625,78428
2026-07-30 15:10:00-04:00,333.6099853515625,333.8999938964844,333.5299987792969,333.82501220703125,99657
2026-07-30 15:11:00-04:00,333.83319091796875,333.8399963378906,333.6000061035156,333.6130065917969,73980
2026-07-30 15:12:00-04:00,333.6199951171875,333.79998779296875,333.5299987792969,333.7200012207031,65250
2026-07-30 15:13:00-04:00,333.7200012207031,333.7799987792969,333.55499267578125,333.7300109863281,63220
2026-07-30 15:14:00-04:00,333.7200012207031,333.7401123046875,333.5799865722656,333.6549987792969,69667
2026-07-30 15:15:00-04:00,333.6600036621094,333.79998779296875,333.56500244140625,333.760009765625,82992
2026-07-30 15:16:00-04:00,333.7799987792969,333.8999938964844,333.5,333.69000244140625,114042
2026-07-30 15:17:00-04:00,333.70001220703125,333.7799987792969,333.67999267578125,333.7049865722656,55951
2026-07-30 15:18:00-04:00,333.70001220703125,333.8598937988281,333.6449890136719,333.7900085449219,82341
2026-07-30 15:19:00-04:00,333.7900085449219,333.95001220703125,333.69000244140625,333.8699951171875,105281
2026-07-30 15:20:00-04:00,333.875,333.8999938964844,333.5400085449219,333.6449890136719,84002
2026-07-30 15:21:00-04:00,333.6400146484375,333.7550048828125,333.53009033203125,333.57000732421875,83355
2026-07-30 15:22:00-04:00,333.5799865722656,333.5799865722656,333.2900085449219,333.3999938964844,113223
2026-07-30 15:23:00-04:00,333.3900146484375,333.4132995605469,333.1300048828125,333.1449890136719,79724
2026-07-30 15:24:00-04:00,333.1449890136719,333.5199890136719,333.1300048828125,333.45001220703125,117132
2026-07-30 15:25:00-04:00,333.4649963378906,333.57000732421875,333.2950134277344,333.3500061035156,104118
2026-07-30 15:26:00-04:00,333.3399963378906,333.42999267578125,333.2099914550781,333.2149963378906,92786
2026-07-30 15:27:00-04:00,333.2099914550781,333.54998779296875,333.1499938964844,333.4649963378906,169598
2026-07-30 15:28:00-04:00,333.5,333.739990234375,333.4200134277344,333.4801025390625,239749
2026-07-30 15:29:00-04:00,333.489990234375,333.6199951171875,333.1600036621094,333.1600036621094,155831
2026-07-30 15:30:00-04:00,333.1600036621094,333.4949951171875,333.1000061035156,333.44000244140625,126096
2026-07-30 15:31:00-04:00,333.44000244140625,333.5299987792969,332.79998779296875,333.0450134277344,246795
2026-07-30 15:32:00-04:00,333.05999755859375,333.3500061035156,332.9700927734375,333.2900085449219,210747
2026-07-30 15:33:00-04:00,333.27099609375,333.3900146484375,332.9599914550781,333.0799865722656,189809
2026-07-30 15:34:00-04:00,333.0799865722656,333.3399963378906,333.07000732421875,333.25,140340
2026-07-30 15:35:00-04:00,333.25,333.3299865722656,333.1300048828125,333.2799987792969,125848
2026-07-30 15:36:00-04:00,333.2699890136719,333.5799865722656,333.239990234375,333.489990234375,125139
2026-07-30 15:37:00-04:00,333.489990234375,333.5400085449219,333.3399963378906,333.3999938964844,111377
2026-07-30 15:38:00-04:00,333.42999267578125,333.510009765625,333.260009765625,333.32000732421875,83634
2026-07-30 15:39:00-04:00,333.3299865722656,333.5299987792969,333.32000732421875,333.4700012207031,79953
2026-07-30 15:40:00-04:00,333.4649963378906,333.5249938964844,333.2449951171875,333.3900146484375,126911
2026-07-30 15:41:00-04:00,333.3999938964844,333.55999755859375,333.2200012207031,333.239990234375,131130
2026-07-30 15:42:00-04:00,333.260009765625,333.260009765625,332.9100036621094,333.25,120725
2026-07-30 15:43:00-04:00,333.2349853515625,333.25,333.04998779296875,333.1199035644531,92915
2026-07-30 15:44:00-04:00,333.114990234375,333.1669006347656,332.9599914550781,333.0050048828125,105091
2026-07-30 15:45:00-04:00,333.010009765625,333.0899963378906,332.8800048828125,332.9599914550781,141958
2026-07-30 15:46:00-04:00,332.92999267578125,333.114990234375,332.79119873046875,332.9700012207031,115804
2026-07-30 15:47:00-04:00,332.9700012207031,332.989990234375,332.75,332.8599853515625,168941
2026-07-30 15:48:00-04:00,332.8599853515625,332.8900146484375,332.30999755859375,332.3900146484375,209100
2026-07-30 15:49:00-04:00,332.3999938964844,332.80999755859375,332.3399963378906,332.6549987792969,138644
2026-07-30 15:50:00-04:00,332.6300048828125,333.1099853515625,332.4800109863281,332.87908935546875,194101
2026-07-30 15:51:00-04:00,332.8599853515625,333.0,332.70001220703125,332.9800109863281,200790
2026-07-30 15:52:00-04:00,332.989990234375,332.989990234375,332.57000732421875,332.739990234375,242184
2026-07-30 15:53:00-04:00,332.7300109863281,333.19000244140625,332.67999267578125,332.7799987792969,229882
2026-07-30 15:54:00-04:00,332.7799987792969,332.9660949707031,332.6600036621094,332.864990234375,272984
2026-07-30 15:55:00-04:00,332.8500061035156,333.3999938964844,332.5299987792969,333.3999938964844,279044
2026-07-30 15:56:00-04:00,333.3900146484375,334.0,333.29998779296875,333.9700012207031,232337
2026-07-30 15:57:00-04:00,333.9599914550781,334.1300048828125,333.5400085449219,333.7099914550781,290673
2026-07-30 15:58:00-04:00,333.7200012207031,334.75,333.29998779296875,333.5199890136719,420049
2026-07-30 15:59:00-04:00,333.5199890136719,334.0,333.0400085449219,333.8500061035156,882500
2026-07-31 09:30:00-04:00,304.80999755859375,306.8999938964844,303.6400146484375,304.04998779296875,9663898
2026-07-31 09:31:00-04:00,304.010009765625,305.010009765625,301.8299865722656,302.0299987792969,1704033
2026-07-31 09:32:00-04:00,301.8999938964844,302.7875061035156,301.3414001464844,302.0299987792969,2027555
2026-07-31 09:33:00-04:00,302.07000732421875,302.57000732421875,301.07000732421875,301.8216857910156,1823229
2026-07-31 09:34:00-04:00,301.8299865722656,302.39990234375,300.54998779296875,302.1099853515625,1758609
2026-07-31 09:35:00-04:00,302.30999755859375,303.3500061035156,302.04998779296875,302.18499755859375,1230557
2026-07-31 09:36:00-04:00,302.21881103515625,302.8284912109375,301.4200134277344,302.2900085449219,971306
2026-07-31 09:37:00-04:00,302.3175048828125,302.6400146484375,301.6600036621094,302.239990234375,1236614
2026-07-31 09:38:00-04:00,302.239990234375,302.6099853515625,300.9200134277344,301.875,1175625
2026-07-31 09:39:00-04:00,301.8851013183594,302.19000244140625,300.95001220703125,301.32000732421875,809397
2026-07-31 09:40:00-04:00,301.19000244140625,301.2900085449219,300.3299865722656,300.5899963378906,799820
2026-07-31 09:41:00-04:00,300.54998779296875,301.4049987792969,300.44000244140625,301.4049987792969,550663
2026-07-31 09:42:00-04:00,301.4049987792969,302.5299987792969,301.0899963378906,302.42498779296875,580946
2026-07-31 09:43:00-04:00,302.5,303.7049865722656,302.3900146484375,303.5299987792969,865229
2026-07-31 09:44:00-04:00,303.5199890136719,304.9100036621094,303.5,304.7900085449219,1046614
2026-07-31 09:45:00-04:00,304.7799987792969,305.760009765625,304.20001220703125,304.3049011230469,890889
2026-07-31 09:46:00-04:00,304.260009765625,305.3194885253906,304.0799865722656,305.0899963378906,984915
2026-07-31 09:47:00-04:00,305.1400146484375,305.9198913574219,305.05999755859375,305.5295104980469,550400
2026-07-31 09:48:00-04:00,305.5,305.739990234375,304.989990234375,305.4924011230469,521867
2026-07-31 09:49:00-04:00,305.510009765625,305.55999755859375,304.5899963378906,305.17999267578125,528192
2026-07-31 09:50:00-04:00,305.2062072753906,305.5,304.6700134277344,305.06201171875,137528
2026-07-31 09:51:00-04:00,305.0799865722656,305.29998779296875,304.5,304.92498779296875,462719
2026-07-31 09:52:00-04:00,304.92498779296875,305.29998779296875,304.6700134277344,304.82000732421875,467175
2026-07-31 09:53:00-04:00,304.8349914550781,305.1700134277344,304.4599914550781,304.610107421875,399899
2026-07-31 09:54:00-04:00,304.7650146484375,305.1000061035156,304.29998779296875,304.81890869140625,374101
2026-07-31 09:55:00-04:00,304.82501220703125,305.19000244140625,304.55999755859375,305.07989501953125,294735
2026-07-31 09:56:00-04:00,305.0,305.45001220703125,304.7300109863281,305.0899963378906,446809
2026-07-31 09:57:00-04:00,305.0799865722656,305.0799865722656,304.0400085449219,304.0400085449219,402898
2026-07-31 09:58:00-04:00,304.0299987792969,304.0299987792969,302.8500061035156,302.864990234375,416099
2026-07-31 09:59:00-04:00,302.864990234375,303.1300048828125,302.5199890136719,302.7900085449219,414869
2026-07-31 10:00:00-04:00,302.7900085449219,303.32000732421875,302.6700134277344,303.1698913574219,395902
2026-07-31 10:01:00-04:00,303.1449890136719,303.19000244140625,302.5,302.8399963378906,717782
2026-07-31 10:02:00-04:00,302.80999755859375,302.81500244140625,302.1709899902344,302.2900085449219,447277
2026-07-31 10:03:00-04:00,302.2799987792969,302.2799987792969,301.35009765625,301.6400146484375,479635
2026-07-31 10:04:00-04:00,301.6099853515625,302.25,301.54998779296875,302.1199951171875,341397
2026-07-31 10:05:00-04:00,302.0950012207031,302.29998779296875,301.8399963378906,302.1199951171875,365227
2026-07-31 10:06:00-04:00,302.05999755859375,302.5,301.8800048828125,302.2749938964844,296843
2026-07-31 10:07:00-04:00,302.29998779296875,302.747314453125,302.03009033203125,302.67999267578125,277881
2026-07-31 10:08:00-04:00,302.6499938964844,302.8699951171875,302.0299987792969,302.78009033203125,283397
2026-07-31 10:09:00-04:00,302.80499267578125,302.94000244140625,302.4800109863281,302.8800048828125,337271
2026-07-31 10:10:00-04:00,302.8340148925781,303.06500244140625,302.30999755859375,302.7850036621094,394124
2026-07-31 10:11:00-04:00,302.7900085449219,302.7925109863281,301.739990234375,301.8999938964844,381165
2026-07-31 10:12:00-04:00,301.94000244140625,302.010009765625,301.3599853515625,301.4700012207031,358443
2026-07-31 10:13:00-04:00,301.4700012207031,301.9700012207031,301.44000244140625,301.80499267578125,232900
2026-07-31 10:14:00-04:00,301.7799987792969,302.3590087890625,301.760009765625,302.1361083984375,293360
2026-07-31 10:15:00-04:00,302.1449890136719,302.4700012207031,301.94000244140625,302.2149963378906,193118
2026-07-31 10:16:00-04:00,302.2099914550781,302.7300109863281,302.1700134277344,302.5386047363281,217540
2026-07-31 10:17:00-04:00,302.5,302.5,301.6499938964844,301.67498779296875,226186
2026-07-31 10:18:00-04:00,301.67999267578125,302.3999938964844,301.6600036621094,302.3450012207031,196020
2026-07-31 10:19:00-04:00,302.3450012207031,302.8494873046875,302.31500244140625,302.53009033203125,324031
2026-07-31 10:20:00-04:00,302.510009765625,303.2200012207031,302.3900146484375,302.5899963378906,190002
2026-07-31 10:21:00-04:00,302.614990234375,302.9100036621094,302.5199890136719,302.82000732421875,160749
2026-07-31 10:22:00-04:00,302.814208984375,302.95001220703125,302.426513671875,302.8005065917969,194117
2026-07-31 10:23:00-04:00,302.8299865722656,303.55999755859375,302.7699890136719,303.5094909667969,258295
2026-07-31 10:24:00-04:00,303.5199890136719,303.56988525390625,303.1400146484375,303.2099914550781,202472
2026-07-31 10:25:00-04:00,303.18499755859375,303.239990234375,302.9700012207031,303.1299133300781,159987
2026-07-31 10:26:00-04:00,303.1300048828125,303.539306640625,303.05999755859375,303.3800048828125,213186
2026-07-31 10:27:00-04:00,303.4049987792969,303.44000244140625,302.6499938964844,302.6700134277344,276695
2026-07-31 10:28:00-04:00,302.69000244140625,303.1700134277344,302.5799865722656,303.04998779296875,189361
2026-07-31 10:29:00-04:00,303.0400085449219,303.1000061035156,302.70001220703125,302.739990234375,130072
2026-07-31 10:30:00-04:00,302.7550048828125,302.8900146484375,302.090087890625,302.1549987792969,206537
2026-07-31 10:31:00-04:00,302.1499938964844,302.5950012207031,302.1499938964844,302.3139953613281,156679
2026-07-31 10:32:00-04:00,302.32000732421875,302.6199951171875,302.260009765625,302.6199035644531,125005
2026-07-31 10:33:00-04:00,302.5849914550781,302.99798583984375,302.375,302.5050048828125,204706
2026-07-31 10:34:00-04:00,302.4800109863281,302.5799865722656,301.9200134277344,301.94000244140625,223197
2026-07-31 10:35:00-04:00,301.92498779296875,302.0497131347656,301.70001220703125,301.9599914550781,141861
2026-07-31 10:36:00-04:00,301.9800109863281,302.07000732421875,301.8699951171875,301.94000244140625,113869
2026-07-31 10:37:00-04:00,301.94000244140625,302.05999755859375,301.79998779296875,301.94500732421875,151259
2026-07-31 10:38:00-04:00,301.93499755859375,302.3785095214844,301.9100036621094,302.3450012207031,161798
2026-07-31 10:39:00-04:00,302.3450012207031,302.5799865722656,302.2250061035156,302.260009765625,167619
2026-07-31 10:40:00-04:00,302.2799987792969,302.3500061035156,302.0400085449219,302.32000732421875,144111
2026-07-31 10:41:00-04:00,302.30999755859375,302.79998779296875,302.30999755859375,302.760009765625,133530
2026-07-31 10:42:00-04:00,302.70001220703125,302.760009765625,302.260009765625,302.3900146484375,188950
2026-07-31 10:43:00-04:00,302.4100036621094,302.6799011230469,302.32000732421875,302.55999755859375,160932
2026-07-31 10:44:00-04:00,302.55999755859375,302.5799865722656,302.2699890136719,302.43499755859375,126948
2026-07-31 10:45:00-04:00,302.4200134277344,302.6600036621094,302.3599853515625,302.5201110839844,130890
2026-07-31 10:46:00-04:00,302.5199890136719,302.6300048828125,302.1300048828125,302.1300048828125,164172
2026-07-31 10:47:00-04:00,302.1449890136719,302.5400085449219,302.05999755859375,302.43499755859375,168086
2026-07-31 10:48:00-04:00,302.45001220703125,302.5299987792969,302.19000244140625,302.42999267578125,201177
2026-07-31 10:49:00-04:00,302.42999267578125,302.6600036621094,302.3301086425781,302.57000732421875,186142
2026-07-31 10:50:00-04:00,302.57000732421875,302.6499938964844,302.45001220703125,302.5199890136719,135651
2026-07-31 10:51:00-04:00,302.5150146484375,302.6400146484375,302.3399963378906,302.6199951171875,121960
2026-07-31 10:52:00-04:00,302.6300048828125,302.760009765625,302.3999938964844,302.43499755859375,154626
2026-07-31 10:53:00-04:00,302.4100036621094,302.45001220703125,302.1700134277344,302.2699890136719,186367
2026-07-31 10:54:00-04:00,302.2777099609375,302.45989990234375,302.19000244140625,302.4299011230469,138066
2026-07-31 10:55:00-04:00,302.3999938964844,302.4100036621094,302.0799865722656,302.19000244140625,170211
2026-07-31 10:56:00-04:00,302.1517028808594,302.2267150878906,302.0899963378906,302.16619873046875,160185
2026-07-31 10:57:00-04:00,302.1650085449219,302.239990234375,301.95001220703125,302.17498779296875,310837
2026-07-31 10:58:00-04:00,302.1700134277344,302.739990234375,302.1199951171875,302.68499755859375,220713
2026-07-31 10:59:00-04:00,302.6600036621094,303.20001220703125,302.5350036621094,303.1600036621094,179819
2026-07-31 11:00:00-04:00,303.1600036621094,303.239990234375,302.70001220703125,302.8599853515625,370783
2026-07-31 11:01:00-04:00,302.8500061035156,302.9700012207031,302.6300048828125,302.70001220703125,135362
2026-07-31 11:02:00-04:00,302.7049865722656,302.7799987792969,302.3207092285156,302.55999755859375,188473
2026-07-31 11:03:00-04:00,302.5299987792969,302.5899963378906,302.3399963378906,302.4200134277344,158325
2026-07-31 11:04:00-04:00,302.4150085449219,302.70001220703125,302.3900146484375,302.635009765625,185076
2026-07-31 11:05:00-04:00,302.6300048828125,302.739990234375,302.5400085449219,302.7250061035156,126383
2026-07-31 11:06:00-04:00,302.7300109863281,302.95001220703125,302.5899963378906,302.69500732421875,170978
2026-07-31 11:07:00-04:00,302.68499755859375,302.7099914550781,302.4599914550781,302.6600036621094,133414
2026-07-31 11:08:00-04:00,302.6700134277344,302.8299865722656,302.6600036621094,302.7799987792969,163115
2026-07-31 11:09:00-04:00,302.7699890136719,302.92999267578125,302.6600036621094,302.8900146484375,136075
2026-07-31 11:10:00-04:00,302.9200134277344,303.0400085449219,302.7900085449219,302.9949951171875,159390
2026-07-31 11:11:00-04:00,302.9714050292969,303.04998779296875,302.7300109863281,302.8500061035156,218322
2026-07-31 11:12:00-04:00,302.8699951171875,303.06500244140625,302.61749267578125,302.69000244140625,208884
2026-07-31 11:13:00-04:00,302.6650085449219,302.8999938964844,302.5299987792969,302.760009765625,190776
2026-07-31 11:14:00-04:00,302.7449951171875,303.0794982910156,302.5350036621094,302.9949951171875,165813
2026-07-31 11:15:00-04:00,302.9949951171875,303.1000061035156,302.79998779296875,302.8699951171875,185402
2026-07-31 11:16:00-04:00,302.8699951171875,303.13800048828125,302.8599853515625,303.09228515625,200508
2026-07-31 11:17:00-04:00,303.0799865722656,303.6600036621094,302.760009765625,303.5,252280
2026-07-31 11:18:00-04:00,303.4800109863281,303.8500061035156,303.3800048828125,303.489990234375,195655
2026-07-31 11:19:00-04:00,303.4530944824219,304.0295104980469,303.45001220703125,303.8901062011719,202967
2026-07-31 11:20:00-04:00,303.8900146484375,304.1600036621094,303.7799987792969,303.8800048828125,147194
2026-07-31 11:21:00-04:00,303.89990234375,304.25,303.8500061035156,303.8599853515625,172898
2026-07-31 11:22:00-04:00,303.8699951171875,303.92498779296875,303.510009765625,303.5199890136719,159885
2026-07-31 11:23:00-04:00,303.53009033203125,303.6400146484375,303.04998779296875,303.07501220703125,136577
2026-07-31 11:24:00-04:00,303.0899963378906,303.1698913574219,302.9230041503906,302.95001220703125,159177
2026-07-31 11:25:00-04:00,302.9551086425781,303.0799865722656,302.4800109863281,302.5841979980469,234506
2026-07-31 11:26:00-04:00,302.54998779296875,302.67999267578125,302.2300109863281,302.6600036621094,286510
2026-07-31 11:27:00-04:00,302.6600036621094,302.67999267578125,302.20001220703125,302.2300109863281,152149
2026-07-31 11:28:00-04:00,302.2300109863281,302.2698974609375,301.69000244140625,301.8399963378906,434429
2026-07-31 11:29:00-04:00,301.8399963378906,301.9649963378906,301.6400146484375,301.7300109863281,230607
2026-07-31 11:30:00-04:00,301.7300109863281,302.14849853515625,301.7250061035156,301.8450012207031,188306
2026-07-31 11:31:00-04:00,301.8598937988281,302.1300048828125,301.79998779296875,301.989990234375,139131
2026-07-31 11:32:00-04:00,301.989990234375,302.010009765625,301.8299865722656,301.94500732421875,139620
2026-07-31 11:33:00-04:00,301.92999267578125,302.239990234375,301.8399963378906,302.19500732421875,224493
2026-07-31 11:34:00-04:00,302.21990966796875,302.3599853515625,302.0199890136719,302.2731018066406,134027
2026-07-31 11:35:00-04:00,302.2900085449219,302.5899963378906,302.239990234375,302.3699951171875,141148
2026-07-31 11:36:00-04:00,302.3699951171875,302.3900146484375,302.04998779296875,302.1199951171875,435130
2026-07-31 11:37:00-04:00,302.0899963378906,302.80999755859375,302.0899963378906,302.6650085449219,226342
2026-07-31 11:38:00-04:00,302.6650085449219,302.7200012207031,302.2300109863281,302.7099914550781,198770
2026-07-31 11:39:00-04:00,302.7200012207031,302.82000732421875,302.1000061035156,302.1600036621094,147101
2026-07-31 11:40:00-04:00,302.19000244140625,302.33990478515625,301.9649963378906,302.1499938964844,135334
2026-07-31 11:41:00-04:00,302.1300048828125,302.1449890136719,301.5329895019531,301.56170654296875,185343
2026-07-31 11:42:00-04:00,301.55499267578125,301.8999938964844,301.4700012207031,301.6000061035156,430282
2026-07-31 11:43:00-04:00,301.6600036621094,301.7749938964844,301.44000244140625,301.4599914550781,176173
2026-07-31 11:44:00-04:00,301.4599914550781,301.9700012207031,301.45001220703125,301.95001220703125,152135
2026-07-31 11:45:00-04:00,301.95001220703125,302.12750244140625,301.8599853515625,302.1000061035156,108927
2026-07-31 11:46:00-04:00,302.1099853515625,302.29998779296875,302.0400085449219,302.2200012207031,85698
2026-07-31 11:47:00-04:00,302.260009765625,302.35699462890625,301.82000732421875,302.04998779296875,140616
2026-07-31 11:48:00-04:00,302.04998779296875,302.1499938964844,301.95001220703125,302.05999755859375,70853
2026-07-31 11:49:00-04:00,302.0199890136719,302.07000732421875,300.739990234375,300.88580322265625,603041
2026-07-31 11:50:00-04:00,300.864990234375,300.8800048828125,300.3999938964844,300.7799987792969,369526
2026-07-31 11:51:00-04:00,300.760009765625,300.8399963378906,300.5199890136719,300.8349914550781,173480
2026-07-31 11:52:00-04:00,300.8399963378906,301.0400085449219,300.760009765625,300.9200134277344,152510
2026-07-31 11:53:00-04:00,300.92498779296875,300.9599914550781,300.6400146484375,300.8399963378906,153073
2026-07-31 11:54:00-04:00,300.82000732421875,301.4219970703125,300.760009765625,301.3999938964844,124587
2026-07-31 11:55:00-04:00,301.3900146484375,301.42999267578125,300.8900146484375,301.25,190842
2026-07-31 11:56:00-04:00,301.27520751953125,301.54998779296875,301.1499938964844,301.385009765625,175210
2026-07-31 11:57:00-04:00,301.385009765625,301.5799865722656,301.135009765625,301.5299987792969,113200
2026-07-31 11:58:00-04:00,301.5299987792969,301.7200012207031,301.45001220703125,301.5899963378906,115955
2026-07-31 11:59:00-04:00,301.5799865722656,301.6400146484375,301.2799987792969,301.2950134277344,471568
2026-07-31 12:00:00-04:00,301.2850036621094,301.3580017089844,300.8999938964844,301.1448059082031,138876
2026-07-31 12:01:00-04:00,301.1400146484375,301.33990478515625,301.0,301.2699890136719,165038
2026-07-31 12:02:00-04:00,301.2699890136719,301.59991455078125,301.20001220703125,301.5350036621094,147658
2026-07-31 12:03:00-04:00,301.5155944824219,301.55999755859375,301.2799987792969,301.33990478515625,112284
2026-07-31 12:04:00-04:00,301.32501220703125,301.3789978027344,301.19000244140625,301.3399963378906,111757
2026-07-31 12:05:00-04:00,301.3550109863281,301.45001220703125,301.17999267578125,301.19000244140625,104587
2026-07-31 12:06:00-04:00,301.18499755859375,301.29998779296875,301.1199951171875,301.25579833984375,67029
2026-07-31 12:07:00-04:00,301.260009765625,301.2900085449219,301.1600036621094,301.1799011230469,89869
2026-07-31 12:08:00-04:00,301.17999267578125,301.3800048828125,301.1499938964844,301.3399963378906,69707
2026-07-31 12:09:00-04:00,301.3599853515625,301.3699951171875,301.1600036621094,301.2300109863281,61393
2026-07-31 12:10:00-04:00,301.2674865722656,301.510009765625,301.19000244140625,301.42999267578125,74815
2026-07-31 12:11:00-04:00,301.43499755859375,301.6499938964844,301.3399963378906,301.635009765625,76521
2026-07-31 12:12:00-04:00,301.635009765625,301.8299865722656,301.489990234375,301.7300109863281,101752
2026-07-31 12:13:00-04:00,301.70001220703125,301.9200134277344,301.68011474609375,301.8500061035156,102624
2026-07-31 12:14:00-04:00,301.8500061035156,302.1400146484375,301.75,302.114990234375,136618
2026-07-31 12:15:00-04:00,302.1050109863281,302.3399963378906,302.0299987792969,302.0899963378906,132811
2026-07-31 12:16:00-04:00,302.0801086425781,302.1064147949219,301.8399963378906,302.0398864746094,132842
2026-07-31 12:17:00-04:00,302.0249938964844,302.03961181640625,301.7300109863281,301.8999938964844,141921
2026-07-31 12:18:00-04:00,301.94000244140625,301.94000244140625,301.36090087890625,301.489990234375,284333
2026-07-31 12:19:00-04:00,301.510009765625,301.5199890136719,301.1300048828125,301.1549987792969,169347
2026-07-31 12:20:00-04:00,301.17498779296875,301.4700012207031,301.1400146484375,301.2799987792969,108957
2026-07-31 12:21:00-04:00,301.2799987792969,301.3900146484375,301.1600036621094,301.2950134277344,111508
2026-07-31 12:22:00-04:00,301.2900085449219,301.4397888183594,301.239990234375,301.4397888183594,136774
2026-07-31 12:23:00-04:00,301.4200134277344,301.614013671875,301.3299865722656,301.4898986816406,105188
2026-07-31 12:24:00-04:00,301.4898986816406,301.5849914550781,301.3599853515625,301.44500732421875,107492
2026-07-31 12:25:00-04:00,301.45001220703125,301.5799865722656,301.3500061035156,301.385009765625,92743
2026-07-31 12:26:00-04:00,301.3900146484375,301.4399108886719,301.1600036621094,301.239990234375,132644
2026-07-31 12:27:00-04:00,301.239990234375,301.29998779296875,300.79998779296875,300.82000732421875,200765
2026-07-31 12:28:00-04:00,300.8299865722656,301.0,300.7300109863281,300.9700012207031,137195
2026-07-31 12:29:00-04:00,300.9700012207031,300.9800109863281,300.4700012207031,300.5400085449219,199747
2026-07-31 12:30:00-04:00,300.55999755859375,300.67999267578125,300.1000061035156,300.3804931640625,297715
2026-07-31 12:31:00-04:00,300.3999938964844,300.54998779296875,300.2799987792969,300.4599914550781,205525
2026-07-31 12:32:00-04:00,300.46600341796875,300.46600341796875,300.010009765625,300.0799865722656,279913
2026-07-31 12:33:00-04:00,300.0799865722656,300.45001220703125,300.0,300.3450927734375,445989
2026-07-31 12:34:00-04:00,300.3349914550781,300.55999755859375,300.3299865722656,300.5350036621094,127501
2026-07-31 12:35:00-04:00,300.5199890136719,300.69000244140625,300.3500061035156,300.6899108886719,125136
2026-07-31 12:36:00-04:00,300.69000244140625,300.7090148925781,300.57501220703125,300.6600036621094,122646
2026-07-31 12:37:00-04:00,300.6600036621094,301.010009765625,300.57000732421875,300.75,155071
2026-07-31 12:38:00-04:00,300.7200012207031,300.760009765625,300.54998779296875,300.54998779296875,100355
2026-07-31 12:39:00-04:00,300.54998779296875,300.7099914550781,300.489990234375,300.54998779296875,142020
2026-07-31 12:40:00-04:00,300.54779052734375,300.8900146484375,300.4800109863281,300.889892578125,142825
2026-07-31 12:41:00-04:00,300.8900146484375,300.9100036621094,300.6000061035156,300.82000732421875,110839
2026-07-31 12:42:00-04:00,300.79998779296875,300.9800109863281,300.69000244140625,300.7099914550781,158749
2026-07-31 12:43:00-04:00,300.7149963378906,300.79998779296875,300.2099914550781,300.3500061035156,259442
2026-07-31 12:44:00-04:00,300.3399963378906,300.42498779296875,300.2101135253906,300.364990234375,148225
2026-07-31 12:45:00-04:00,300.3599853515625,300.4999084472656,300.2449951171875,300.4999084472656,124092
2026-07-31 12:46:00-04:00,300.5,300.67999267578125,300.4100036621094,300.6300048828125,96373
2026-07-31 12:47:00-04:00,300.6300048828125,301.0799865722656,300.42010498046875,301.04998779296875,133735
2026-07-31 12:48:00-04:00,301.04998779296875,301.1099853515625,300.8999938964844,301.010009765625,120311
2026-07-31 12:49:00-04:00,301.0,301.0151062011719,300.6600036621094,300.7799987792969,84648
2026-07-31 12:50:00-04:00,300.7900085449219,300.82000732421875,300.57000732421875,300.760009765625,93349
2026-07-31 12:51:00-04:00,300.7522888183594,301.0899963378906,300.7522888183594,301.0799865722656,127630
2026-07-31 12:52:00-04:00,301.0799865722656,301.32000732421875,301.0799865722656,301.260009765625,154144
2026-07-31 12:53:00-04:00,301.239990234375,301.54998779296875,301.2200012207031,301.3399963378906,212673
2026-07-31 12:54:00-04:00,301.3399963378906,301.3699951171875,300.7149963378906,300.7200012207031,143146
2026-07-31 12:55:00-04:00,300.7300109863281,300.8900146484375,300.57000732421875,300.760009765625,110134
2026-07-31 12:56:00-04:00,300.75,300.8599853515625,300.5849914550781,300.6899108886719,152201
2026-07-31 12:57:00-04:00,300.6700134277344,300.68670654296875,300.42010498046875,300.45989990234375,97575
2026-07-31 12:58:00-04:00,300.45001220703125,300.739501953125,300.3900146484375,300.7063903808594,133018
2026-07-31 12:59:00-04:00,300.69500732421875,300.9700012207031,300.69000244140625,300.8699951171875,97677
2026-07-31 13:00:00-04:00,300.8599853515625,301.0899963378906,300.8550109863281,300.9400939941406,94716
2026-07-31 13:01:00-04:00,300.9549865722656,301.243896484375,300.9549865722656,301.1650085449219,104970
2026-07-31 13:02:00-04:00,301.16009521484375,301.19000244140625,300.9800109863281,301.1766052246094,94557
2026-07-31 13:03:00-04:00,301.1650085449219,301.83428955078125,301.1650085449219,301.6099853515625,234745
2026-07-31 13:04:00-04:00,301.6189880371094,301.7453918457031,301.5350036621094,301.5849914550781,95204
2026-07-31 13:05:00-04:00,301.5899963378906,301.7799987792969,301.3800048828125,301.6698913574219,133984
2026-07-31 13:06:00-04:00,301.6700134277344,301.7200012207031,301.52020263671875,301.6050109863281,97953
2026-07-31 13:07:00-04:00,301.6050109863281,301.6199951171875,301.29998779296875,301.340087890625,94184
2026-07-31 13:08:00-04:00,301.3500061035156,301.5,301.30999755859375,301.44000244140625,92764
2026-07-31 13:09:00-04:00,301.42999267578125,301.4700012207031,301.1499938964844,301.1709899902344,82667
2026-07-31 13:10:00-04:00,301.1700134277344,301.31500244140625,301.1099853515625,301.17498779296875,108588
2026-07-31 13:11:00-04:00,301.1709899902344,301.215087890625,301.0199890136719,301.04998779296875,61866
2026-07-31 13:12:00-04:00,301.010009765625,301.1192932128906,300.9599914550781,301.1000061035156,136234
2026-07-31 13:13:00-04:00,301.1000061035156,301.1400146484375,301.0400085449219,301.05999755859375,78778
2026-07-31 13:14:00-04:00,301.05499267578125,301.6000061035156,301.0,301.5199890136719,113226
2026-07-31 13:15:00-04:00,301.5150146484375,301.70001220703125,301.5150146484375,301.6449890136719,119747
2026-07-31 13:16:00-04:00,301.6400146484375,301.82000732421875,301.6300048828125,301.7699890136719,116336
2026-07-31 13:17:00-04:00,301.7799987792969,301.7950134277344,301.2601013183594,301.2699890136719,146286
2026-07-31 13:18:00-04:00,301.2699890136719,301.625,301.20001220703125,301.5899963378906,143011
2026-07-31 13:19:00-04:00,301.6000061035156,301.69000244140625,301.5,301.57501220703125,84608
2026-07-31 13:20:00-04:00,301.5790100097656,301.6549987792969,301.5350036621094,301.5498962402344,101720
2026-07-31 13:21:00-04:00,301.54998779296875,301.57000732421875,301.3550109863281,301.3900146484375,111817
2026-07-31 13:22:00-04:00,301.3900146484375,301.5150146484375,301.2799987792969,301.2997131347656,94660
2026-07-31 13:23:00-04:00,301.2900085449219,301.5199890136719,301.25,301.45001220703125,95775
2026-07-31 13:24:00-04:00,301.45001220703125,301.5249938964844,301.340087890625,301.3500061035156,91045
2026-07-31 13:25:00-04:00,301.3399963378906,301.45001220703125,301.25,301.2590026855469,75578
2026-07-31 13:26:00-04:00,301.260009765625,301.3399963378906,301.2499084472656,301.2799987792969,56313
2026-07-31 13:27:00-04:00,301.2799987792969,301.33990478515625,301.0400085449219,301.04998779296875,74334
2026-07-31 13:28:00-04:00,301.0498962402344,301.22918701171875,301.0404968261719,301.1199951171875,74835
2026-07-31 13:29:00-04:00,301.1300048828125,301.3399963378906,301.05499267578125,301.20001220703125,100592
2026-07-31 13:30:00-04:00,301.20001220703125,301.32000732421875,301.1000061035156,301.2950134277344,88887
2026-07-31 13:31:00-04:00,301.2998962402344,301.510009765625,301.2900085449219,301.4750061035156,103249
2026-07-31 13:32:00-04:00,301.4750061035156,301.4800109863281,301.2203063964844,301.2500915527344,116997
2026-07-31 13:33:00-04:00,301.260009765625,301.54998779296875,301.25,301.4880065917969,96018
2026-07-31 13:34:00-04:00,301.4800109863281,301.57000732421875,301.42999267578125,301.468994140625,84401
2026-07-31 13:35:00-04:00,301.4599914550781,301.6000061035156,301.42999267578125,301.54010009765625,81356
2026-07-31 13:36:00-04:00,301.5400085449219,301.7200012207031,301.4800109863281,301.4967956542969,94874
2026-07-31 13:37:00-04:00,301.4700012207031,301.5400085449219,301.3999938964844,301.4200134277344,83750
2026-07-31 13:38:00-04:00,301.44000244140625,301.4949951171875,301.2699890136719,301.4825134277344,93322
2026-07-31 13:39:00-04:00,301.4849853515625,301.5400085449219,301.3900146484375,301.3900146484375,60427
2026-07-31 13:40:00-04:00,301.3999938964844,301.6000061035156,301.3900146484375,301.5799865722656,66902
2026-07-31 13:41:00-04:00,301.5799865722656,301.5899963378906,301.4601135253906,301.510009765625,84693
2026-07-31 13:42:00-04:00,301.510009765625,301.5195007324219,301.4100036621094,301.42498779296875,79318
2026-07-31 13:43:00-04:00,301.42498779296875,301.5849914550781,301.3500061035156,301.3550109863281,111478
2026-07-31 13:44:00-04:00,301.3501892089844,301.4200134277344,301.2900085449219,301.30499267578125,67481
2026-07-31 13:45:00-04:00,301.30499267578125,301.42999267578125,301.2099914550781,301.2099914550781,83969
2026-07-31 13:46:00-04:00,301.2049865722656,301.2900085449219,301.1499938964844,301.1798095703125,92681
2026-07-31 13:47:00-04:00,301.1600036621094,301.2279052734375,301.07000732421875,301.0849914550781,100163
2026-07-31 13:48:00-04:00,301.0799865722656,301.32000732421875,301.0600891113281,301.25909423828125,95843
2026-07-31 13:49:00-04:00,301.25,301.2699890136719,301.1600036621094,301.1600036621094,66902
2026-07-31 13:50:00-04:00,301.1698913574219,301.2200012207031,301.0899963378906,301.1600036621094,83394
2026-07-31 13:51:00-04:00,301.1697082519531,301.2650146484375,301.1000061035156,301.10101318359375,3113931
2026-07-31 13:52:00-04:00,301.1050109863281,301.2099914550781,301.0799865722656,301.1499938964844,87521
2026-07-31 13:53:00-04:00,301.1401062011719,301.1600036621094,300.614990234375,300.614990234375,207455
2026-07-31 13:54:00-04:00,300.6099853515625,300.70001220703125,300.5350036621094,300.67999267578125,138785
2026-07-31 13:55:00-04:00,300.69000244140625,300.8599853515625,300.68499755859375,300.7900085449219,100105
2026-07-31 13:56:00-04:00,300.7900085449219,300.8699951171875,300.7522888183594,300.8479919433594,87000
2026-07-31 13:57:00-04:00,300.8450012207031,300.84979248046875,300.6199951171875,300.6650085449219,112771
2026-07-31 13:58:00-04:00,300.6650085449219,300.80499267578125,300.5849914550781,300.5899963378906,98137
2026-07-31 13:59:00-04:00,300.5799865722656,300.67999267578125,300.5,300.6400146484375,122991
2026-07-31 14:00:00-04:00,300.6400146484375,300.7900085449219,300.5950012207031,300.7900085449219,98818
2026-07-31 14:01:00-04:00,300.7900085449219,301.17999267578125,300.78009033203125,301.114990234375,163199
2026-07-31 14:02:00-04:00,301.114990234375,301.2900085449219,301.0799865722656,301.0849914550781,129386
2026-07-31 14:03:00-04:00,301.0899963378906,301.135009765625,300.94500732421875,301.0,119067
2026-07-31 14:04:00-04:00,301.0050048828125,301.1700134277344,301.0000915527344,301.07501220703125,109386
2026-07-31 14:05:00-04:00,301.06500244140625,301.2250061035156,300.9949951171875,301.0509033203125,105761
2026-07-31 14:06:00-04:00,301.05999755859375,301.07000732421875,300.8800048828125,300.9649963378906,124145
2026-07-31 14:07:00-04:00,300.9501037597656,301.04998779296875,300.8800048828125,300.885009765625,175481
2026-07-31 14:08:00-04:00,300.885009765625,300.8999938964844,300.7850036621094,300.82000732421875,131458
2026-07-31 14:09:00-04:00,300.81500244140625,300.9800109863281,300.69500732421875,300.9549865722656,191143
2026-07-31 14:10:00-04:00,300.9700012207031,301.25,300.94000244140625,301.1499938964844,125183
2026-07-31 14:11:00-04:00,301.1499938964844,301.3699951171875,301.1499938964844,301.30999755859375,131040
2026-07-31 14:12:00-04:00,301.30999755859375,301.5199890136719,301.29998779296875,301.489990234375,124549
2026-07-31 14:13:00-04:00,301.4849853515625,301.8999938964844,301.45001220703125,301.82501220703125,267178
2026-07-31 14:14:00-04:00,301.8299865722656,302.0950012207031,301.82000732421875,301.9949951171875,197059
2026-07-31 14:15:00-04:00,302.0050048828125,302.0899963378906,301.8999938964844,301.8999938964844,138414
2026-07-31 14:16:00-04:00,301.8923034667969,301.9200134277344,301.8299865722656,301.864990234375,79993
2026-07-31 14:17:00-04:00,301.8599853515625,301.87811279296875,301.6099853515625,301.860107421875,100225
2026-07-31 14:18:00-04:00,301.8799133300781,301.94000244140625,301.7099914550781,301.875,103344
2026-07-31 14:19:00-04:00,301.8900146484375,302.04998779296875,301.7699890136719,302.0299987792969,68104
2026-07-31 14:20:00-04:00,302.0199890136719,302.1499938964844,302.0050048828125,302.0350036621094,107316
2026-07-31 14:21:00-04:00,302.0398864746094,302.1300048828125,301.9800109863281,302.0899963378906,102559
2026-07-31 14:22:00-04:00,302.0950012207031,302.1000061035156,301.9700012207031,302.04998779296875,93848
2026-07-31 14:23:00-04:00,302.04998779296875,302.2799987792969,302.0199890136719,302.1400146484375,113682
2026-07-31 14:24:00-04:00,302.1400146484375,302.4200134277344,302.114990234375,302.3299865722656,101311
2026-07-31 14:25:00-04:00,302.3399963378906,302.3599853515625,302.0400085449219,302.04998779296875,87800
2026-07-31 14:26:00-04:00,302.06689453125,302.06689453125,301.8399963378906,301.8450012207031,114834
2026-07-31 14:27:00-04:00,301.8399963378906,301.8500061035156,301.7349853515625,301.75,85664
2026-07-31 14:28:00-04:00,301.7099914550781,301.81500244140625,301.67999267578125,301.7799987792969,71133
2026-07-31 14:29:00-04:00,301.7850036621094,301.8900146484375,301.7001037597656,301.7300109863281,109778
2026-07-31 14:30:00-04:00,301.760009765625,301.989990234375,301.7449951171875,301.94000244140625,127582
2026-07-31 14:31:00-04:00,301.92999267578125,302.010009765625,301.75,301.9100036621094,103825
2026-07-31 14:32:00-04:00,301.9200134277344,302.0199890136719,301.852294921875,301.9909973144531,95738
2026-07-31 14:33:00-04:00,302.0,302.08990478515625,301.9599914550781,302.03009033203125,131259
2026-07-31 14:34:00-04:00,302.0350036621094,302.1600036621094,302.0150146484375,302.0610046386719,125633
2026-07-31 14:35:00-04:00,302.06500244140625,302.16009521484375,302.010009765625,302.04998779296875,107971
2026-07-31 14:36:00-04:00,302.0400085449219,302.1499938964844,302.0,302.1400146484375,87696
2026-07-31 14:37:00-04:00,302.1400146484375,302.1498107910156,301.8800048828125,301.8800048828125,110716
2026-07-31 14:38:00-04:00,301.875,301.9649963378906,301.8500061035156,301.95001220703125,97122
2026-07-31 14:39:00-04:00,301.94000244140625,302.04998779296875,301.9200134277344,302.0150146484375,68276
2026-07-31 14:40:00-04:00,302.0150146484375,302.17999267578125,301.9599914550781,302.0950012207031,109401
2026-07-31 14:41:00-04:00,302.0909118652344,302.1000061035156,301.9100036621094,302.0,85413
2026-07-31 14:42:00-04:00,302.0050048828125,302.1099853515625,301.8901062011719,302.0150146484375,142128
2026-07-31 14:43:00-04:00,302.0150146484375,302.17999267578125,301.9800109863281,302.1199951171875,123360
2026-07-31 14:44:00-04:00,302.1099853515625,302.3450012207031,302.1099853515625,302.3223876953125,146291
2026-07-31 14:45:00-04:00,302.31500244140625,302.5299987792969,302.30999755859375,302.4049987792969,150585
2026-07-31 14:46:00-04:00,302.4049987792969,302.44000244140625,302.04010009765625,302.2690124511719,208742
2026-07-31 14:47:00-04:00,302.25,302.44000244140625,302.25,302.32501220703125,94377
2026-07-31 14:48:00-04:00,302.32501220703125,302.385009765625,302.2799987792969,302.2850036621094,68430
2026-07-31 14:49:00-04:00,302.289794921875,302.3399963378906,302.2500915527344,302.2950134277344,93985
2026-07-31 14:50:00-04:00,302.2950134277344,302.29998779296875,302.239990234375,302.2550048828125,103002
2026-07-31 14:51:00-04:00,302.25,302.3999938964844,302.25,302.32501220703125,174826
2026-07-31 14:52:00-04:00,302.32501220703125,302.6000061035156,302.31500244140625,302.5299072265625,130044
2026-07-31 14:53:00-04:00,302.5199890136719,302.9599914550781,302.4700012207031,302.95001220703125,185099
2026-07-31 14:54:00-04:00,302.9549865722656,303.0,302.7900085449219,302.885009765625,210354
2026-07-31 14:55:00-04:00,302.885009765625,302.9446105957031,302.8299865722656,302.8999938964844,124655
2026-07-31 14:56:00-04:00,302.9100036621094,302.92999267578125,302.7900085449219,302.8500061035156,113019
2026-07-31 14:57:00-04:00,302.8500061035156,302.9100036621094,302.8349914550781,302.8599853515625,98308
2026-07-31 14:58:00-04:00,302.8609924316406,302.8699951171875,302.460205078125,302.57501220703125,148482
2026-07-31 14:59:00-04:00,302.57501220703125,302.8599853515625,302.4200134277344,302.8299865722656,178485
2026-07-31 15:00:00-04:00,302.8399963378906,303.2300109863281,302.7799987792969,303.1300048828125,252173
2026-07-31 15:01:00-04:00,303.1400146484375,303.29998779296875,303.0799865722656,303.2898864746094,143109
2026-07-31 15:02:00-04:00,303.2900085449219,303.6199951171875,303.260009765625,303.5199890136719,222093
2026-07-31 15:03:00-04:00,303.510009765625,303.6400146484375,303.40008544921875,303.4248962402344,191090
2026-07-31 15:04:00-04:00,303.3999938964844,303.94000244140625,303.3999938964844,303.75,245713
2026-07-31 15:05:00-04:00,303.7550048828125,303.8800048828125,303.6499938964844,303.69000244140625,191298
2026-07-31 15:06:00-04:00,303.69000244140625,304.1400146484375,303.67999267578125,304.04998779296875,272650
2026-07-31 15:07:00-04:00,304.04998779296875,304.1700134277344,303.9305114746094,304.07000732421875,208922
2026-07-31 15:08:00-04:00,304.07501220703125,304.29998779296875,304.0199890136719,304.2850036621094,179942
2026-07-31 15:09:00-04:00,304.2850036621094,304.5299987792969,304.239990234375,304.4150085449219,409518
2026-07-31 15:10:00-04:00,304.4100036621094,304.8699951171875,304.3900146484375,304.64471435546875,279770
2026-07-31 15:11:00-04:00,304.6549987792969,304.75,304.5899963378906,304.63800048828125,232686
2026-07-31 15:12:00-04:00,304.6300048828125,304.6400146484375,304.3999938964844,304.4700012207031,230400
2026-07-31 15:13:00-04:00,304.4700012207031,304.760009765625,304.44500732421875,304.75,218729
2026-07-31 15:14:00-04:00,304.75799560546875,304.8399963378906,304.4700012207031,304.5799865722656,175887
2026-07-31 15:15:00-04:00,304.5849914550781,305.07000732421875,304.5299987792969,304.9700012207031,268564
2026-07-31 15:16:00-04:00,304.9800109863281,304.989990234375,304.739990234375,304.93499755859375,1350783
2026-07-31 15:17:00-04:00,304.92999267578125,305.7099914550781,304.92999267578125,305.5150146484375,308605
2026-07-31 15:18:00-04:00,305.510009765625,305.5190124511719,305.1499938964844,305.1600036621094,372034
2026-07-31 15:19:00-04:00,305.1510009765625,305.42999267578125,305.1400146484375,305.24200439453125,178858
2026-07-31 15:20:00-04:00,305.239990234375,305.239990234375,304.635009765625,304.9200134277344,287074
2026-07-31 15:21:00-04:00,304.9100036621094,305.1099853515625,304.7850036621094,305.0150146484375,227567
2026-07-31 15:22:00-04:00,305.0150146484375,305.04998779296875,304.8599853515625,304.94000244140625,224763
2026-07-31 15:23:00-04:00,304.93499755859375,305.2300109863281,304.93499755859375,305.20001220703125,183987
2026-07-31 15:24:00-04:00,305.19500732421875,305.39990234375,305.1700134277344,305.3450012207031,198407
2026-07-31 15:25:00-04:00,305.3450012207031,305.5199890136719,305.2200012207031,305.2200012207031,197286
2026-07-31 15:26:00-04:00,305.2200012207031,305.45001220703125,305.1400146484375,305.2619934082031,290451
2026-07-31 15:27:00-04:00,305.2650146484375,305.32000732421875,305.1099853515625,305.1549987792969,145062
2026-07-31 15:28:00-04:00,305.1549987792969,305.3800048828125,305.1400146484375,305.3550109863281,198320
2026-07-31 15:29:00-04:00,305.3550109863281,305.7049865722656,305.2900085449219,305.6549987792969,221418
2026-07-31 15:30:00-04:00,305.6600036621094,305.8399963378906,305.2799987792969,305.3800048828125,366369
2026-07-31 15:31:00-04:00,305.3800048828125,305.3800048828125,305.1050109863281,305.29998779296875,271376
2026-07-31 15:32:00-04:00,305.31500244140625,305.31500244140625,305.1099853515625,305.2449951171875,273516
2026-07-31 15:33:00-04:00,305.25,305.57000732421875,305.07000732421875,305.29998779296875,390630
2026-07-31 15:34:00-04:00,305.29998779296875,305.864990234375,305.2950134277344,305.8599853515625,377087
2026-07-31 15:35:00-04:00,305.8699951171875,306.20001220703125,305.7699890136719,306.125,359994
2026-07-31 15:36:00-04:00,306.1199951171875,306.4100036621094,306.0799865722656,306.15899658203125,278192
2026-07-31 15:37:00-04:00,306.1549987792969,306.1600036621094,305.8500061035156,305.9601135253906,263508
2026-07-31 15:38:00-04:00,305.9700012207031,306.08319091796875,305.8500061035156,305.864990234375,209496
2026-07-31 15:39:00-04:00,305.85009765625,305.8699951171875,305.0199890136719,305.1400146484375,334159
2026-07-31 15:40:00-04:00,305.1400146484375,305.9599914550781,305.1099853515625,305.9190979003906,334913
2026-07-31 15:41:00-04:00,305.9100036621094,306.010009765625,305.8299865722656,305.9100036621094,280725
2026-07-31 15:42:00-04:00,305.9200134277344,306.2699890136719,305.9100036621094,306.19000244140625,369428
2026-07-31 15:43:00-04:00,306.20001220703125,306.49969482421875,306.1997985839844,306.30999755859375,352480
2026-07-31 15:44:00-04:00,306.30999755859375,306.6199951171875,306.239990234375,306.5350036621094,353353
2026-07-31 15:45:00-04:00,306.5400085449219,306.6300048828125,306.3999938964844,306.62969970703125,359258
2026-07-31 15:46:00-04:00,306.6199951171875,307.3299865722656,306.6199951171875,306.75,765716
2026-07-31 15:47:00-04:00,306.75,307.0899963378906,306.3599853515625,306.375,556159
2026-07-31 15:48:00-04:00,306.385009765625,306.8299865722656,306.2900085449219,306.5150146484375,437429
2026-07-31 15:49:00-04:00,306.510009765625,306.739990234375,306.1300048828125,306.7099914550781,477356
2026-07-31 15:50:00-04:00,306.69000244140625,308.3500061035156,306.67999267578125,307.4599914550781,1351695
2026-07-31 15:51:00-04:00,307.4750061035156,307.5299987792969,306.9100036621094,307.0350036621094,726662
2026-07-31 15:52:00-04:00,307.0400085449219,307.1400146484375,306.67999267578125,306.8349914550781,583348
2026-07-31 15:53:00-04:00,306.82000732421875,308.19000244140625,306.79998779296875,308.19000244140625,830038
2026-07-31 15:54:00-04:00,308.19000244140625,309.9999084472656,308.1499938964844,309.7200012207031,1607407
2026-07-31 15:55:00-04:00,309.7099914550781,309.7200012207031,307.6400146484375,308.1499938964844,1386786
2026-07-31 15:56:00-04:00,308.1650085449219,308.5199890136719,307.9800109863281,308.5050048828125,906089
2026-07-31 15:57:00-04:00,308.5199890136719,309.70001220703125,308.42999267578125,309.5950012207031,1221895
2026-07-31 15:58:00-04:00,309.5899963378906,310.0799865722656,309.0249938964844,309.6401062011719,2052730
2026-07-31 15:59:00-04:00,309.6499938964844,310.6600036621094,308.44000244140625,309.0299987792969,2565164
2026-08-03 09:30:00-04:00,309.79998779296875,309.8599853515625,309.7250061035156,309.76251220703125,3149635
2026-08-03 09:31:00-04:00,309.75,310.0299987792969,305.5201110839844,306.3931884765625,777117
2026-08-03 09:32:00-04:00,306.4649963378906,306.614990234375,305.1700134277344,305.8699951171875,397489
2026-08-03 09:33:00-04:00,305.9100036621094,308.3399963378906,305.4100036621094,308.2300109863281,377688
2026-08-03 09:34:00-04:00,308.2300109863281,308.7898864746094,307.25,308.2799987792969,353318
2026-08-03 09:35:00-04:00,308.2850036621094,308.4800109863281,307.5199890136719,307.75,210010
2026-08-03 09:36:00-04:00,307.739990234375,307.9892883300781,306.92999267578125,307.2449951171875,259860
2026-08-03 09:37:00-04:00,307.19500732421875,307.30999755859375,306.4100036621094,307.0299987792969,223067
2026-08-03 09:38:00-04:00,307.0249938964844,307.71990966796875,306.70001220703125,306.8399963378906,249042
2026-08-03 09:39:00-04:00,306.8349914550781,307.6400146484375,306.739990234375,306.9200134277344,280739
2026-08-03 09:40:00-04:00,306.943115234375,308.4599914550781,306.8599853515625,307.9949951171875,337214
2026-08-03 09:41:00-04:00,307.9949951171875,308.29998779296875,307.4200134277344,307.67498779296875,227861
2026-08-03 09:42:00-04:00,307.67498779296875,307.68499755859375,307.0299987792969,307.2550048828125,134647
2026-08-03 09:43:00-04:00,307.21881103515625,307.32989501953125,306.3900146484375,306.6785888671875,239468
2026-08-03 09:44:00-04:00,306.6520080566406,306.85980224609375,306.0,306.135009765625,162569
2026-08-03 09:45:00-04:00,306.135009765625,306.4100036621094,305.5950012207031,305.75048828125,224785
2026-08-03 09:46:00-04:00,305.7799987792969,305.94000244140625,305.54998779296875,305.5950012207031,203234
2026-08-03 09:47:00-04:00,305.5950012207031,306.2243957519531,305.5950012207031,306.19500732421875,259831
2026-08-03 09:48:00-04:00,306.20001220703125,306.364990234375,305.70001220703125,305.92999267578125,258060
2026-08-03 09:49:00-04:00,305.92498779296875,306.7398986816406,305.7799987792969,306.67999267578125,154501
2026-08-03 09:50:00-04:00,306.739990234375,307.8299865722656,306.7300109863281,307.6300048828125,233527
2026-08-03 09:51:00-04:00,307.6700134277344,307.82501220703125,307.2503967285156,307.4494934082031,129987
2026-08-03 09:52:00-04:00,307.510009765625,307.510009765625,307.0199890136719,307.375,155474
2026-08-03 09:53:00-04:00,307.3699951171875,307.5199890136719,307.2601013183594,307.3399963378906,147646
2026-08-03 09:54:00-04:00,307.352294921875,308.29998779296875,307.2149963378906,308.2950134277344,240795
2026-08-03 09:55:00-04:00,308.2699890136719,308.2850036621094,307.4150085449219,307.82501220703125,181729
2026-08-03 09:56:00-04:00,307.82501220703125,307.8399963378906,307.1600036621094,307.2090148925781,194746
2026-08-03 09:57:00-04:00,307.2049865722656,307.2049865722656,306.28009033203125,306.5350036621094,190068
2026-08-03 09:58:00-04:00,306.5299987792969,306.6600036621094,306.1000061035156,306.239990234375,162856
2026-08-03 09:59:00-04:00,306.2250061035156,306.2300109863281,305.7699890136719,305.91900634765625,149478
2026-08-03 10:00:00-04:00,305.9100036621094,305.9100036621094,304.3399963378906,304.70001220703125,479510
2026-08-03 10:01:00-04:00,304.71990966796875,305.1199951171875,304.5899963378906,304.7200012207031,331332
2026-08-03 10:02:00-04:00,304.7250061035156,305.2900085449219,304.6636047363281,304.7200012207031,283321
2026-08-03 10:03:00-04:00,304.7049865722656,304.94879150390625,304.6099853515625,304.8251037597656,195009
2026-08-03 10:04:00-04:00,304.8251037597656,304.8399963378906,304.44000244140625,304.6000061035156,178759
2026-08-03 10:05:00-04:00,304.585693359375,304.7898864746094,304.4949951171875,304.4949951171875,143535
2026-08-03 10:06:00-04:00,304.5,304.69000244140625,304.3900146484375,304.45001220703125,164835
2026-08-03 10:07:00-04:00,304.4599914550781,304.86749267578125,304.4501037597656,304.86749267578125,140411
2026-08-03 10:08:00-04:00,304.8699951171875,305.07000732421875,304.67999267578125,304.7149963378906,226830
2026-08-03 10:09:00-04:00,304.760009765625,305.6300048828125,304.69500732421875,305.5299987792969,163920
2026-08-03 10:10:00-04:00,305.5199890136719,305.6700134277344,305.04998779296875,305.55999755859375,216610
2026-08-03 10:11:00-04:00,305.57000732421875,305.6650085449219,305.29998779296875,305.57501220703125,154686
2026-08-03 10:12:00-04:00,305.5350036621094,305.5350036621094,305.20001220703125,305.4400939941406,117469
2026-08-03 10:13:00-04:00,305.4599914550781,305.989990234375,305.4184875488281,305.989990234375,151459
2026-08-03 10:14:00-04:00,306.0,306.6700134277344,305.82501220703125,306.510009765625,193928
2026-08-03 10:15:00-04:00,306.5050048828125,307.21551513671875,306.4100036621094,306.989990234375,192372
2026-08-03 10:16:00-04:00,307.0,307.0491027832031,306.17999267578125,306.3351135253906,159980
2026-08-03 10:17:00-04:00,306.3450012207031,306.67999267578125,306.05999755859375,306.40948486328125,104553
2026-08-03 10:18:00-04:00,306.3699951171875,306.47698974609375,306.1099853515625,306.29998779296875,87242
2026-08-03 10:19:00-04:00,306.2950134277344,306.3900146484375,306.1499938964844,306.2149963378906,88643
2026-08-03 10:20:00-04:00,306.2149963378906,306.32000732421875,305.6650085449219,305.7200012207031,184168
2026-08-03 10:21:00-04:00,305.7349853515625,306.0,305.5950012207031,305.8533935546875,140804
2026-08-03 10:22:00-04:00,305.875,306.0,305.6099853515625,305.69000244140625,145102
2026-08-03 10:23:00-04:00,305.69000244140625,305.95989990234375,305.625,305.82000732421875,159330
2026-08-03 10:24:00-04:00,305.8299865722656,306.1199951171875,305.7850036621094,306.010009765625,91024
2026-08-03 10:25:00-04:00,306.010009765625,306.0199890136719,305.75,305.75,82383
2026-08-03 10:26:00-04:00,305.760009765625,305.82000732421875,305.510009765625,305.6499938964844,106349
2026-08-03 10:27:00-04:00,305.6400146484375,305.8299865722656,305.6400146484375,305.6401062011719,64161
2026-08-03 10:28:00-04:00,305.6449890136719,305.7300109863281,305.5201110839844,305.7300109863281,101086
2026-08-03 10:29:00-04:00,305.7200927734375,305.7200927734375,305.55010986328125,305.55010986328125,66617
2026-08-03 10:30:00-04:00,305.54998779296875,305.6000061035156,305.5,305.59100341796875,112034
2026-08-03 10:31:00-04:00,305.5950927734375,305.635009765625,305.5,305.56988525390625,127912
2026-08-03 10:32:00-04:00,305.57000732421875,305.67999267578125,305.3299865722656,305.3349914550781,167609
2026-08-03 10:33:00-04:00,305.3349914550781,305.5899963378906,305.29998779296875,305.44500732421875,123042
2026-08-03 10:34:00-04:00,305.44500732421875,305.6499938964844,305.25,305.625,180288
2026-08-03 10:35:00-04:00,305.639892578125,305.8900146484375,305.50421142578125,305.82501220703125,117956
2026-08-03 10:36:00-04:00,305.8200988769531,306.177001953125,305.82000732421875,306.0849914550781,139605
2026-08-03 10:37:00-04:00,306.08599853515625,306.08599853515625,305.7349853515625,305.80999755859375,142539
2026-08-03 10:38:00-04:00,305.82000732421875,305.84991455078125,305.3999938964844,305.614990234375,150153
2026-08-03 10:39:00-04:00,305.6099853515625,305.7099914550781,305.4100036621094,305.5000915527344,201821
2026-08-03 10:40:00-04:00,305.5150146484375,305.6549987792969,305.340087890625,305.44500732421875,130547
2026-08-03 10:41:00-04:00,305.44500732421875,305.7777099609375,305.41009521484375,305.68499755859375,117966
2026-08-03 10:42:00-04:00,305.68499755859375,305.75,305.54998779296875,305.7250061035156,76906
2026-08-03 10:43:00-04:00,305.7250061035156,305.8999938964844,305.6700134277344,305.80999755859375,108697
2026-08-03 10:44:00-04:00,305.80999755859375,305.8900146484375,305.739990234375,305.7550048828125,70788
2026-08-03 10:45:00-04:00,305.7550048828125,306.44000244140625,305.7550048828125,306.2601013183594,160732
2026-08-03 10:46:00-04:00,306.2650146484375,306.2650146484375,305.8800964355469,305.93499755859375,131351
2026-08-03 10:47:00-04:00,305.93499755859375,306.0299987792969,305.614990234375,305.6199951171875,149971
2026-08-03 10:48:00-04:00,305.614990234375,305.6499938964844,305.3599853515625,305.3599853515625,209975
2026-08-03 10:49:00-04:00,305.360107421875,305.6199951171875,305.0801086425781,305.2799987792969,220493
2026-08-03 10:50:00-04:00,305.2799987792969,305.489990234375,305.2349853515625,305.3699951171875,128840
2026-08-03 10:51:00-04:00,305.3699951171875,305.6000061035156,305.30499267578125,305.4150085449219,147400
2026-08-03 10:52:00-04:00,305.4200134277344,305.7900085449219,305.4200134277344,305.7850036621094,128329
2026-08-03 10:53:00-04:00,305.7850036621094,305.9700012207031,305.5950012207031,305.69000244140625,151846
2026-08-03 10:54:00-04:00,305.69000244140625,305.7099914550781,305.4049987792969,305.4100036621094,97845
2026-08-03 10:55:00-04:00,305.4150085449219,305.6600036621094,305.1705017089844,305.1705017089844,175394
2026-08-03 10:56:00-04:00,305.1650085449219,305.2796936035156,305.0400085449219,305.2699890136719,161542
2026-08-03 10:57:00-04:00,305.2699890136719,305.279296875,305.0201110839844,305.110107421875,97915
2026-08-03 10:58:00-04:00,305.114990234375,305.43499755859375,305.1000061035156,305.17999267578125,144719
2026-08-03 10:59:00-04:00,305.19500732421875,305.4599914550781,305.1050109863281,305.3500061035156,117846
2026-08-03 11:00:00-04:00,305.3450012207031,305.4700012207031,305.2799987792969,305.3349914550781,96421
2026-08-03 11:01:00-04:00,305.3301086425781,305.4100036621094,304.8544921875,304.8599853515625,284990
2026-08-03 11:02:00-04:00,304.8590087890625,305.55999755859375,304.8122863769531,305.4949951171875,254862
2026-08-03 11:03:00-04:00,305.4949951171875,305.6700134277344,305.1199951171875,305.32611083984375,232789
2026-08-03 11:04:00-04:00,305.29998779296875,305.4649963378906,304.9507141113281,304.9649963378906,144160
2026-08-03 11:05:00-04:00,304.95001220703125,305.0299987792969,304.79998779296875,304.80010986328125,181511
2026-08-03 11:06:00-04:00,304.8096923828125,304.8500061035156,304.67999267578125,304.7550048828125,212705
2026-08-03 11:07:00-04:00,304.7550048828125,304.8999938964844,304.6000061035156,304.7998962402344,145271
2026-08-03 11:08:00-04:00,304.7950134277344,305.0899963378906,304.7200012207031,304.7650146484375,146615
2026-08-03 11:09:00-04:00,304.760009765625,304.9493103027344,304.6600036621094,304.8900146484375,80962
2026-08-03 11:10:00-04:00,304.8949890136719,305.07000732421875,304.86749267578125,305.0,185319
2026-08-03 11:11:00-04:00,305.0,305.1700134277344,304.8999938964844,305.1549987792969,137839
2026-08-03 11:12:00-04:00,305.1549987792969,305.489990234375,305.05499267578125,305.3800048828125,189910
2026-08-03 11:13:00-04:00,305.3900146484375,305.4800109863281,305.0199890136719,305.3599853515625,143106
2026-08-03 11:14:00-04:00,305.375,305.4800109863281,305.1300048828125,305.1571960449219,112340
2026-08-03 11:15:00-04:00,305.1499938964844,305.44000244140625,305.1099853515625,305.25,99677
2026-08-03 11:16:00-04:00,305.260009765625,305.3940124511719,305.17498779296875,305.385009765625,56147
2026-08-03 11:17:00-04:00,305.385009765625,305.79998779296875,305.32501220703125,305.4200134277344,168285
2026-08-03 11:18:00-04:00,305.4150085449219,305.6400146484375,305.3949890136719,305.4049987792969,116304
2026-08-03 11:19:00-04:00,305.3999938964844,305.3999938964844,305.1000061035156,305.19000244140625,602237
2026-08-03 11:20:00-04:00,305.19500732421875,305.2099914550781,304.79998779296875,304.8699951171875,196524
2026-08-03 11:21:00-04:00,304.8591003417969,305.010009765625,304.7950134277344,304.9809875488281,110205
2026-08-03 11:22:00-04:00,304.9849853515625,305.04998779296875,304.8349914550781,304.95001220703125,145534
2026-08-03 11:23:00-04:00,304.95001220703125,305.04998779296875,304.7200012207031,304.93011474609375,144540
2026-08-03 11:24:00-04:00,304.93499755859375,305.04998779296875,304.82000732421875,304.8949890136719,110053
2026-08-03 11:25:00-04:00,304.8949890136719,304.8949890136719,304.6900939941406,304.7099914550781,175836
2026-08-03 11:26:00-04:00,304.7099914550781,304.739990234375,304.3399963378906,304.4064025878906,165431
2026-08-03 11:27:00-04:00,304.3500061035156,304.3500061035156,304.0,304.17999267578125,385047
2026-08-03 11:28:00-04:00,304.17498779296875,304.19000244140625,303.989990234375,303.9949951171875,177720
2026-08-03 11:29:00-04:00,303.9949951171875,304.2799987792969,303.8999938964844,304.2149963378906,118029
2026-08-03 11:30:00-04:00,304.2149963378906,304.2300109863281,303.95001220703125,303.95599365234375,144986
2026-08-03 11:31:00-04:00,303.94000244140625,303.95001220703125,303.6499938964844,303.65008544921875,205499
2026-08-03 11:32:00-04:00,303.6199951171875,303.9599914550781,303.6000061035156,303.9150085449219,219498
2026-08-03 11:33:00-04:00,303.9100036621094,303.95001220703125,303.5899963378906,303.614990234375,129141
2026-08-03 11:34:00-04:00,303.6099853515625,303.7550048828125,303.5,303.6199951171875,138741
2026-08-03 11:35:00-04:00,303.625,303.760009765625,303.6000061035156,303.6600036621094,95210
2026-08-03 11:36:00-04:00,303.67999267578125,304.1300048828125,303.6700134277344,304.110107421875,118782
2026-08-03 11:37:00-04:00,304.114990234375,304.3949890136719,304.1099853515625,304.2149963378906,151446
2026-08-03 11:38:00-04:00,304.2149963378906,304.2900085449219,304.07000732421875,304.1050109863281,100688
2026-08-03 11:39:00-04:00,304.1050109863281,304.1499938964844,303.79998779296875,303.8089904785156,112479
2026-08-03 11:40:00-04:00,303.80999755859375,303.8800048828125,303.68499755859375,303.7430114746094,120082
2026-08-03 11:41:00-04:00,303.7449951171875,303.760009765625,303.55999755859375,303.67999267578125,112636
2026-08-03 11:42:00-04:00,303.6899108886719,303.6899108886719,303.2300109863281,303.239990234375,162154
2026-08-03 11:43:00-04:00,303.25,303.2900085449219,303.17999267578125,303.2001037597656,159118
2026-08-03 11:44:00-04:00,303.2049865722656,303.2499084472656,303.110107421875,303.16009521484375,140565
2026-08-03 11:45:00-04:00,303.1650085449219,303.1698913574219,303.010009765625,303.010009765625,122437
2026-08-03 11:46:00-04:00,303.0150146484375,303.1099853515625,302.7200012207031,302.7250061035156,196325
2026-08-03 11:47:00-04:00,302.7250061035156,302.760009765625,302.55999755859375,302.69500732421875,160253
2026-08-03 11:48:00-04:00,302.69500732421875,302.8699035644531,302.6600036621094,302.8599853515625,108669
2026-08-03 11:49:00-04:00,302.8699951171875,302.94000244140625,302.75,302.7510986328125,101215
2026-08-03 11:50:00-04:00,302.7550048828125,302.95989990234375,302.7449951171875,302.8662109375,103873
2026-08-03 11:51:00-04:00,302.864990234375,303.127685546875,302.840087890625,303.1090087890625,102150
2026-08-03 11:52:00-04:00,303.1099853515625,303.19000244140625,302.9100036621094,302.94000244140625,112895
2026-08-03 11:53:00-04:00,302.93499755859375,303.0400085449219,302.8599853515625,303.0050048828125,85266
2026-08-03 11:54:00-04:00,303.0098876953125,303.0910949707031,302.8999938964844,303.0849914550781,68439
2026-08-03 11:55:00-04:00,303.0849914550781,303.25,303.0801086425781,303.2149963378906,106167
2026-08-03 11:56:00-04:00,303.2149963378906,303.42999267578125,303.17999267578125,303.31500244140625,111037
2026-08-03 11:57:00-04:00,303.32000732421875,303.5,303.32000732421875,303.489990234375,100976
2026-08-03 11:58:00-04:00,303.489990234375,303.6600036621094,303.4700012207031,303.5299987792969,101395
2026-08-03 11:59:00-04:00,303.54998779296875,303.7900085449219,303.5299987792969,303.7749938964844,113725
2026-08-03 12:00:00-04:00,303.7749938964844,304.05938720703125,303.7701110839844,304.0350036621094,122813
2026-08-03 12:01:00-04:00,304.0400085449219,304.1199951171875,303.7749938964844,303.92498779296875,185345
2026-08-03 12:02:00-04:00,303.92498779296875,304.1199951171875,303.7300109863281,304.0849914550781,134597
2026-08-03 12:03:00-04:00,304.0849914550781,304.1300048828125,303.82501220703125,304.114990234375,114214
2026-08-03 12:04:00-04:00,304.1099853515625,304.44000244140625,304.0899963378906,304.33990478515625,116831
2026-08-03 12:05:00-04:00,304.3349914550781,304.3999938964844,304.0350036621094,304.2908935546875,304665
2026-08-03 12:06:00-04:00,304.29998779296875,304.42999267578125,304.25,304.42498779296875,86077
2026-08-03 12:07:00-04:00,304.42498779296875,304.95001220703125,304.4100036621094,304.9399108886719,170186
2026-08-03 12:08:00-04:00,304.94000244140625,305.0400085449219,304.5,304.5,213285
2026-08-03 12:09:00-04:00,304.5199890136719,304.5199890136719,304.1000061035156,304.1099853515625,179808
2026-08-03 12:10:00-04:00,304.1050109863281,304.31500244140625,304.1050109863281,304.31500244140625,97680
2026-08-03 12:11:00-04:00,304.3125,304.3599853515625,304.0400085449219,304.07501220703125,128740
2026-08-03 12:12:00-04:00,304.07501220703125,304.0799865722656,303.75,303.85760498046875,127223
2026-08-03 12:13:00-04:00,303.8550109863281,303.8699951171875,303.7349853515625,303.8550109863281,92369
2026-08-03 12:14:00-04:00,303.8550109863281,304.05999755859375,303.840087890625,304.04010009765625,110512
2026-08-03 12:15:00-04:00,304.0450134277344,304.3800048828125,304.0400085449219,304.3550109863281,161042
2026-08-03 12:16:00-04:00,304.36199951171875,304.4798889160156,304.25,304.32000732421875,102899
2026-08-03 12:17:00-04:00,304.3301086425781,304.3349914550781,304.2099914550781,304.2651062011719,73629
2026-08-03 12:18:00-04:00,304.2650146484375,304.2850036621094,304.1549987792969,304.2850036621094,80147
2026-08-03 12:19:00-04:00,304.2850036621094,304.5299987792969,304.2650146484375,304.4599914550781,122456
2026-08-03 12:20:00-04:00,304.45098876953125,304.7200012207031,304.45001220703125,304.7099914550781,110547
2026-08-03 12:21:00-04:00,304.7099914550781,304.79998779296875,304.69000244140625,304.79998779296875,101261
2026-08-03 12:22:00-04:00,304.80999755859375,304.8900146484375,304.7972106933594,304.82501220703125,84647
2026-08-03 12:23:00-04:00,304.82501220703125,305.17999267578125,304.7799987792969,304.7850036621094,175823
2026-08-03 12:24:00-04:00,304.78900146484375,305.1499938964844,304.70001220703125,305.1449890136719,137386
2026-08-03 12:25:00-04:00,305.1449890136719,305.5,305.04998779296875,305.42498779296875,137395
2026-08-03 12:26:00-04:00,305.4200134277344,306.0799865722656,305.4200134277344,305.885009765625,236470
2026-08-03 12:27:00-04:00,305.8800964355469,306.05999755859375,305.7850036621094,306.05499267578125,176386
2026-08-03 12:28:00-04:00,306.05499267578125,306.1799011230469,305.93499755859375,306.1700134277344,171000
2026-08-03 12:29:00-04:00,306.1700134277344,306.3599853515625,306.0400085449219,306.3599853515625,156281
2026-08-03 12:30:00-04:00,306.3500061035156,306.6199951171875,306.3500061035156,306.4800109863281,250916
2026-08-03 12:31:00-04:00,306.489990234375,306.8900146484375,306.4700012207031,306.739990234375,206915
2026-08-03 12:32:00-04:00,306.7301025390625,306.8699951171875,306.50030517578125,306.5989990234375,172137
2026-08-03 12:33:00-04:00,306.5950012207031,306.6499938964844,306.5299987792969,306.6099853515625,117047
2026-08-03 12:34:00-04:00,306.6099853515625,306.6499938964844,306.41009521484375,306.41009521484375,147586
2026-08-03 12:35:00-04:00,306.4100036621094,306.4100036621094,306.1499938964844,306.20001220703125,194503
2026-08-03 12:36:00-04:00,306.17999267578125,306.32000732421875,306.0450134277344,306.2637023925781,120491
2026-08-03 12:37:00-04:00,306.2799987792969,306.6400146484375,306.2799987792969,306.635009765625,99852
2026-08-03 12:38:00-04:00,306.635009765625,306.80999755859375,306.50250244140625,306.54998779296875,128619
2026-08-03 12:39:00-04:00,306.5378112792969,306.8800048828125,306.4200134277344,306.875,112205
2026-08-03 12:40:00-04:00,306.8799133300781,307.1099853515625,306.7950134277344,306.95001220703125,161343
2026-08-03 12:41:00-04:00,306.9700012207031,307.1698913574219,306.95001220703125,307.135009765625,111047
2026-08-03 12:42:00-04:00,307.1400146484375,307.17999267578125,307.0299987792969,307.05999755859375,121468
2026-08-03 12:43:00-04:00,307.05499267578125,307.0899963378906,306.92999267578125,306.9649963378906,106725
2026-08-03 12:44:00-04:00,306.9949951171875,306.9949951171875,306.5199890136719,306.6600036621094,140993
2026-08-03 12:45:00-04:00,306.6690979003906,306.6700134277344,306.4049987792969,306.43218994140625,101046
2026-08-03 12:46:00-04:00,306.44000244140625,306.45001220703125,306.1400146484375,306.2550048828125,101145
2026-08-03 12:47:00-04:00,306.2550048828125,306.32000732421875,306.1600036621094,306.18499755859375,103130
2026-08-03 12:48:00-04:00,306.18499755859375,306.2300109863281,305.8999938964844,305.9599914550781,124963
2026-08-03 12:49:00-04:00,305.9599914550781,306.2099914550781,305.9599914550781,306.2049865722656,77702
2026-08-03 12:50:00-04:00,306.2099914550781,306.3800048828125,306.1449890136719,306.375,103194
2026-08-03 12:51:00-04:00,306.37640380859375,306.6600036621094,306.3699951171875,306.5400085449219,113092
2026-08-03 12:52:00-04:00,306.5450134277344,306.7699890136719,306.4700012207031,306.5849914550781,281526
2026-08-03 12:53:00-04:00,306.5799865722656,306.70001220703125,306.5199890136719,306.6900939941406,79243
2026-08-03 12:54:00-04:00,306.69500732421875,306.7200012207031,306.32501220703125,306.55499267578125,72095
2026-08-03 12:55:00-04:00,306.56988525390625,306.6700134277344,306.42498779296875,306.5050048828125,60591
2026-08-03 12:56:00-04:00,306.5000915527344,306.510009765625,306.35009765625,306.4700012207031,57957
2026-08-03 12:57:00-04:00,306.4700012207031,306.4999084472656,306.3800048828125,306.4949951171875,57104
2026-08-03 12:58:00-04:00,306.4949951171875,306.6099853515625,306.4049987792969,306.4800109863281,79090
2026-08-03 12:59:00-04:00,306.4750061035156,306.6499938964844,306.43499755859375,306.6099853515625,47958
2026-08-03 13:00:00-04:00,306.614990234375,306.6499938964844,306.3999938964844,306.44000244140625,74260
2026-08-03 13:01:00-04:00,306.44500732421875,306.5,306.44500732421875,306.4999084472656,39461
2026-08-03 13:02:00-04:00,306.4949951171875,306.5,306.3699951171875,306.4551086425781,80577
2026-08-03 13:03:00-04:00,306.4549865722656,306.6600036621094,306.42498779296875,306.635009765625,66306
2026-08-03 13:04:00-04:00,306.63018798828125,306.94500732421875,306.5849914550781,306.94500732421875,97071
2026-08-03 13:05:00-04:00,306.94500732421875,307.07000732421875,306.94500732421875,307.0199890136719,92904
2026-08-03 13:06:00-04:00,307.0150146484375,307.04998779296875,307.0,307.04998779296875,73462
2026-08-03 13:07:00-04:00,307.04998779296875,307.04998779296875,306.79998779296875,306.80010986328125,76674
2026-08-03 13:08:00-04:00,306.80499267578125,306.80999755859375,306.5899963378906,306.7349853515625,70182
2026-08-03 13:09:00-04:00,306.739990234375,306.8500061035156,306.739990234375,306.82501220703125,65190
2026-08-03 13:10:00-04:00,306.822509765625,306.8999938964844,306.7200012207031,306.8999938964844,87659
2026-08-03 13:11:00-04:00,306.9100036621094,307.0,306.8900146484375,306.93499755859375,65483
2026-08-03 13:12:00-04:00,306.9305114746094,306.93499755859375,306.739990234375,306.760009765625,89599
2026-08-03 13:13:00-04:00,306.760009765625,306.7900085449219,306.5299987792969,306.7300109863281,423857
2026-08-03 13:14:00-04:00,306.7300109863281,306.7300109863281,306.531005859375,306.7049865722656,78483
2026-08-03 13:15:00-04:00,306.7049865722656,306.8900146484375,306.6650085449219,306.8349914550781,75775
2026-08-03 13:16:00-04:00,306.8349914550781,307.0299072265625,306.8299865722656,306.9800109863281,102102
2026-08-03 13:17:00-04:00,306.9800109863281,307.2699890136719,306.9800109863281,307.2499084472656,105599
2026-08-03 13:18:00-04:00,307.239990234375,307.2699890136719,306.989990234375,306.9901123046875,106276
2026-08-03 13:19:00-04:00,306.9949951171875,307.1499938964844,306.9306945800781,307.0599060058594,88464
2026-08-03 13:20:00-04:00,307.05010986328125,307.05010986328125,306.80010986328125,306.9599914550781,113724
2026-08-03 13:21:00-04:00,306.9501037597656,307.04998779296875,306.8500061035156,306.885009765625,75119
2026-08-03 13:22:00-04:00,306.889892578125,307.2300109863281,306.85009765625,307.05499267578125,105679
2026-08-03 13:23:00-04:00,307.05499267578125,307.07000732421875,306.8800048828125,307.0350036621094,429973
2026-08-03 13:24:00-04:00,307.0398864746094,307.2099914550781,307.0,307.2001037597656,124712
2026-08-03 13:25:00-04:00,307.20001220703125,307.5400085449219,307.1600036621094,307.4649963378906,162326
2026-08-03 13:26:00-04:00,307.4670104980469,307.4670104980469,307.31500244140625,307.3500061035156,76341
2026-08-03 13:27:00-04:00,307.3550109863281,307.3800048828125,307.25,307.30499267578125,65249
2026-08-03 13:28:00-04:00,307.29998779296875,307.3699951171875,307.2449951171875,307.32501220703125,71295
2026-08-03 13:29:00-04:00,307.32501220703125,307.3500061035156,307.2200927734375,307.2250061035156,63562
2026-08-03 13:30:00-04:00,307.2250061035156,307.2300109863281,306.9299011230469,306.9299011230469,87923
2026-08-03 13:31:00-04:00,306.9100036621094,306.9150085449219,306.79010009765625,306.80499267578125,64714
2026-08-03 13:32:00-04:00,306.8091125488281,307.010009765625,306.80499267578125,306.8598937988281,70597
2026-08-03 13:33:00-04:00,306.8550109863281,306.909912109375,306.739990234375,306.80499267578125,87960
2026-08-03 13:34:00-04:00,306.80499267578125,306.8500061035156,306.70001220703125,306.81500244140625,83187
2026-08-03 13:35:00-04:00,306.81500244140625,306.81988525390625,306.6700134277344,306.7300109863281,81724
2026-08-03 13:36:00-04:00,306.7349853515625,306.82000732421875,306.5799865722656,306.6199035644531,94697
2026-08-03 13:37:00-04:00,306.61749267578125,306.6400146484375,306.3299865722656,306.3900146484375,86188
2026-08-03 13:38:00-04:00,306.385009765625,306.510009765625,306.19000244140625,306.4150085449219,135018
2026-08-03 13:39:00-04:00,306.4200134277344,306.5849914550781,306.4200134277344,306.5350036621094,60402
2026-08-03 13:40:00-04:00,306.5350036621094,306.760009765625,306.5299987792969,306.7449951171875,61754
2026-08-03 13:41:00-04:00,306.75,306.7850036621094,306.6300964355469,306.6310119628906,54287
2026-08-03 13:42:00-04:00,306.6400146484375,306.6899108886719,306.6199951171875,306.639892578125,55788
2026-08-03 13:43:00-04:00,306.639892578125,306.7099914550781,306.5,306.69500732421875,71792
2026-08-03 13:44:00-04:00,306.69500732421875,306.79998779296875,306.69000244140625,306.7900085449219,48066
2026-08-03 13:45:00-04:00,306.7799987792969,306.7898864746094,306.67999267578125,306.7349853515625,60974
2026-08-03 13:46:00-04:00,306.7349853515625,306.7499084472656,306.6000061035156,306.6409912109375,51032
2026-08-03 13:47:00-04:00,306.6401062011719,306.64990234375,306.489990234375,306.55999755859375,56337
2026-08-03 13:48:00-04:00,306.55499267578125,306.55499267578125,306.30999755859375,306.30999755859375,67665
2026-08-03 13:49:00-04:00,306.3196105957031,306.3196105957031,306.12060546875,306.2499084472656,124114
2026-08-03 13:50:00-04:00,306.25,306.3800048828125,306.25,306.31988525390625,71316
2026-08-03 13:51:00-04:00,306.31500244140625,306.3999938964844,306.30999755859375,306.31500244140625,51438
2026-08-03 13:52:00-04:00,306.31500244140625,306.3699035644531,306.29998779296875,306.3450012207031,45364
2026-08-03 13:53:00-04:00,306.340087890625,306.3500061035156,305.9599914550781,305.9649963378906,98132
2026-08-03 13:54:00-04:00,305.9649963378906,306.0199890136719,305.8999938964844,305.9501037597656,80018
2026-08-03 13:55:00-04:00,305.95098876953125,305.9551086425781,305.5801086425781,305.6650085449219,104495
2026-08-03 13:56:00-04:00,305.6650085449219,305.7499084472656,305.53009033203125,305.7300109863281,113280
2026-08-03 13:57:00-04:00,305.7250061035156,305.9800109863281,305.6499938964844,305.9574890136719,163126
2026-08-03 13:58:00-04:00,305.9549865722656,306.1000061035156,305.8800964355469,306.0849914550781,103167
2026-08-03 13:59:00-04:00,306.0849914550781,306.17999267578125,306.010009765625,306.07501220703125,88068
2026-08-03 14:00:00-04:00,306.07110595703125,306.2550048828125,306.05010986328125,306.2309875488281,95046
2026-08-03 14:01:00-04:00,306.2349853515625,306.44000244140625,306.2250061035156,306.3550109863281,90054
2026-08-03 14:02:00-04:00,306.3599853515625,306.44000244140625,306.0299987792969,306.19500732421875,88575
2026-08-03 14:03:00-04:00,306.2099914550781,306.260009765625,306.010009765625,306.125,69139
2026-08-03 14:04:00-04:00,306.1289978027344,306.2200012207031,306.0350036621094,306.20001220703125,122638
2026-08-03 14:05:00-04:00,306.19500732421875,306.2099914550781,306.07000732421875,306.0899963378906,84946
2026-08-03 14:06:00-04:00,306.0899963378906,306.2699890136719,306.0899963378906,306.2550048828125,81027
2026-08-03 14:07:00-04:00,306.2550048828125,306.3599853515625,305.8949890136719,306.0000915527344,164362
2026-08-03 14:08:00-04:00,306.00408935546875,306.1600036621094,306.0,306.0436096191406,57298
2026-08-03 14:09:00-04:00,306.04010009765625,306.04998779296875,305.9200134277344,306.0450134277344,62637
2026-08-03 14:10:00-04:00,306.04010009765625,306.0899963378906,305.9700012207031,305.9849853515625,74363
2026-08-03 14:11:00-04:00,305.9849853515625,306.0799865722656,305.9849853515625,306.0010070800781,52947
2026-08-03 14:12:00-04:00,306.0050048828125,306.19500732421875,305.9049987792969,305.9049987792969,136672
2026-08-03 14:13:00-04:00,305.9049987792969,306.0799865722656,305.8349914550781,306.07501220703125,85635
2026-08-03 14:14:00-04:00,306.07501220703125,306.1099853515625,305.9400939941406,305.9849853515625,67784
2026-08-03 14:15:00-04:00,305.989990234375,306.239990234375,305.989990234375,306.2298889160156,61298
2026-08-03 14:16:00-04:00,306.2300109863281,306.3900146484375,306.2298889160156,306.375,73940
2026-08-03 14:17:00-04:00,306.3699951171875,306.3699951171875,306.19000244140625,306.19000244140625,85476
2026-08-03 14:18:00-04:00,306.19000244140625,306.20001220703125,306.1600036621094,306.1650085449219,48281
2026-08-03 14:19:00-04:00,306.1650085449219,306.260009765625,306.010009765625,306.24249267578125,63847
2026-08-03 14:20:00-04:00,306.2449951171875,306.2900085449219,306.1300048828125,306.1549987792969,51870
2026-08-03 14:21:00-04:00,306.15008544921875,306.2699890136719,306.114990234375,306.239990234375,36352
2026-08-03 14:22:00-04:00,306.2349853515625,306.260009765625,306.1507873535156,306.1724853515625,55399
2026-08-03 14:23:00-04:00,306.1700134277344,306.2049865722656,306.1099853515625,306.15008544921875,69805
2026-08-03 14:24:00-04:00,306.15008544921875,306.159912109375,305.95001220703125,305.95001220703125,57906
2026-08-03 14:25:00-04:00,305.9549865722656,306.05999755859375,305.9549865722656,306.0350036621094,44128
2026-08-03 14:26:00-04:00,306.0299987792969,306.0375061035156,305.8900146484375,305.9049987792969,81217
2026-08-03 14:27:00-04:00,305.9049987792969,305.94000244140625,305.7250061035156,305.7601013183594,81415
2026-08-03 14:28:00-04:00,305.7601013183594,305.7699890136719,305.55999755859375,305.5799865722656,79530
2026-08-03 14:29:00-04:00,305.5899963378906,305.6000061035156,305.5,305.5202941894531,100742
2026-08-03 14:30:00-04:00,305.5299987792969,305.6300048828125,305.3800048828125,305.44500732421875,86691
2026-08-03 14:31:00-04:00,305.44500732421875,305.7200012207031,305.44500732421875,305.68011474609375,76607
2026-08-03 14:32:00-04:00,305.69000244140625,305.8450012207031,305.67999267578125,305.7843933105469,72019
2026-08-03 14:33:00-04:00,305.78009033203125,305.8099060058594,305.5,305.55999755859375,96503
2026-08-03 14:34:00-04:00,305.57000732421875,305.70001220703125,305.5400085449219,305.59991455078125,63650
2026-08-03 14:35:00-04:00,305.590087890625,305.6499938964844,305.4649963378906,305.55499267578125,71335
2026-08-03 14:36:00-04:00,305.55499267578125,305.55999755859375,305.42999267578125,305.4700012207031,72990
2026-08-03 14:37:00-04:00,305.4700012207031,305.510009765625,305.45001220703125,305.4750061035156,53611
2026-08-03 14:38:00-04:00,305.4750061035156,305.489990234375,305.30999755859375,305.375,88980
2026-08-03 14:39:00-04:00,305.375,305.3999938964844,305.2699890136719,305.2799987792969,163791
2026-08-03 14:40:00-04:00,305.2699890136719,305.3599853515625,305.0199890136719,305.3599853515625,172704
2026-08-03 14:41:00-04:00,305.3599853515625,305.489990234375,305.2200012207031,305.2300109863281,104647
2026-08-03 14:42:00-04:00,305.2200927734375,305.2243957519531,305.1099853515625,305.11358642578125,65373
2026-08-03 14:43:00-04:00,305.10009765625,305.1499938964844,305.0400085449219,305.0849914550781,98088
2026-08-03 14:44:00-04:00,305.0851135253906,305.1099853515625,305.07000732421875,305.0849914550781,57369
2026-08-03 14:45:00-04:00,305.0849914550781,305.0899963378906,304.8999938964844,304.95001220703125,173498
2026-08-03 14:46:00-04:00,304.94500732421875,305.17999267578125,304.94500732421875,305.17498779296875,111433
2026-08-03 14:47:00-04:00,305.17999267578125,305.2449951171875,305.110107421875,305.2300109863281,58513
2026-08-03 14:48:00-04:00,305.2349853515625,305.2749938964844,305.07000732421875,305.0849914550781,71725
2026-08-03 14:49:00-04:00,305.0889892578125,305.0889892578125,304.9599914550781,305.0400085449219,77374
2026-08-03 14:50:00-04:00,305.0400085449219,305.07000732421875,305.0,305.0,89378
2026-08-03 14:51:00-04:00,304.9949951171875,305.0450134277344,304.9549865722656,305.0249938964844,74619
2026-08-03 14:52:00-04:00,305.0249938964844,305.1300048828125,305.0101013183594,305.1300048828125,55496
2026-08-03 14:53:00-04:00,305.1400146484375,305.2898864746094,305.135009765625,305.1600036621094,62061
2026-08-03 14:54:00-04:00,305.1549987792969,305.3500061035156,305.110107421875,305.1300048828125,94637
2026-08-03 14:55:00-04:00,305.1400146484375,305.25,305.11248779296875,305.25,59418
2026-08-03 14:56:00-04:00,305.2550048828125,305.2950134277344,305.17498779296875,305.2749938964844,150749
2026-08-03 14:57:00-04:00,305.2749938964844,305.30999755859375,305.2250061035156,305.2749938964844,54836
2026-08-03 14:58:00-04:00,305.2799072265625,305.5690002441406,305.2699890136719,305.53948974609375,72307
2026-08-03 14:59:00-04:00,305.5299987792969,305.57000732421875,305.20001220703125,305.2099914550781,117542
2026-08-03 15:00:00-04:00,305.2099914550781,305.29998779296875,305.1449890136719,305.2898864746094,113555
2026-08-03 15:01:00-04:00,305.2900085449219,305.3699951171875,305.2500915527344,305.2550048828125,38964
2026-08-03 15:02:00-04:00,305.260009765625,305.5899963378906,305.19500732421875,305.57501220703125,84570
2026-08-03 15:03:00-04:00,305.57501220703125,305.57989501953125,305.31500244140625,305.31500244140625,74126
2026-08-03 15:04:00-04:00,305.31500244140625,305.510009765625,305.29998779296875,305.44000244140625,63970
2026-08-03 15:05:00-04:00,305.45001220703125,305.45001220703125,305.25,305.43499755859375,84345
2026-08-03 15:06:00-04:00,305.44000244140625,305.6199951171875,305.44000244140625,305.5950012207031,106474
2026-08-03 15:07:00-04:00,305.6000061035156,305.9700012207031,305.5950012207031,305.9549865722656,165080
2026-08-03 15:08:00-04:00,305.95001220703125,305.95001220703125,305.70001220703125,305.7449951171875,107574
2026-08-03 15:09:00-04:00,305.7449951171875,305.8500061035156,305.6700134277344,305.8450012207031,72748
2026-08-03 15:10:00-04:00,305.84051513671875,305.8800048828125,305.7699890136719,305.80499267578125,93673
2026-08-03 15:11:00-04:00,305.80499267578125,305.8099060058594,305.70001220703125,305.7149963378906,77472
2026-08-03 15:12:00-04:00,305.7149963378906,305.7850036621094,305.6600036621094,305.7749938964844,108309
2026-08-03 15:13:00-04:00,305.7701110839844,305.8800048828125,305.75,305.8349914550781,123867
2026-08-03 15:14:00-04:00,305.8399963378906,305.92999267578125,305.82000732421875,305.9049987792969,61960
2026-08-03 15:15:00-04:00,305.9049987792969,305.95001220703125,305.760009765625,305.7650146484375,114714
2026-08-03 15:16:00-04:00,305.7650146484375,305.8800048828125,305.760009765625,305.864990234375,73846
2026-08-03 15:17:00-04:00,305.8599853515625,305.8800048828125,305.760009765625,305.7650146484375,67869
2026-08-03 15:18:00-04:00,305.7650146484375,305.7699890136719,305.5150146484375,305.6000061035156,89184
2026-08-03 15:19:00-04:00,305.53021240234375,305.5899963378906,305.4100036621094,305.57501220703125,125692
2026-08-03 15:20:00-04:00,305.57501220703125,305.6300048828125,305.4599914550781,305.4599914550781,84137
2026-08-03 15:21:00-04:00,305.4549865722656,305.4590148925781,305.114990234375,305.1199951171875,95280
2026-08-03 15:22:00-04:00,305.1199035644531,305.1499938964844,305.010009765625,305.010009765625,129894
2026-08-03 15:23:00-04:00,305.0150146484375,305.0150146484375,304.79998779296875,304.93499755859375,180955
2026-08-03 15:24:00-04:00,304.93499755859375,305.0199890136719,304.8349914550781,305.0150146484375,123384
2026-08-03 15:25:00-04:00,305.0150146484375,305.0376892089844,304.92498779296875,304.9800109863281,95954
2026-08-03 15:26:00-04:00,304.9800109863281,305.010009765625,304.94000244140625,304.9649963378906,106889
2026-08-03 15:27:00-04:00,304.9700012207031,305.0799865722656,304.9601135253906,305.0450134277344,107854
2026-08-03 15:28:00-04:00,305.0400085449219,305.06500244140625,304.9700012207031,304.9800109863281,86151
2026-08-03 15:29:00-04:00,304.9750061035156,305.05499267578125,304.92999267578125,305.0450134277344,102495
2026-08-03 15:30:00-04:00,305.0450134277344,305.04998779296875,304.9800109863281,305.0400085449219,110302
2026-08-03 15:31:00-04:00,305.0400085449219,305.0799865722656,304.9750061035156,304.9798889160156,87267
2026-08-03 15:32:00-04:00,304.9750061035156,304.9750061035156,304.8900146484375,304.8900146484375,124678
2026-08-03 15:33:00-04:00,304.8999938964844,304.9700012207031,304.8900146484375,304.94000244140625,96234
2026-08-03 15:34:00-04:00,304.94500732421875,304.989990234375,304.8999938964844,304.9100036621094,96878
2026-08-03 15:35:00-04:00,304.9049987792969,305.04998779296875,304.8999938964844,305.0450134277344,87078
2026-08-03 15:36:00-04:00,305.0450134277344,305.04998779296875,305.0400085449219,305.0450134277344,54685
2026-08-03 15:37:00-04:00,305.0450134277344,305.04998779296875,305.0400085449219,305.0450134277344,71631
2026-08-03 15:38:00-04:00,305.0400085449219,305.04998779296875,305.0400085449219,305.0450134277344,55449
2026-08-03 15:39:00-04:00,305.0450134277344,305.04998779296875,305.0,305.0,78270
2026-08-03 15:40:00-04:00,305.0,305.010009765625,304.8900146484375,304.8949890136719,95734
2026-08-03 15:41:00-04:00,304.8900146484375,304.9100036621094,304.45001220703125,304.614990234375,402499
2026-08-03 15:42:00-04:00,304.6162109375,304.6600036621094,304.5,304.56500244140625,124078
2026-08-03 15:43:00-04:00,304.56500244140625,304.760009765625,304.56500244140625,304.7349853515625,128895
2026-08-03 15:44:00-04:00,304.7349853515625,304.848388671875,304.7300109863281,304.82501220703125,144742
2026-08-03 15:45:00-04:00,304.82501220703125,304.8251037597656,304.739990234375,304.7449951171875,107490
2026-08-03 15:46:00-04:00,304.739990234375,304.75,304.4599914550781,304.4599914550781,102238
2026-08-03 15:47:00-04:00,304.4649963378906,304.4700012207031,303.9649963378906,304.24249267578125,727047
2026-08-03 15:48:00-04:00,304.2499084472656,304.2799987792969,304.00250244140625,304.0150146484375,201227
2026-08-03 15:49:00-04:00,304.0150146484375,304.07000732421875,303.8999938964844,304.010009765625,421632
2026-08-03 15:50:00-04:00,304.0,304.5,303.739990234375,303.75,462122
2026-08-03 15:51:00-04:00,303.739990234375,303.75,303.2699890136719,303.5950012207031,430733
2026-08-03 15:52:00-04:00,303.5950012207031,303.7300109863281,303.17999267578125,303.18499755859375,430941
2026-08-03 15:53:00-04:00,303.18499755859375,303.3299865722656,303.0,303.2099914550781,575842
2026-08-03 15:54:00-04:00,303.2099914550781,303.489990234375,303.1700134277344,303.4010009765625,444772
2026-08-03 15:55:00-04:00,303.3999938964844,303.489990234375,302.8999938964844,303.02099609375,524092
2026-08-03 15:56:00-04:00,303.0249938964844,303.1300048828125,302.67999267578125,303.0299987792969,765929
2026-08-03 15:57:00-04:00,303.0350036621094,303.1300048828125,302.67999267578125,302.8699951171875,695576
2026-08-03 15:58:00-04:00,302.8550109863281,303.0,302.79998779296875,302.9549865722656,897486
2026-08-03 15:59:00-04:00,302.9599914550781,303.4700012207031,302.8999938964844,303.2699890136719,1640520
2026-08-04 09:30:00-04:00,303.7900085449219,303.7900085449219,303.7401123046875,303.7401123046875,3876428
2026-08-04 09:31:00-04:00,303.7950134277344,303.80999755859375,302.7300109863281,303.7099914550781,395213
2026-08-04 09:32:00-04:00,303.6449890136719,303.94000244140625,303.17999267578125,303.79669189453125,377056
2026-08-04 09:33:00-04:00,303.7850036621094,303.8500061035156,303.010009765625,303.7699890136719,234596
2026-08-04 09:34:00-04:00,303.76849365234375,304.489990234375,303.76849365234375,304.3399963378906,383262
2026-08-04 09:35:00-04:00,304.2900085449219,304.456787109375,303.55010986328125,303.760009765625,248337
2026-08-04 09:36:00-04:00,303.7550048828125,303.7699890136719,302.5899963378906,302.8699951171875,483491
2026-08-04 09:37:00-04:00,302.864990234375,303.44000244140625,302.5299987792969,302.8800048828125,415845
2026-08-04 09:38:00-04:00,302.8999938964844,303.3599853515625,302.45001220703125,302.5799865722656,452495
2026-08-04 09:39:00-04:00,302.5799865722656,303.3500061035156,302.5400085449219,303.2650146484375,308770
2026-08-04 09:40:00-04:00,303.260009765625,303.7900085449219,302.8999938964844,303.3800048828125,399746
2026-08-04 09:41:00-04:00,303.3999938964844,303.70989990234375,303.1401062011719,303.1700134277344,244031
2026-08-04 09:42:00-04:00,303.1400146484375,303.1600036621094,302.7099914550781,302.9200134277344,251122
2026-08-04 09:43:00-04:00,302.95001220703125,303.5199890136719,302.8599853515625,303.4849853515625,300912
2026-08-04 09:44:00-04:00,303.5,303.8900146484375,303.3399963378906,303.8399963378906,234127
2026-08-04 09:45:00-04:00,303.79998779296875,304.3699951171875,303.69000244140625,304.2253112792969,259382
2026-08-04 09:46:00-04:00,304.2799987792969,304.3500061035156,303.80999755859375,303.95928955078125,226959
2026-08-04 09:47:00-04:00,303.9200134277344,304.67999267578125,303.8999938964844,304.6000061035156,195500
2026-08-04 09:48:00-04:00,304.5799865722656,304.75,304.2900085449219,304.3299865722656,239078
2026-08-04 09:49:00-04:00,304.375,305.07000732421875,304.29998779296875,304.7550048828125,258968
2026-08-04 09:50:00-04:00,304.7200012207031,305.0199890136719,304.42999267578125,304.8999938964844,228896
2026-08-04 09:51:00-04:00,304.92999267578125,305.3699951171875,304.8900146484375,305.19000244140625,271882
2026-08-04 09:52:00-04:00,305.2099914550781,305.2799987792969,304.6099853515625,304.614990234375,218656
2026-08-04 09:53:00-04:00,304.6000061035156,304.8147888183594,304.5,304.7149963378906,119111
2026-08-04 09:54:00-04:00,304.7149963378906,304.744384765625,304.0911865234375,304.2099914550781,153421
2026-08-04 09:55:00-04:00,304.17999267578125,304.7300109863281,303.9989929199219,304.7300109863281,211854
2026-08-04 09:56:00-04:00,304.7099914550781,305.30999755859375,304.6099853515625,305.17999267578125,196700
2026-08-04 09:57:00-04:00,305.1600036621094,305.3299865722656,304.92999267578125,304.9750061035156,153591
2026-08-04 09:58:00-04:00,304.9599914550781,305.3900146484375,304.95001220703125,305.1099853515625,179213
2026-08-04 09:59:00-04:00,305.0899963378906,305.3999938964844,305.0899963378906,305.29998779296875,148104
2026-08-04 10:00:00-04:00,305.2850036621094,305.4200134277344,305.0400085449219,305.06500244140625,160311
2026-08-04 10:01:00-04:00,305.04998779296875,305.20001220703125,304.7799987792969,304.80999755859375,114659
2026-08-04 10:02:00-04:00,304.7900085449219,305.14990234375,304.7900085449219,304.95001220703125,78230
2026-08-04 10:03:00-04:00,304.9649963378906,304.989990234375,304.55999755859375,304.57501220703125,156717
2026-08-04 10:04:00-04:00,304.614990234375,304.8800048828125,304.57000732421875,304.7950134277344,102008
2026-08-04 10:05:00-04:00,304.79998779296875,304.8399963378906,304.4100036621094,304.67999267578125,105182
2026-08-04 10:06:00-04:00,304.69000244140625,304.92999267578125,304.4700012207031,304.9200134277344,121503
2026-08-04 10:07:00-04:00,304.9200134277344,304.989990234375,304.5,304.6929931640625,95897
2026-08-04 10:08:00-04:00,304.67999267578125,305.1499938964844,304.6400146484375,305.02130126953125,142081
2026-08-04 10:09:00-04:00,305.0299987792969,305.57000732421875,305.0,305.5299987792969,214173
2026-08-04 10:10:00-04:00,305.5299987792969,305.7699890136719,305.1199951171875,305.56500244140625,249246
2026-08-04 10:11:00-04:00,305.5400085449219,305.5400085449219,305.1700134277344,305.25,142426
2026-08-04 10:12:00-04:00,305.2749938964844,305.30999755859375,305.0299987792969,305.1700134277344,120152
2026-08-04 10:13:00-04:00,305.18499755859375,305.4772033691406,305.0899963378906,305.4049987792969,115227
2026-08-04 10:14:00-04:00,305.4049987792969,305.8699951171875,305.4049987792969,305.75,200176
2026-08-04 10:15:00-04:00,305.760009765625,305.9599914550781,305.7099914550781,305.95001220703125,139208
2026-08-04 10:16:00-04:00,305.9599914550781,306.37200927734375,305.8299865722656,306.32000732421875,232456
2026-08-04 10:17:00-04:00,306.3340148925781,306.6400146484375,306.25,306.6199951171875,211929
2026-08-04 10:18:00-04:00,306.6199951171875,306.760009765625,306.3320007324219,306.7200012207031,209689
2026-08-04 10:19:00-04:00,306.7049865722656,306.70989990234375,306.5,306.614990234375,169056
2026-08-04 10:20:00-04:00,306.6000061035156,306.8599853515625,306.55499267578125,306.82000732421875,197187
2026-08-04 10:21:00-04:00,306.8500061035156,306.989990234375,306.6099853515625,306.98150634765625,194170
2026-08-04 10:22:00-04:00,306.9649963378906,307.1400146484375,306.6400146484375,306.730712890625,207220
2026-08-04 10:23:00-04:00,306.7200012207031,306.8999938964844,306.67999267578125,306.80999755859375,150043
2026-08-04 10:24:00-04:00,306.7998962402344,306.95001220703125,306.7019958496094,306.7900085449219,164357
2026-08-04 10:25:00-04:00,306.7749938964844,306.9599914550781,306.6000061035156,306.75,180084
2026-08-04 10:26:00-04:00,306.739990234375,306.760009765625,306.4800109863281,306.55499267578125,173173
2026-08-04 10:27:00-04:00,306.5799865722656,306.92999267578125,306.5,306.9150085449219,128738
2026-08-04 10:28:00-04:00,306.8999938964844,306.92999267578125,306.6600036621094,306.82000732421875,129723
2026-08-04 10:29:00-04:00,306.8399963378906,306.9200134277344,306.7900085449219,306.80999755859375,99477
2026-08-04 10:30:00-04:00,306.8599853515625,306.89990234375,306.510009765625,306.55499267578125,150216
2026-08-04 10:31:00-04:00,306.55499267578125,306.5899963378906,306.28009033203125,306.4599914550781,143801
2026-08-04 10:32:00-04:00,306.4519958496094,306.5,306.1099853515625,306.1549987792969,126024
2026-08-04 10:33:00-04:00,306.1549987792969,306.3500061035156,306.07000732421875,306.20001220703125,144263
2026-08-04 10:34:00-04:00,306.2099914550781,306.3599853515625,306.1650085449219,306.2950134277344,125375
2026-08-04 10:35:00-04:00,306.2799987792969,306.3999938964844,306.20001220703125,306.389892578125,117381
2026-08-04 10:36:00-04:00,306.3900146484375,306.4800109863281,306.32000732421875,306.3301086425781,116020
2026-08-04 10:37:00-04:00,306.3800048828125,306.4502868652344,306.32000732421875,306.4132995605469,75664
2026-08-04 10:38:00-04:00,306.4200134277344,306.5,306.1600036621094,306.1600036621094,158438
2026-08-04 10:39:00-04:00,306.1700134277344,306.25,305.7699890136719,305.8550109863281,132431
2026-08-04 10:40:00-04:00,305.8550109863281,305.9068908691406,305.45001220703125,305.56500244140625,131455
2026-08-04 10:41:00-04:00,305.56500244140625,305.5799865722656,305.2250061035156,305.3299865722656,116526
2026-08-04 10:42:00-04:00,305.3399963378906,305.48651123046875,305.2900085449219,305.4200134277344,69636
2026-08-04 10:43:00-04:00,305.44000244140625,305.5,305.32000732421875,305.3450012207031,75095
2026-08-04 10:44:00-04:00,305.3599853515625,305.6098937988281,305.3399963378906,305.4800109863281,76246
2026-08-04 10:45:00-04:00,305.4750061035156,305.7049865722656,305.3999938964844,305.6499938964844,75739
2026-08-04 10:46:00-04:00,305.6499938964844,305.8399963378906,305.6099853515625,305.7699890136719,65099
2026-08-04 10:47:00-04:00,305.7850036621094,306.0400085449219,305.7850036621094,305.94500732421875,80395
2026-08-04 10:48:00-04:00,305.92999267578125,306.1700134277344,305.8800048828125,306.14990234375,69104
2026-08-04 10:49:00-04:00,306.1499938964844,306.4200134277344,306.1200866699219,306.32000732421875,90903
2026-08-04 10:50:00-04:00,306.3122863769531,306.45001220703125,306.1499938964844,306.17999267578125,87354
2026-08-04 10:51:00-04:00,306.19940185546875,306.510009765625,306.1700134277344,306.32000732421875,85017
2026-08-04 10:52:00-04:00,306.32501220703125,306.4100036621094,306.1600036621094,306.2096862792969,108499
2026-08-04 10:53:00-04:00,306.2300109863281,306.2300109863281,305.9700012207031,306.0849914550781,87816
2026-08-04 10:54:00-04:00,306.07000732421875,306.1499938964844,306.04998779296875,306.1000061035156,63093
2026-08-04 10:55:00-04:00,306.1099853515625,306.2300109863281,306.0000915527344,306.1650085449219,513033
2026-08-04 10:56:00-04:00,306.1650085449219,306.19000244140625,306.0,306.0899963378906,56575
2026-08-04 10:57:00-04:00,306.1000061035156,306.1700134277344,306.04998779296875,306.1106872558594,53183
2026-08-04 10:58:00-04:00,306.114990234375,306.1648864746094,306.04998779296875,306.1400146484375,49257
2026-08-04 10:59:00-04:00,306.1300048828125,306.25,306.0299987792969,306.2349853515625,62425
2026-08-04 11:00:00-04:00,306.25,306.25,305.9100036621094,305.92999267578125,72849
2026-08-04 11:01:00-04:00,305.92999267578125,306.20001220703125,305.8800048828125,306.0694885253906,78132
2026-08-04 11:02:00-04:00,306.05999755859375,306.0799865722656,305.9200134277344,306.0299987792969,61974
2026-08-04 11:03:00-04:00,306.03009033203125,306.159912109375,305.92999267578125,306.07000732421875,58418
2026-08-04 11:04:00-04:00,306.0801086425781,306.17999267578125,306.0799865722656,306.1400146484375,70407
2026-08-04 11:05:00-04:00,306.159912109375,306.25,306.1499938964844,306.1700134277344,80174
2026-08-04 11:06:00-04:00,306.1600036621094,306.1700134277344,306.010009765625,306.1199951171875,87039
2026-08-04 11:07:00-04:00,306.1300048828125,306.1600036621094,305.9700012207031,306.1000061035156,66809
2026-08-04 11:08:00-04:00,306.1000061035156,306.1300048828125,305.9822998046875,306.1099853515625,70749
2026-08-04 11:09:00-04:00,306.1300048828125,306.4200134277344,306.1099853515625,306.3900146484375,242859
2026-08-04 11:10:00-04:00,306.3800048828125,306.5,306.3500061035156,306.5,93654
2026-08-04 11:11:00-04:00,306.4849853515625,306.4849853515625,306.2101135253906,306.29998779296875,78745
2026-08-04 11:12:00-04:00,306.2950134277344,306.3800048828125,306.18011474609375,306.32000732421875,65165
2026-08-04 11:13:00-04:00,306.3299865722656,306.4200134277344,306.25,306.4100036621094,64612
2026-08-04 11:14:00-04:00,306.3900146484375,306.4100036621094,306.1600036621094,306.2423095703125,71871
2026-08-04 11:15:00-04:00,306.2699890136719,306.42999267578125,306.260009765625,306.4176940917969,88290
2026-08-04 11:16:00-04:00,306.44000244140625,306.44000244140625,306.1600036621094,306.1600036621094,62443
2026-08-04 11:17:00-04:00,306.1600036621094,306.16900634765625,306.0400085449219,306.1549987792969,76147
2026-08-04 11:18:00-04:00,306.1549987792969,306.2799987792969,306.1300048828125,306.20001220703125,65333
2026-08-04 11:19:00-04:00,306.19000244140625,306.19000244140625,306.010009765625,306.1000061035156,56142
2026-08-04 11:20:00-04:00,306.09991455078125,306.12969970703125,305.80999755859375,305.840087890625,83817
2026-08-04 11:21:00-04:00,305.8399963378906,305.9800109863281,305.8299865722656,305.8949890136719,82259
2026-08-04 11:22:00-04:00,305.9100036621094,306.0299987792969,305.8299865722656,305.94000244140625,75734
2026-08-04 11:23:00-04:00,305.95001220703125,306.0,305.885009765625,305.8999938964844,79417
2026-08-04 11:24:00-04:00,305.9100036621094,306.489990234375,305.8800048828125,306.4649963378906,93443
2026-08-04 11:25:00-04:00,306.45001220703125,306.5716857910156,306.3900146484375,306.3999938964844,106826
2026-08-04 11:26:00-04:00,306.3999938964844,306.44000244140625,306.2300109863281,306.3299865722656,82003
2026-08-04 11:27:00-04:00,306.3299865722656,306.3599853515625,305.95001220703125,306.0,78166
2026-08-04 11:28:00-04:00,306.0050048828125,306.0050048828125,305.6000061035156,305.7049865722656,90773
2026-08-04 11:29:00-04:00,305.7049865722656,305.7650146484375,305.6099853515625,305.67388916015625,65326
2026-08-04 11:30:00-04:00,305.6700134277344,305.8550109863281,305.6499938964844,305.739990234375,73440
2026-08-04 11:31:00-04:00,305.739990234375,305.7699890136719,305.5199890136719,305.6300048828125,65579
2026-08-04 11:32:00-04:00,305.635009765625,305.7333984375,305.57501220703125,305.6300048828125,68133
2026-08-04 11:33:00-04:00,305.625,305.70001220703125,305.489990234375,305.6177062988281,81549
2026-08-04 11:34:00-04:00,305.6199951171875,305.989990234375,305.55499267578125,305.95001220703125,77882
2026-08-04 11:35:00-04:00,305.9800109863281,306.4175109863281,305.9599914550781,306.4100036621094,74917
2026-08-04 11:36:00-04:00,306.4200134277344,306.5799865722656,306.4100036621094,306.43011474609375,82233
2026-08-04 11:37:00-04:00,306.44000244140625,306.6400146484375,306.3949890136719,306.54998779296875,82706
2026-08-04 11:38:00-04:00,306.5799865722656,306.7300109863281,306.5138854980469,306.6700134277344,126700
2026-08-04 11:39:00-04:00,306.66778564453125,306.66778564453125,306.3999938964844,306.44000244140625,59919
2026-08-04 11:40:00-04:00,306.43011474609375,306.4800109863281,306.260009765625,306.3599853515625,65151
2026-08-04 11:41:00-04:00,306.3500061035156,306.4599914550781,306.260009765625,306.2799987792969,52225
2026-08-04 11:42:00-04:00,306.2799987792969,306.3500061035156,306.19488525390625,306.2777099609375,46943
2026-08-04 11:43:00-04:00,306.2799987792969,306.310302734375,306.1600036621094,306.2900085449219,42857
2026-08-04 11:44:00-04:00,306.2831115722656,306.3500061035156,306.1199951171875,306.2598876953125,46410
2026-08-04 11:45:00-04:00,306.260009765625,306.2799987792969,306.1000061035156,306.17999267578125,56660
2026-08-04 11:46:00-04:00,306.1700134277344,306.32000732421875,306.1700134277344,306.2799987792969,47641
2026-08-04 11:47:00-04:00,306.29949951171875,306.3900146484375,306.260009765625,306.29998779296875,50083
2026-08-04 11:48:00-04:00,306.30999755859375,306.5400085449219,306.30999755859375,306.4200134277344,55913
2026-08-04 11:49:00-04:00,306.4549865722656,306.4649963378906,306.364990234375,306.3794860839844,53791
2026-08-04 11:50:00-04:00,306.3800048828125,306.5400085449219,306.3399963378906,306.52508544921875,54683
2026-08-04 11:51:00-04:00,306.510009765625,306.60699462890625,306.5002136230469,306.5199890136719,56670
2026-08-04 11:52:00-04:00,306.5201110839844,306.6700134277344,306.37750244140625,306.614990234375,94757
2026-08-04 11:53:00-04:00,306.614990234375,306.6299133300781,306.3299865722656,306.3299865722656,61869
2026-08-04 11:54:00-04:00,306.3299865722656,306.38690185546875,306.2300109863281,306.2699890136719,402112
2026-08-04 11:55:00-04:00,306.260009765625,306.2699890136719,306.1300048828125,306.19000244140625,52662
2026-08-04 11:56:00-04:00,306.18328857421875,306.35009765625,306.17498779296875,306.260009765625,69301
2026-08-04 11:57:00-04:00,306.2749938964844,306.3800048828125,306.17999267578125,306.3800048828125,50282
2026-08-04 11:58:00-04:00,306.3699951171875,306.3949890136719,306.2900085449219,306.36041259765625,50132
2026-08-04 11:59:00-04:00,306.3799133300781,306.3800048828125,306.2799987792969,306.3450012207031,34920
2026-08-04 12:00:00-04:00,306.3374938964844,306.3374938964844,306.17999267578125,306.2699890136719,50188
2026-08-04 12:01:00-04:00,306.25,306.3949890136719,306.239990234375,306.3949890136719,48920
2026-08-04 12:02:00-04:00,306.3999938964844,306.45001220703125,306.32000732421875,306.3699951171875,61599
2026-08-04 12:03:00-04:00,306.364990234375,306.42999267578125,306.30279541015625,306.3399963378906,237012
2026-08-04 12:04:00-04:00,306.3450012207031,306.3800048828125,306.1449890136719,306.1993103027344,74627
2026-08-04 12:05:00-04:00,306.19000244140625,306.25,306.0799865722656,306.1000061035156,62027
2026-08-04 12:06:00-04:00,306.090087890625,306.102294921875,305.7300109863281,305.75,74416
2026-08-04 12:07:00-04:00,305.7799072265625,305.909912109375,305.7099914550781,305.7650146484375,54332
2026-08-04 12:08:00-04:00,305.75,305.8500061035156,305.6700134277344,305.7099914550781,59054
2026-08-04 12:09:00-04:00,305.7049865722656,305.92999267578125,305.67999267578125,305.92498779296875,86792
2026-08-04 12:10:00-04:00,305.9200134277344,306.0889892578125,305.8999938964844,306.06988525390625,65723
2026-08-04 12:11:00-04:00,306.0690002441406,306.1600036621094,306.0299987792969,306.05999755859375,47656
2026-08-04 12:12:00-04:00,306.06500244140625,306.14990234375,305.9800109863281,306.135009765625,49301
2026-08-04 12:13:00-04:00,306.1400146484375,306.3900146484375,306.1199951171875,306.3450012207031,53194
2026-08-04 12:14:00-04:00,306.3450012207031,306.3699951171875,306.239990234375,306.3515930175781,61294
2026-08-04 12:15:00-04:00,306.3500061035156,306.3900146484375,306.30029296875,306.364990234375,49405
2026-08-04 12:16:00-04:00,306.364990234375,306.3900146484375,306.2099914550781,306.21099853515625,55093
2026-08-04 12:17:00-04:00,306.2099914550781,306.2099914550781,306.1099853515625,306.1700134277344,42992
2026-08-04 12:18:00-04:00,306.1600036621094,306.2123107910156,305.9800109863281,306.0,62276
2026-08-04 12:19:00-04:00,305.9949951171875,306.0199890136719,305.8299865722656,305.8699951171875,62524
2026-08-04 12:20:00-04:00,305.8699951171875,306.0,305.82000732421875,305.9599914550781,58007
2026-08-04 12:21:00-04:00,305.95001220703125,306.1199951171875,305.94500732421875,306.1050109863281,59456
2026-08-04 12:22:00-04:00,306.1099853515625,306.2200012207031,306.0400085449219,306.2049865722656,41934
2026-08-04 12:23:00-04:00,306.239990234375,306.2799987792969,306.1700134277344,306.260009765625,47495
2026-08-04 12:24:00-04:00,306.25,306.32000732421875,306.1400146484375,306.2300109863281,75592
2026-08-04 12:25:00-04:00,306.239990234375,306.7200012207031,306.17999267578125,306.6300048828125,191444
2026-08-04 12:26:00-04:00,306.6300048828125,306.70001220703125,306.42999267578125,306.42999267578125,60511
2026-08-04 12:27:00-04:00,306.4100036621094,306.468994140625,306.2850036621094,306.375,45525
2026-08-04 12:28:00-04:00,306.375,306.5636901855469,306.375,306.44500732421875,46098
2026-08-04 12:29:00-04:00,306.45001220703125,306.5199890136719,306.44000244140625,306.5050048828125,52690
2026-08-04 12:30:00-04:00,306.5050048828125,306.54998779296875,306.3931884765625,306.4750061035156,53221
2026-08-04 12:31:00-04:00,306.489990234375,306.5199890136719,306.3399963378906,306.43499755859375,45173
2026-08-04 12:32:00-04:00,306.44000244140625,306.54998779296875,306.3800048828125,306.4649963378906,48229
2026-08-04 12:33:00-04:00,306.4700012207031,306.5198974609375,306.3999938964844,306.44000244140625,35868
2026-08-04 12:34:00-04:00,306.42999267578125,306.5498962402344,306.42999267578125,306.4649963378906,50484
2026-08-04 12:35:00-04:00,306.4750061035156,306.6499938964844,306.4704895019531,306.625,76570
2026-08-04 12:36:00-04:00,306.6199951171875,306.95001220703125,306.614990234375,306.80999755859375,136692
2026-08-04 12:37:00-04:00,306.7799987792969,306.8700866699219,306.70001220703125,306.82550048828125,77622
2026-08-04 12:38:00-04:00,306.82000732421875,306.92999267578125,306.75,306.8900146484375,84880
2026-08-04 12:39:00-04:00,306.909912109375,306.909912109375,306.6600036621094,306.739990234375,98904
2026-08-04 12:40:00-04:00,306.7449951171875,306.8699951171875,306.7449951171875,306.8399963378906,82914
2026-08-04 12:41:00-04:00,306.8550109863281,306.8800048828125,306.7200012207031,306.739990234375,89218
2026-08-04 12:42:00-04:00,306.739990234375,307.3699951171875,306.7300109863281,307.3599853515625,227303
2026-08-04 12:43:00-04:00,307.3699951171875,307.6400146484375,307.36700439453125,307.5400085449219,126875
2026-08-04 12:44:00-04:00,307.54229736328125,307.8399963378906,307.54229736328125,307.7650146484375,118983
2026-08-04 12:45:00-04:00,307.739990234375,307.75,307.4599914550781,307.4800109863281,104935
2026-08-04 12:46:00-04:00,307.489990234375,307.54998779296875,307.42999267578125,307.4901123046875,61116
2026-08-04 12:47:00-04:00,307.510009765625,307.67999267578125,307.4200134277344,307.6600036621094,69002
2026-08-04 12:48:00-04:00,307.6499938964844,307.739990234375,307.6099853515625,307.68011474609375,89099
2026-08-04 12:49:00-04:00,307.67999267578125,307.989990234375,307.6600036621094,307.8999938964844,228864
2026-08-04 12:50:00-04:00,307.9590148925781,308.3349914550781,307.91009521484375,308.29998779296875,181246
2026-08-04 12:51:00-04:00,308.30499267578125,308.5299987792969,308.2699890136719,308.5201110839844,143489
2026-08-04 12:52:00-04:00,308.5299987792969,308.6000061035156,308.1199951171875,308.20001220703125,142618
2026-08-04 12:53:00-04:00,308.2049865722656,308.2200012207031,308.010009765625,308.17498779296875,98143
2026-08-04 12:54:00-04:00,308.1700134277344,308.2200012207031,308.1000061035156,308.2200012207031,91923
2026-08-04 12:55:00-04:00,308.2200012207031,308.3599853515625,308.1300048828125,308.1499938964844,90536
2026-08-04 12:56:00-04:00,308.1600036621094,308.2699890136719,308.1000061035156,308.2250061035156,89206
2026-08-04 12:57:00-04:00,308.2300109863281,308.2900085449219,308.0799865722656,308.0950012207031,0
2026-08-04 12:58:00-04:00,308.0805969238281,308.3599853515625,308.0799865722656,308.1300048828125,147708
2026-08-04 12:59:00-04:00,308.1300048828125,308.3699951171875,308.1199951171875,308.2453918457031,109053
2026-08-04 13:00:00-04:00,308.2300109863281,308.5299987792969,308.20001220703125,308.5050048828125,106186
2026-08-04 13:01:00-04:00,308.4974060058594,308.8800048828125,308.4974060058594,308.8450012207031,151749
2026-08-04 13:02:00-04:00,308.8349914550781,308.9695129394531,308.82000732421875,308.8500061035156,98599
2026-08-04 13:03:00-04:00,308.8500061035156,309.1300048828125,308.8500061035156,309.1199951171875,110479
2026-08-04 13:04:00-04:00,309.1099853515625,309.29998779296875,309.0299987792969,309.29998779296875,160239
2026-08-04 13:05:00-04:00,309.2850036621094,309.6296081542969,309.2799987792969,309.5799865722656,264650
2026-08-04 13:06:00-04:00,309.5799865722656,309.6199951171875,309.45001220703125,309.6199951171875,103353
2026-08-04 13:07:00-04:00,309.6300048828125,309.7300109863281,309.4700012207031,309.7099914550781,139801
2026-08-04 13:08:00-04:00,309.7149963378906,309.75,309.4700012207031,309.70831298828125,97276
2026-08-04 13:09:00-04:00,309.7001953125,309.7200012207031,309.510009765625,309.614990234375,75358
2026-08-04 13:10:00-04:00,309.610107421875,310.0,309.6099853515625,310.0,288649
2026-08-04 13:11:00-04:00,309.989990234375,310.1499938964844,309.8699951171875,310.0799865722656,144320
2026-08-04 13:12:00-04:00,310.07000732421875,310.32000732421875,310.0299987792969,310.30999755859375,106492
2026-08-04 13:13:00-04:00,310.30999755859375,310.3599853515625,310.260009765625,310.3299865722656,120864
2026-08-04 13:14:00-04:00,310.3349914550781,310.4200134277344,310.1199951171875,310.12200927734375,125212
2026-08-04 13:15:00-04:00,310.1300048828125,310.25,310.0199890136719,310.05999755859375,114881
2026-08-04 13:16:00-04:00,310.07000732421875,310.07000732421875,309.79998779296875,309.8299865722656,130145
2026-08-04 13:17:00-04:00,309.8399963378906,309.9700012207031,309.80999755859375,309.8219909667969,94735
2026-08-04 13:18:00-04:00,309.82000732421875,309.8900146484375,309.7699890136719,309.8699951171875,83907
2026-08-04 13:19:00-04:00,309.8800048828125,309.9599914550781,309.6600036621094,309.70001220703125,93068
2026-08-04 13:20:00-04:00,309.69000244140625,309.7099914550781,309.44000244140625,309.45001220703125,102244
2026-08-04 13:21:00-04:00,309.4599914550781,309.4800109863281,309.2650146484375,309.375,87957
2026-08-04 13:22:00-04:00,309.3900146484375,309.3999938964844,309.29998779296875,309.3299865722656,106792
2026-08-04 13:23:00-04:00,309.34991455078125,309.3900146484375,309.2301025390625,309.239990234375,72111
2026-08-04 13:24:00-04:00,309.239990234375,309.239990234375,308.8999938964844,308.9277038574219,105328
2026-08-04 13:25:00-04:00,308.9200134277344,309.0199890136719,308.8599853515625,309.010009765625,110244
2026-08-04 13:26:00-04:00,309.0050048828125,309.1499938964844,308.9599914550781,308.9599914550781,112805
2026-08-04 13:27:00-04:00,308.9599914550781,309.0899963378906,308.8900146484375,309.0450134277344,72816
2026-08-04 13:28:00-04:00,309.04998779296875,309.1300048828125,308.9200134277344,308.93499755859375,54668
2026-08-04 13:29:00-04:00,308.9200134277344,308.96990966796875,308.8900146484375,308.8999938964844,45938
2026-08-04 13:30:00-04:00,308.8999938964844,308.95001220703125,308.7850036621094,308.8399963378906,59878
2026-08-04 13:31:00-04:00,308.8500061035156,308.8677062988281,308.7200012207031,308.8299865722656,69676
2026-08-04 13:32:00-04:00,308.8299865722656,309.0,308.8299865722656,308.9200134277344,76349
2026-08-04 13:33:00-04:00,308.9100036621094,308.9100036621094,308.760009765625,308.79998779296875,48865
2026-08-04 13:34:00-04:00,308.79998779296875,308.80999755859375,308.6600036621094,308.72808837890625,64915
2026-08-04 13:35:00-04:00,308.7300109863281,308.80499267578125,308.7099914550781,308.7950134277344,55120
2026-08-04 13:36:00-04:00,308.7799987792969,309.0199890136719,308.7699890136719,309.0,65270
2026-08-04 13:37:00-04:00,309.010009765625,309.0599060058594,308.92999267578125,309.0199890136719,73525
2026-08-04 13:38:00-04:00,309.010009765625,309.2300109863281,308.9800109863281,309.19000244140625,155782
2026-08-04 13:39:00-04:00,309.19000244140625,309.3399963378906,309.1600036621094,309.322998046875,65655
2026-08-04 13:40:00-04:00,309.32501220703125,309.44000244140625,309.30999755859375,309.3550109863281,74687
2026-08-04 13:41:00-04:00,309.36968994140625,309.4700012207031,309.32000732421875,309.45001220703125,63293
2026-08-04 13:42:00-04:00,309.45001220703125,309.4601135253906,309.3900146484375,309.44000244140625,64080
2026-08-04 13:43:00-04:00,309.42999267578125,309.489990234375,309.29998779296875,309.3349914550781,96143
2026-08-04 13:44:00-04:00,309.3299865722656,309.6000061035156,309.32000732421875,309.5830078125,90372
2026-08-04 13:45:00-04:00,309.55999755859375,309.82000732421875,309.55999755859375,309.7200012207031,88645
2026-08-04 13:46:00-04:00,309.70001220703125,309.75,309.5400085449219,309.7142028808594,80461
2026-08-04 13:47:00-04:00,309.7049865722656,309.9100036621094,309.70001220703125,309.9049987792969,189001
2026-08-04 13:48:00-04:00,309.9198913574219,309.9898986816406,309.8599853515625,309.9700012207031,107638
2026-08-04 13:49:00-04:00,309.989990234375,310.1300048828125,309.8800048828125,309.9206848144531,119872
2026-08-04 13:50:00-04:00,309.9100036621094,309.9100036621094,309.739990234375,309.80999755859375,79369
2026-08-04 13:51:00-04:00,309.7909851074219,309.8219909667969,309.6319885253906,309.7799987792969,69377
2026-08-04 13:52:00-04:00,309.79998779296875,309.8900146484375,309.6600036621094,309.7322998046875,57829
2026-08-04 13:53:00-04:00,309.7449951171875,309.8086853027344,309.6199951171875,309.67999267578125,62296
2026-08-04 13:54:00-04:00,309.6700134277344,309.68499755859375,309.4700012207031,309.60321044921875,83263
2026-08-04 13:55:00-04:00,309.5799865722656,309.66790771484375,309.54998779296875,309.6099853515625,64158
2026-08-04 13:56:00-04:00,309.5899963378906,309.70001220703125,309.5799865722656,309.70001220703125,55262
2026-08-04 13:57:00-04:00,309.70001220703125,309.8642883300781,309.6600036621094,309.8500061035156,67261
2026-08-04 13:58:00-04:00,309.8500061035156,309.94000244140625,309.6170959472656,309.6300048828125,55617
2026-08-04 13:59:00-04:00,309.6199951171875,309.6600036621094,309.3299865722656,309.3599853515625,78379
2026-08-04 14:00:00-04:00,309.3399963378906,309.4599914550781,309.25,309.30010986328125,85099
2026-08-04 14:01:00-04:00,309.3299865722656,309.5498962402344,309.29998779296875,309.51129150390625,103200
2026-08-04 14:02:00-04:00,309.5050048828125,309.8500061035156,309.489990234375,309.8299865722656,89663
2026-08-04 14:03:00-04:00,309.8500061035156,309.9049987792969,309.79998779296875,309.8945007324219,765520
2026-08-04 14:04:00-04:00,309.9049987792969,309.91241455078125,309.7699890136719,309.8399963378906,63072
2026-08-04 14:05:00-04:00,309.8299865722656,309.989990234375,309.82000732421875,309.8999938964844,72656
2026-08-04 14:06:00-04:00,309.8999938964844,309.94000244140625,309.6700134277344,309.8599853515625,73083
2026-08-04 14:07:00-04:00,309.8699951171875,309.9599914550781,309.7900085449219,309.9100036621094,62762
2026-08-04 14:08:00-04:00,309.8999938964844,309.9549865722656,309.8500061035156,309.8700866699219,59381
2026-08-04 14:09:00-04:00,309.8800048828125,309.9800109863281,309.8800048828125,309.95001220703125,52362
2026-08-04 14:10:00-04:00,309.94000244140625,310.0299987792969,309.92999267578125,310.0299987792969,95783
2026-08-04 14:11:00-04:00,310.02801513671875,310.0950012207031,309.8800048828125,309.9599914550781,48289
2026-08-04 14:12:00-04:00,309.95098876953125,310.0,309.8999938964844,309.94000244140625,41862
2026-08-04 14:13:00-04:00,309.94000244140625,310.04998779296875,309.9360046386719,309.95001220703125,41139
2026-08-04 14:14:00-04:00,309.9794921875,310.04998779296875,309.9700012207031,310.0299987792969,53241
2026-08-04 14:15:00-04:00,310.0199890136719,310.1199951171875,309.9700012207031,310.0,86027
2026-08-04 14:16:00-04:00,310.0050048828125,310.04998779296875,309.8800048828125,309.9700012207031,91949
2026-08-04 14:17:00-04:00,309.9599914550781,310.0419921875,309.8999938964844,309.92999267578125,59538
2026-08-04 14:18:00-04:00,309.93499755859375,309.94970703125,309.82000732421875,309.8399963378906,65480
2026-08-04 14:19:00-04:00,309.8500061035156,309.92498779296875,309.80999755859375,309.8999938964844,63539
2026-08-04 14:20:00-04:00,309.9049987792969,309.92498779296875,309.6416015625,309.6700134277344,58200
2026-08-04 14:21:00-04:00,309.6700134277344,309.6700134277344,309.3599853515625,309.45001220703125,74379
2026-08-04 14:22:00-04:00,309.44000244140625,309.6499938964844,309.4200134277344,309.5899963378906,77609
2026-08-04 14:23:00-04:00,309.6050109863281,309.69000244140625,309.5799865722656,309.65899658203125,52060
2026-08-04 14:24:00-04:00,309.65008544921875,309.67999267578125,309.4573059082031,309.48651123046875,69291
2026-08-04 14:25:00-04:00,309.4649963378906,309.5199890136719,309.45001220703125,309.4549865722656,57643
2026-08-04 14:26:00-04:00,309.42999267578125,309.4800109863281,309.3699951171875,309.4754943847656,47328
2026-08-04 14:27:00-04:00,309.4700012207031,309.4700012207031,309.20001220703125,309.24090576171875,57041
2026-08-04 14:28:00-04:00,309.260009765625,309.3699951171875,309.2099914550781,309.29998779296875,48879
2026-08-04 14:29:00-04:00,309.2900085449219,309.3599853515625,309.260009765625,309.32000732421875,56813
2026-08-04 14:30:00-04:00,309.30999755859375,309.3900146484375,309.2699890136719,309.3741149902344,50807
2026-08-04 14:31:00-04:00,309.3916015625,309.4100036621094,309.30999755859375,309.3699951171875,61282
2026-08-04 14:32:00-04:00,309.3699951171875,309.5,309.3699951171875,309.3999938964844,44968
2026-08-04 14:33:00-04:00,309.3599853515625,309.3599853515625,309.0899963378906,309.114990234375,49567
2026-08-04 14:34:00-04:00,309.114990234375,309.20989990234375,309.1000061035156,309.1400146484375,87577
2026-08-04 14:35:00-04:00,309.1400146484375,309.19000244140625,309.0350036621094,309.1700134277344,49978
2026-08-04 14:36:00-04:00,309.1700134277344,309.1787109375,308.9501037597656,308.9700012207031,81112
2026-08-04 14:37:00-04:00,308.9822082519531,309.010009765625,308.8999938964844,309.010009765625,55958
2026-08-04 14:38:00-04:00,309.0150146484375,309.0199890136719,308.9100036621094,308.9700012207031,47897
2026-08-04 14:39:00-04:00,308.9700012207031,309.0,308.8800048828125,308.92999267578125,47676
2026-08-04 14:40:00-04:00,308.93499755859375,308.93499755859375,308.6600036621094,308.69000244140625,61677
2026-08-04 14:41:00-04:00,308.69000244140625,308.8800048828125,308.6400146484375,308.8299865722656,79983
2026-08-04 14:42:00-04:00,308.83880615234375,308.83880615234375,308.69000244140625,308.70001220703125,45128
2026-08-04 14:43:00-04:00,308.7099914550781,308.7850036621094,308.6499938964844,308.75,49665
2026-08-04 14:44:00-04:00,308.739990234375,308.8900146484375,308.7099914550781,308.81500244140625,55263
2026-08-04 14:45:00-04:00,308.82000732421875,309.0,308.79998779296875,308.92498779296875,51623
2026-08-04 14:46:00-04:00,308.92498779296875,308.989990234375,308.8599853515625,308.9419860839844,62955
2026-08-04 14:47:00-04:00,308.95001220703125,309.07000732421875,308.8550109863281,309.05999755859375,65068
2026-08-04 14:48:00-04:00,309.0741882324219,309.1199951171875,309.0400085449219,309.0899963378906,45595
2026-08-04 14:49:00-04:00,309.1000061035156,309.11279296875,308.9800109863281,309.0400085449219,62192
2026-08-04 14:50:00-04:00,309.04779052734375,309.1499938964844,309.010009765625,309.09051513671875,48703
2026-08-04 14:51:00-04:00,309.09991455078125,309.125,309.0105895996094,309.1099853515625,42940
2026-08-04 14:52:00-04:00,309.1099853515625,309.1700134277344,309.07000732421875,309.0899963378906,52140
2026-08-04 14:53:00-04:00,309.0899963378906,309.20001220703125,309.0799865722656,309.17999267578125,29274
2026-08-04 14:54:00-04:00,309.15008544921875,309.2300109863281,309.1499938964844,309.18499755859375,49504
2026-08-04 14:55:00-04:00,309.19000244140625,309.28851318359375,309.1499938964844,309.1700134277344,80823
2026-08-04 14:56:00-04:00,309.1650085449219,309.2099914550781,308.8500061035156,308.8599853515625,129898
2026-08-04 14:57:00-04:00,308.8599853515625,308.8699951171875,308.7099914550781,308.75,87388
2026-08-04 14:58:00-04:00,308.739990234375,308.80999755859375,308.5400085449219,308.5849914550781,117429
2026-08-04 14:59:00-04:00,308.59991455078125,308.59991455078125,308.4800109863281,308.5199890136719,76761
2026-08-04 15:00:00-04:00,308.5249938964844,308.67999267578125,308.5,308.6698913574219,87602
2026-08-04 15:01:00-04:00,308.6600036621094,308.8099060058594,308.6400146484375,308.7699890136719,81563
2026-08-04 15:02:00-04:00,308.7650146484375,308.8450012207031,308.7200012207031,308.75,79025
2026-08-04 15:03:00-04:00,308.75,308.8500061035156,308.67999267578125,308.8500061035156,88858
2026-08-04 15:04:00-04:00,308.8500061035156,308.8799133300781,308.6400146484375,308.6499938964844,67022
2026-08-04 15:05:00-04:00,308.6400146484375,308.70001220703125,308.6099853515625,308.6099853515625,78960
2026-08-04 15:06:00-04:00,308.6099853515625,308.6299133300781,308.4100036621094,308.4849853515625,109014
2026-08-04 15:07:00-04:00,308.4849853515625,308.5150146484375,308.2850036621094,308.3900146484375,85004
2026-08-04 15:08:00-04:00,308.3900146484375,308.44000244140625,308.25,308.44000244140625,71558
2026-08-04 15:09:00-04:00,308.44000244140625,308.54998779296875,308.3949890136719,308.5199890136719,97520
2026-08-04 15:10:00-04:00,308.5299987792969,308.7200012207031,308.5199890136719,308.7099914550781,143896
2026-08-04 15:11:00-04:00,308.7149963378906,308.8500061035156,308.6600036621094,308.67999267578125,104832
2026-08-04 15:12:00-04:00,308.7049865722656,308.7200012207031,308.6099853515625,308.66009521484375,86270
2026-08-04 15:13:00-04:00,308.6600036621094,308.760009765625,308.6400146484375,308.75,62432
2026-08-04 15:14:00-04:00,308.7471923828125,308.7699890136719,308.67999267578125,308.7200012207031,69117
2026-08-04 15:15:00-04:00,308.7250061035156,308.8599853515625,308.7200012207031,308.760009765625,116788
2026-08-04 15:16:00-04:00,308.760009765625,308.760009765625,308.6600036621094,308.67999267578125,84459
2026-08-04 15:17:00-04:00,308.69000244140625,308.70001220703125,308.57000732421875,308.6299133300781,90542
2026-08-04 15:18:00-04:00,308.6300048828125,308.70001220703125,308.6099853515625,308.6700134277344,86379
2026-08-04 15:19:00-04:00,308.6600036621094,308.739990234375,308.6499938964844,308.739990234375,56431
2026-08-04 15:20:00-04:00,308.7349853515625,309.2799987792969,308.7099914550781,309.2699890136719,178158
2026-08-04 15:21:00-04:00,309.25,309.3999938964844,309.2099914550781,309.3299865722656,85479
2026-08-04 15:22:00-04:00,309.3800048828125,309.4100036621094,309.3299865722656,309.3450012207031,73253
2026-08-04 15:23:00-04:00,309.3500061035156,309.42999267578125,309.260009765625,309.32720947265625,79171
2026-08-04 15:24:00-04:00,309.32000732421875,309.57000732421875,309.32000732421875,309.53228759765625,100682
2026-08-04 15:25:00-04:00,309.54998779296875,309.79998779296875,309.5400085449219,309.7099914550781,161924
2026-08-04 15:26:00-04:00,309.69500732421875,309.760009765625,309.6000061035156,309.6099853515625,93567
2026-08-04 15:27:00-04:00,309.614990234375,309.739990234375,309.614990234375,309.69000244140625,104549
2026-08-04 15:28:00-04:00,309.69000244140625,309.75,309.6199951171875,309.67999267578125,100434
2026-08-04 15:29:00-04:00,309.6600036621094,309.6600036621094,309.4750061035156,309.5799865722656,90306
2026-08-04 15:30:00-04:00,309.5799865722656,309.7049865722656,309.510009765625,309.69500732421875,90504
2026-08-04 15:31:00-04:00,309.69500732421875,309.92999267578125,309.6401062011719,309.9100036621094,137886
2026-08-04 15:32:00-04:00,309.8999938964844,309.9100036621094,309.7900085449219,309.7900085449219,87656
2026-08-04 15:33:00-04:00,309.80499267578125,309.98309326171875,309.7900085449219,309.885009765625,106664
2026-08-04 15:34:00-04:00,309.885009765625,310.0799865722656,309.8699951171875,310.07000732421875,137748
2026-08-04 15:35:00-04:00,310.06500244140625,310.1449890136719,310.0,310.125,114136
2026-08-04 15:36:00-04:00,310.125,310.2300109863281,310.010009765625,310.1510009765625,111500
2026-08-04 15:37:00-04:00,310.1499938964844,310.239990234375,310.0199890136719,310.0199890136719,99167
2026-08-04 15:38:00-04:00,310.0199890136719,310.2099914550781,310.0,310.05999755859375,91537
2026-08-04 15:39:00-04:00,310.07000732421875,310.17999267578125,310.0199890136719,310.04998779296875,92592
2026-08-04 15:40:00-04:00,310.07000732421875,310.1300048828125,310.0199890136719,310.0400085449219,98633
2026-08-04 15:41:00-04:00,310.0400085449219,310.20001220703125,310.0299987792969,310.1300048828125,121771
2026-08-04 15:42:00-04:00,310.1400146484375,310.17999267578125,310.04998779296875,310.17498779296875,86105
2026-08-04 15:43:00-04:00,310.17498779296875,310.17498779296875,309.9700012207031,310.114990234375,112729
2026-08-04 15:44:00-04:00,310.1199951171875,310.2900085449219,310.1000061035156,310.2749938964844,109438
2026-08-04 15:45:00-04:00,310.260009765625,310.3099060058594,310.18499755859375,310.2049865722656,127545
2026-08-04 15:46:00-04:00,310.2099914550781,310.2799987792969,310.1099853515625,310.25,137192
2026-08-04 15:47:00-04:00,310.2550048828125,310.260009765625,310.1000061035156,310.18499755859375,123068
2026-08-04 15:48:00-04:00,310.19000244140625,310.4200134277344,310.1700134277344,310.3999938964844,124082
2026-08-04 15:49:00-04:00,310.3900146484375,310.3999938964844,310.2200927734375,310.3757019042969,117118
2026-08-04 15:50:00-04:00,310.3999938964844,310.3999938964844,309.8900146484375,310.0400085449219,199928
2026-08-04 15:51:00-04:00,310.04998779296875,310.1099853515625,309.93231201171875,310.05010986328125,261456
2026-08-04 15:52:00-04:00,310.1000061035156,310.1400146484375,309.70001220703125,309.9649963378906,373536
2026-08-04 15:53:00-04:00,309.95001220703125,310.0950012207031,309.8599853515625,309.8999938964844,179054
2026-08-04 15:54:00-04:00,309.8900146484375,309.8900146484375,309.3999938964844,309.6499938964844,306605
2026-08-04 15:55:00-04:00,309.6499938964844,309.70001220703125,308.8800048828125,309.17999267578125,338446
2026-08-04 15:56:00-04:00,309.17999267578125,309.2300109863281,308.99029541015625,309.0718994140625,283490
2026-08-04 15:57:00-04:00,309.0700988769531,309.2099914550781,308.95001220703125,309.2049865722656,265969
2026-08-04 15:58:00-04:00,309.2049865722656,309.42999267578125,309.1199951171875,309.4200134277344,326191
2026-08-04 15:59:00-04:00,309.43499755859375,309.8699951171875,309.2200012207031,309.3900146484375,949562
2026-08-05 09:30:00-04:00,309.3599853515625,309.3800048828125,307.6499938964844,308.0849914550781,2304172
2026-08-05 09:31:00-04:00,308.0849914550781,308.9700012207031,308.0,308.8500061035156,250134
2026-08-05 09:32:00-04:00,308.8299865722656,308.8999938964844,308.2699890136719,308.4800109863281,187460
2026-08-05 09:33:00-04:00,308.42999267578125,309.0899963378906,308.3699951171875,308.72918701171875,205430
2026-08-05 09:34:00-04:00,308.70001220703125,309.0599060058594,308.3500061035156,308.6300048828125,254881
2026-08-05 09:35:00-04:00,308.635009765625,308.635009765625,307.0199890136719,307.0799865722656,347763
2026-08-05 09:36:00-04:00,307.0799865722656,307.1300048828125,306.29998779296875,306.385009765625,375399
2026-08-05 09:37:00-04:00,306.3500061035156,306.4150085449219,305.8399963378906,305.9100036621094,397251
2026-08-05 09:38:00-04:00,305.9200134277344,307.2820129394531,305.6700134277344,307.1199951171875,335382
2026-08-05 09:39:00-04:00,307.0799865722656,307.8500061035156,306.7543029785156,307.760009765625,258345
2026-08-05 09:40:00-04:00,307.7749938964844,307.8299865722656,307.2099914550781,307.389892578125,199480
2026-08-05 09:41:00-04:00,307.37750244140625,307.6235046386719,307.1300048828125,307.5101013183594,142599
2026-08-05 09:42:00-04:00,307.55499267578125,307.6400146484375,307.30999755859375,307.30999755859375,141327
2026-08-05 09:43:00-04:00,307.29998779296875,307.9100036621094,307.17999267578125,307.82000732421875,92561
2026-08-05 09:44:00-04:00,307.8699951171875,308.2900085449219,307.67999267578125,308.1600036621094,157812
2026-08-05 09:45:00-04:00,308.1700134277344,308.19500732421875,307.3785095214844,307.3785095214844,122465
2026-08-05 09:46:00-04:00,307.3800048828125,307.54998779296875,307.2701110839844,307.4100036621094,105060
2026-08-05 09:47:00-04:00,307.3800048828125,307.6300048828125,307.35009765625,307.5199890136719,119932
2026-08-05 09:48:00-04:00,307.489990234375,307.739990234375,307.45001220703125,307.5299987792969,135795
2026-08-05 09:49:00-04:00,307.510009765625,307.5599060058594,307.2749938964844,307.2850036621094,101110
2026-08-05 09:50:00-04:00,307.28009033203125,307.55999755859375,306.8900146484375,307.5400085449219,167194
2026-08-05 09:51:00-04:00,307.54998779296875,307.67999267578125,307.31500244140625,307.67498779296875,90806
2026-08-05 09:52:00-04:00,307.70001220703125,308.0474853515625,307.69500732421875,307.92010498046875,172360
2026-08-05 09:53:00-04:00,307.9100036621094,308.239990234375,307.56109619140625,307.6700134277344,158106
2026-08-05 09:54:00-04:00,307.67498779296875,307.8399963378906,307.54998779296875,307.7701110839844,200758
2026-08-05 09:55:00-04:00,307.7900085449219,307.989990234375,307.7349853515625,307.8399963378906,108732
2026-08-05 09:56:00-04:00,307.8299865722656,308.0398864746094,307.6401062011719,307.95001220703125,100949
2026-08-05 09:57:00-04:00,307.9649963378906,308.0199890136719,307.802001953125,308.010986328125,64975
2026-08-05 09:58:00-04:00,308.010009765625,308.1825866699219,307.9599914550781,308.05999755859375,85078
2026-08-05 09:59:00-04:00,308.07501220703125,308.14959716796875,307.8699951171875,308.0,111611
2026-08-05 10:00:00-04:00,307.9800109863281,308.04998779296875,307.6499938964844,307.8399963378906,116903
2026-08-05 10:01:00-04:00,307.8399963378906,307.8800048828125,307.5299987792969,307.7099914550781,139391
2026-08-05 10:02:00-04:00,307.7099914550781,308.07000732421875,307.68499755859375,308.05999755859375,117149
2026-08-05 10:03:00-04:00,308.05999755859375,308.16949462890625,307.6400146484375,308.1449890136719,115954
2026-08-05 10:04:00-04:00,308.1300048828125,308.3494873046875,308.0,308.3299865722656,67670
2026-08-05 10:05:00-04:00,308.32000732421875,308.3944091796875,307.8900146484375,307.9324035644531,157298
2026-08-05 10:06:00-04:00,307.95001220703125,307.95001220703125,307.62860107421875,307.82000732421875,90562
2026-08-05 10:07:00-04:00,307.79998779296875,307.9598083496094,307.6449890136719,307.8598937988281,66414
2026-08-05 10:08:00-04:00,307.864990234375,308.0176086425781,307.7301940917969,307.80999755859375,59346
2026-08-05 10:09:00-04:00,307.78009033203125,307.8900146484375,307.66009521484375,307.67498779296875,72506
2026-08-05 10:10:00-04:00,307.67999267578125,307.8999938964844,307.6499938964844,307.82000732421875,68999
2026-08-05 10:11:00-04:00,307.82000732421875,307.8599853515625,307.3500061035156,307.4901123046875,131721
2026-08-05 10:12:00-04:00,307.5299987792969,307.80999755859375,307.4923095703125,307.7909851074219,61194
2026-08-05 10:13:00-04:00,307.7900085449219,308.1000061035156,307.7799987792969,308.05999755859375,93608
2026-08-05 10:14:00-04:00,308.07000732421875,308.5,308.0,308.4198913574219,118437
2026-08-05 10:15:00-04:00,308.3999938964844,308.4200134277344,308.05999755859375,308.1700134277344,90497
2026-08-05 10:16:00-04:00,308.15008544921875,308.3999938964844,308.1300048828125,308.29058837890625,74625
2026-08-05 10:17:00-04:00,308.2900085449219,308.69000244140625,308.2799987792969,308.57000732421875,161271
2026-08-05 10:18:00-04:00,308.57000732421875,308.7099914550781,308.54998779296875,308.6499938964844,71898
2026-08-05 10:19:00-04:00,308.6120910644531,308.635009765625,308.2699890136719,308.28009033203125,82610
2026-08-05 10:20:00-04:00,308.2799987792969,308.7398986816406,308.2550048828125,308.73968505859375,61436
2026-08-05 10:21:00-04:00,308.7349853515625,309.0498962402344,308.7200012207031,308.94000244140625,182163
2026-08-05 10:22:00-04:00,308.94000244140625,308.94000244140625,308.29998779296875,308.32501220703125,92934
2026-08-05 10:23:00-04:00,308.32501220703125,308.6700134277344,308.32501220703125,308.4599914550781,76245
2026-08-05 10:24:00-04:00,308.4800109863281,308.5400085449219,308.2900085449219,308.3349914550781,106903
2026-08-05 10:25:00-04:00,308.3450012207031,308.3550109863281,307.80999755859375,307.80999755859375,110852
2026-08-05 10:26:00-04:00,307.8299865722656,307.89990234375,307.7099914550781,307.75,91051
2026-08-05 10:27:00-04:00,307.739990234375,307.7550048828125,307.5299987792969,307.61309814453125,81370
2026-08-05 10:28:00-04:00,307.6300048828125,307.6499938964844,307.1600036621094,307.19000244140625,133840
2026-08-05 10:29:00-04:00,307.18951416015625,307.2493896484375,306.7200012207031,306.7275085449219,155174
2026-08-05 10:30:00-04:00,306.70001220703125,306.80999755859375,306.2699890136719,306.5199890136719,152721
2026-08-05 10:31:00-04:00,306.5199890136719,306.7410888671875,306.45001220703125,306.6700134277344,105716
2026-08-05 10:32:00-04:00,306.6700134277344,307.0400085449219,306.6700134277344,306.9200134277344,150853
2026-08-05 10:33:00-04:00,306.92999267578125,307.0299987792969,306.8349914550781,306.8399963378906,111280
2026-08-05 10:34:00-04:00,306.8599853515625,307.05999755859375,306.82501220703125,306.8299865722656,109062
2026-08-05 10:35:00-04:00,306.8389892578125,307.0,306.7699890136719,307.0,113942
2026-08-05 10:36:00-04:00,306.9898986816406,307.1300048828125,306.9599914550781,307.0950012207031,102537
2026-08-05 10:37:00-04:00,307.0950012207031,307.3500061035156,306.989990234375,307.260009765625,118750
2026-08-05 10:38:00-04:00,307.2900085449219,307.67999267578125,307.2300109863281,307.5404052734375,130733
2026-08-05 10:39:00-04:00,307.5899963378906,307.6300048828125,307.45001220703125,307.5408935546875,97580
2026-08-05 10:40:00-04:00,307.57501220703125,307.7651062011719,307.5400085449219,307.7651062011719,93954
2026-08-05 10:41:00-04:00,307.7749938964844,307.9049987792969,307.70050048828125,307.8500061035156,94078
2026-08-05 10:42:00-04:00,307.8599853515625,308.57000732421875,307.8299865722656,308.4599914550781,182615
2026-08-05 10:43:00-04:00,308.5,308.8800048828125,308.4849853515625,308.7449951171875,109021
2026-08-05 10:44:00-04:00,308.739990234375,308.8500061035156,308.5400085449219,308.84991455078125,99889
2026-08-05 10:45:00-04:00,308.8500061035156,309.239990234375,308.8299865722656,309.1400146484375,237742
2026-08-05 10:46:00-04:00,309.1099853515625,309.4700012207031,309.0299987792969,309.42999267578125,133798
2026-08-05 10:47:00-04:00,309.4100036621094,309.80999755859375,309.3800048828125,309.6449890136719,170057
2026-08-05 10:48:00-04:00,309.6549987792969,309.75,309.54998779296875,309.71990966796875,106954
2026-08-05 10:49:00-04:00,309.7099914550781,310.0799865722656,309.7099914550781,309.9299011230469,154226
2026-08-05 10:50:00-04:00,309.9100036621094,310.7900085449219,309.9100036621094,310.70001220703125,184451
2026-08-05 10:51:00-04:00,310.70001220703125,310.8599853515625,310.4100036621094,310.54998779296875,186670
2026-08-05 10:52:00-04:00,310.54998779296875,310.9599914550781,310.489990234375,310.95001220703125,164180
2026-08-05 10:53:00-04:00,310.95001220703125,311.2200012207031,310.4599914550781,310.94500732421875,243848
2026-08-05 10:54:00-04:00,310.94500732421875,310.9599914550781,310.6111145019531,310.7099914550781,160112
2026-08-05 10:55:00-04:00,310.7300109863281,310.7900085449219,310.3900146484375,310.59698486328125,162535
2026-08-05 10:56:00-04:00,310.6050109863281,310.869384765625,310.54998779296875,310.8450012207031,98305
2026-08-05 10:57:00-04:00,310.8500061035156,311.1199951171875,310.8450012207031,311.1050109863281,119093
2026-08-05 10:58:00-04:00,311.1099853515625,311.29998779296875,311.1099853515625,311.2070007324219,121290
2026-08-05 10:59:00-04:00,311.20001220703125,311.3599853515625,311.1700134277344,311.32501220703125,103902
2026-08-05 11:00:00-04:00,311.3399963378906,311.3699951171875,311.0400085449219,311.17999267578125,117697
2026-08-05 11:01:00-04:00,311.17999267578125,311.2300109863281,310.7099914550781,310.91009521484375,153588
2026-08-05 11:02:00-04:00,310.92999267578125,311.04998779296875,310.79998779296875,310.8399963378906,74587
2026-08-05 11:03:00-04:00,310.8349914550781,310.8985900878906,310.6499938964844,310.7101135253906,95890
2026-08-05 11:04:00-04:00,310.7349853515625,311.06988525390625,310.5899963378906,311.0350036621094,121769
2026-08-05 11:05:00-04:00,311.0400085449219,311.25,310.8540954589844,311.090087890625,127089
2026-08-05 11:06:00-04:00,311.1650085449219,311.2900085449219,310.92999267578125,311.18011474609375,86897
2026-08-05 11:07:00-04:00,311.2099914550781,311.54998779296875,311.2099914550781,311.3949890136719,222654
2026-08-05 11:08:00-04:00,311.3500061035156,311.3699951171875,311.20001220703125,311.2850036621094,62987
2026-08-05 11:09:00-04:00,311.2850036621094,311.6600036621094,311.2742919921875,311.5450134277344,118099
2026-08-05 11:10:00-04:00,311.5465087890625,311.6700134277344,311.44061279296875,311.6300048828125,71179
2026-08-05 11:11:00-04:00,311.6499938964844,311.70819091796875,311.4800109863281,311.5350036621094,80381
2026-08-05 11:12:00-04:00,311.5299987792969,311.659912109375,311.3599853515625,311.3699951171875,107587
2026-08-05 11:13:00-04:00,311.3550109863281,311.3900146484375,310.7799987792969,310.8002014160156,141288
2026-08-05 11:14:00-04:00,310.82000732421875,311.04998779296875,310.5199890136719,310.5199890136719,142526
2026-08-05 11:15:00-04:00,310.510009765625,310.6050109863281,309.83441162109375,309.8500061035156,161071
2026-08-05 11:16:00-04:00,309.8500061035156,310.1099853515625,309.70001220703125,310.1099853515625,161131
2026-08-05 11:17:00-04:00,310.1000061035156,310.1300048828125,309.760009765625,309.885009765625,161706
2026-08-05 11:18:00-04:00,309.8699951171875,309.8949890136719,309.30999755859375,309.5799865722656,256243
2026-08-05 11:19:00-04:00,309.6000061035156,309.8550109863281,309.54998779296875,309.8299865722656,84894
2026-08-05 11:20:00-04:00,309.80999755859375,309.8800048828125,309.67999267578125,309.8599853515625,76221
2026-08-05 11:21:00-04:00,309.8399963378906,309.92950439453125,309.7349853515625,309.7569885253906,59446
2026-08-05 11:22:00-04:00,309.7401123046875,309.8598937988281,309.510009765625,309.5150146484375,84237
2026-08-05 11:23:00-04:00,309.510009765625,309.82879638671875,309.5,309.75,57966
2026-08-05 11:24:00-04:00,309.75,309.9023132324219,309.5950012207031,309.70001220703125,78404
2026-08-05 11:25:00-04:00,309.69000244140625,309.70001220703125,309.4599914550781,309.5400085449219,42897
2026-08-05 11:26:00-04:00,309.559814453125,309.559814453125,308.9159851074219,308.91668701171875,98267
2026-08-05 11:27:00-04:00,308.93499755859375,308.9700012207031,308.7699890136719,308.8450012207031,59988
2026-08-05 11:28:00-04:00,308.8550109863281,308.8550109863281,308.5350036621094,308.66400146484375,69696
2026-08-05 11:29:00-04:00,308.68499755859375,308.69000244140625,308.4200134277344,308.5950012207031,130410
2026-08-05 11:30:00-04:00,308.5950012207031,308.94000244140625,308.57000732421875,308.9200134277344,73718
2026-08-05 11:31:00-04:00,308.94000244140625,308.9599914550781,308.760009765625,308.92999267578125,53603
2026-08-05 11:32:00-04:00,308.9200134277344,308.930908203125,308.7099914550781,308.7650146484375,70547
2026-08-05 11:33:00-04:00,308.7699890136719,308.92498779296875,308.75250244140625,308.8949890136719,64125
2026-08-05 11:34:00-04:00,308.8800048828125,309.0,308.6099853515625,308.6499938964844,89712
2026-08-05 11:35:00-04:00,308.6600036621094,308.75,308.510009765625,308.7499084472656,81923
2026-08-05 11:36:00-04:00,308.75,308.75,308.5,308.67498779296875,40160
2026-08-05 11:37:00-04:00,308.6700134277344,308.6700134277344,308.4100036621094,308.43499755859375,62964
2026-08-05 11:38:00-04:00,308.43499755859375,308.4798889160156,308.2900085449219,308.30999755859375,68089
2026-08-05 11:39:00-04:00,308.32000732421875,308.44989013671875,308.17999267578125,308.41571044921875,65725
2026-08-05 11:40:00-04:00,308.43499755859375,308.489990234375,308.260009765625,308.2799987792969,65116
2026-08-05 11:41:00-04:00,308.2650146484375,308.42999267578125,308.2049865722656,308.3699951171875,54361
2026-08-05 11:42:00-04:00,308.3500061035156,308.4800109863281,308.29998779296875,308.4549865722656,53908
2026-08-05 11:43:00-04:00,308.4549865722656,308.4700012207031,308.29998779296875,308.385009765625,48756
2026-08-05 11:44:00-04:00,308.4049987792969,308.4100036621094,308.1400146484375,308.2650146484375,58087
2026-08-05 11:45:00-04:00,308.2651062011719,308.2850036621094,308.0357971191406,308.1549987792969,86756
2026-08-05 11:46:00-04:00,308.1499938964844,308.3299865722656,308.04998779296875,308.1000061035156,73335
2026-08-05 11:47:00-04:00,308.0950012207031,308.1795959472656,307.94000244140625,307.9798889160156,78949
2026-08-05 11:48:00-04:00,307.9674987792969,308.1000061035156,307.8299865722656,308.0849914550781,53233
2026-08-05 11:49:00-04:00,308.1000061035156,308.1099853515625,307.93011474609375,308.04998779296875,68813
2026-08-05 11:50:00-04:00,308.0299987792969,308.05999755859375,307.9100036621094,307.9100036621094,57677
2026-08-05 11:51:00-04:00,307.93499755859375,308.0899963378906,307.9100036621094,308.0350036621094,57564
2026-08-05 11:52:00-04:00,308.0450134277344,308.3005065917969,308.0450134277344,308.2950134277344,84635
2026-08-05 11:53:00-04:00,308.29998779296875,308.4800109863281,308.2507019042969,308.3599853515625,76015
2026-08-05 11:54:00-04:00,308.3450012207031,308.42498779296875,308.3103942871094,308.4049987792969,65911
2026-08-05 11:55:00-04:00,308.3987121582031,308.44989013671875,308.30999755859375,308.385009765625,57732
2026-08-05 11:56:00-04:00,308.3717041015625,308.5198974609375,308.20001220703125,308.2900085449219,85234
2026-08-05 11:57:00-04:00,308.260009765625,308.3599853515625,308.1600036621094,308.2101135253906,70528
2026-08-05 11:58:00-04:00,308.2200012207031,308.2598876953125,308.0,308.0589904785156,88058
2026-08-05 11:59:00-04:00,308.07000732421875,308.0799865722656,307.8500061035156,307.9700012207031,121779
2026-08-05 12:00:00-04:00,307.9700012207031,308.20001220703125,307.9599914550781,308.1600036621094,116563
2026-08-05 12:01:00-04:00,308.17999267578125,308.3299865722656,308.17999267578125,308.3299865722656,80052
2026-08-05 12:02:00-04:00,308.32000732421875,308.6099853515625,308.29998779296875,308.57501220703125,165965
2026-08-05 12:03:00-04:00,308.5899963378906,308.92498779296875,308.5899963378906,308.8999938964844,135616
2026-08-05 12:04:00-04:00,308.8699951171875,308.8699951171875,308.54998779296875,308.70001220703125,47039
2026-08-05 12:05:00-04:00,308.7008972167969,308.8591003417969,308.6401062011719,308.82000732421875,54493
2026-08-05 12:06:00-04:00,308.8210144042969,308.8699951171875,308.7434997558594,308.8699951171875,57517
2026-08-05 12:07:00-04:00,308.8800048828125,309.04998779296875,308.8349914550781,309.0299987792969,69599
2026-08-05 12:08:00-04:00,309.0199890136719,309.1499938964844,308.9667053222656,309.0444030761719,76912
2026-08-05 12:09:00-04:00,309.05999755859375,309.44000244140625,309.05999755859375,309.20001220703125,120504
2026-08-05 12:10:00-04:00,309.20001220703125,309.2699890136719,309.114990234375,309.1199951171875,70631
2026-08-05 12:11:00-04:00,309.1299133300781,309.2699890136719,309.1099853515625,309.2699890136719,51470
2026-08-05 12:12:00-04:00,309.2799987792969,309.30999755859375,309.1499938964844,309.2699890136719,52929
2026-08-05 12:13:00-04:00,309.2755126953125,309.3800048828125,309.1400146484375,309.20001220703125,56271
2026-08-05 12:14:00-04:00,309.19000244140625,309.20001220703125,308.8900146484375,309.0950012207031,82760
2026-08-05 12:15:00-04:00,309.0899963378906,309.1055908203125,308.9849853515625,309.0799865722656,36504
2026-08-05 12:16:00-04:00,309.0799865722656,309.0799865722656,308.9750061035156,308.989990234375,56483
2026-08-05 12:17:00-04:00,308.9700012207031,309.0,308.8900146484375,308.95001220703125,43730
2026-08-05 12:18:00-04:00,308.9599914550781,309.0199890136719,308.8800048828125,308.9649963378906,35339
2026-08-05 12:19:00-04:00,308.96990966796875,309.0299987792969,308.90899658203125,308.92498779296875,27906
2026-08-05 12:20:00-04:00,308.9200134277344,309.2099914550781,308.9200134277344,309.2049865722656,39506
2026-08-05 12:21:00-04:00,309.19500732421875,309.3299865722656,309.1600036621094,309.30999755859375,39841
2026-08-05 12:22:00-04:00,309.31500244140625,309.32000732421875,309.0199890136719,309.04998779296875,37792
2026-08-05 12:23:00-04:00,309.0299987792969,309.0299987792969,308.9150085449219,308.9150085449219,30561
2026-08-05 12:24:00-04:00,308.8999938964844,309.04998779296875,308.8504943847656,309.0299987792969,38403
2026-08-05 12:25:00-04:00,309.03570556640625,309.1400146484375,308.92999267578125,309.1199951171875,33572
2026-08-05 12:26:00-04:00,309.125,309.2099914550781,309.0249938964844,309.1499938964844,47152
2026-08-05 12:27:00-04:00,309.1400146484375,309.2300109863281,308.79998779296875,308.82000732421875,40397
2026-08-05 12:28:00-04:00,308.82000732421875,308.8299865722656,308.6499938964844,308.67010498046875,54252
2026-08-05 12:29:00-04:00,308.6700134277344,308.70001220703125,308.60009765625,308.639892578125,53830
2026-08-05 12:30:00-04:00,308.6300048828125,308.7398986816406,308.45001220703125,308.56500244140625,55888
2026-08-05 12:31:00-04:00,308.57000732421875,308.9591064453125,308.5450134277344,308.9591064453125,74656
2026-08-05 12:32:00-04:00,308.95001220703125,308.989990234375,308.83660888671875,308.8999938964844,48256
2026-08-05 12:33:00-04:00,308.9100036621094,308.95001220703125,308.80999755859375,308.8299865722656,31122
2026-08-05 12:34:00-04:00,308.82000732421875,308.92999267578125,308.7550048828125,308.92498779296875,36897
2026-08-05 12:35:00-04:00,308.92999267578125,308.95001220703125,308.8599853515625,308.92498779296875,31121
2026-08-05 12:36:00-04:00,308.92999267578125,309.1199951171875,308.9200134277344,309.0851135253906,42157
2026-08-05 12:37:00-04:00,309.0851135253906,309.0899963378906,308.75,308.79998779296875,36069
2026-08-05 12:38:00-04:00,308.7900085449219,308.8550109863281,308.6499938964844,308.7950134277344,70616
2026-08-05 12:39:00-04:00,308.7900085449219,308.885009765625,308.6600036621094,308.69000244140625,52589
2026-08-05 12:40:00-04:00,308.6600036621094,308.8500061035156,308.6600036621094,308.80999755859375,101276
2026-08-05 12:41:00-04:00,308.7799987792969,308.8299865722656,308.6700134277344,308.7200012207031,59923
2026-08-05 12:42:00-04:00,308.7240905761719,308.8699951171875,308.69000244140625,308.80999755859375,48598
2026-08-05 12:43:00-04:00,308.8349914550781,309.0299987792969,308.8349914550781,309.0101013183594,63003
2026-08-05 12:44:00-04:00,309.0198974609375,309.3399963378906,308.9599914550781,309.2900085449219,52001
2026-08-05 12:45:00-04:00,309.2799987792969,309.3399963378906,309.1600036621094,309.18499755859375,38696
2026-08-05 12:46:00-04:00,309.17999267578125,309.2001037597656,308.9100036621094,308.9150085449219,44701
2026-08-05 12:47:00-04:00,308.93499755859375,309.05999755859375,308.8999938964844,308.9700012207031,29320
2026-08-05 12:48:00-04:00,308.96551513671875,309.0400085449219,308.96551513671875,309.0199890136719,27581
2026-08-05 12:49:00-04:00,309.0249938964844,309.135009765625,309.0150146484375,309.05999755859375,30177
2026-08-05 12:50:00-04:00,309.05999755859375,309.0799865722656,308.8900146484375,308.95001220703125,42417
2026-08-05 12:51:00-04:00,308.94000244140625,308.94000244140625,308.8299865722656,308.8599853515625,27106
2026-08-05 12:52:00-04:00,308.8399963378906,309.04998779296875,308.8399963378906,309.0,64934
2026-08-05 12:53:00-04:00,308.989990234375,309.1000061035156,308.9200134277344,309.0849914550781,24471
2026-08-05 12:54:00-04:00,309.0710144042969,309.0710144042969,308.94500732421875,309.05499267578125,36471
2026-08-05 12:55:00-04:00,309.05499267578125,309.0578918457031,308.9599914550781,309.010009765625,26141
2026-08-05 12:56:00-04:00,309.010009765625,309.1199951171875,308.989990234375,309.01580810546875,59232
2026-08-05 12:57:00-04:00,309.0199890136719,309.0400085449219,308.8699951171875,308.96051025390625,45456
2026-08-05 12:58:00-04:00,308.9599914550781,308.9599914550781,308.75,308.7749938964844,44059
2026-08-05 12:59:00-04:00,308.7900085449219,308.85009765625,308.7699890136719,308.8299865722656,27931
2026-08-05 13:00:00-04:00,308.8299865722656,309.1000061035156,308.82000732421875,309.07000732421875,38775
2026-08-05 13:01:00-04:00,309.07000732421875,309.125,308.88848876953125,309.04998779296875,42276
2026-08-05 13:02:00-04:00,309.04998779296875,309.07501220703125,308.95001220703125,308.9700012207031,34108
2026-08-05 13:03:00-04:00,308.9700012207031,309.05999755859375,308.9700012207031,309.0,27435
2026-08-05 13:04:00-04:00,309.0,309.0401916503906,308.95098876953125,309.0400085449219,27497
2026-08-05 13:05:00-04:00,309.0299987792969,309.0799865722656,308.9750061035156,309.0199890136719,35549
2026-08-05 13:06:00-04:00,309.0199890136719,309.06500244140625,308.92999267578125,309.0400085449219,29043
2026-08-05 13:07:00-04:00,309.0476989746094,309.2300109863281,309.0,309.17498779296875,47375
2026-08-05 13:08:00-04:00,309.17999267578125,309.3599853515625,309.1499938964844,309.3599853515625,44234
2026-08-05 13:09:00-04:00,309.3599853515625,309.364990234375,309.239990234375,309.2699890136719,45221
2026-08-05 13:10:00-04:00,309.2699890136719,309.3699951171875,309.25,309.29998779296875,35510
2026-08-05 13:11:00-04:00,309.29010009765625,309.57000732421875,309.2699890136719,309.56988525390625,73268
2026-08-05 13:12:00-04:00,309.55499267578125,309.68499755859375,309.5400085449219,309.60211181640625,47581
2026-08-05 13:13:00-04:00,309.6099853515625,309.6299133300781,309.4624938964844,309.5400085449219,58090
2026-08-05 13:14:00-04:00,309.55999755859375,309.7699890136719,309.54998779296875,309.7200012207031,53600
2026-08-05 13:15:00-04:00,309.7149963378906,309.9800109863281,309.69000244140625,309.9200134277344,69456
2026-08-05 13:16:00-04:00,309.9100036621094,309.9599914550781,309.82000732421875,309.90008544921875,36560
2026-08-05 13:17:00-04:00,309.8999938964844,309.9200134277344,309.6600036621094,309.7767028808594,39118
2026-08-05 13:18:00-04:00,309.7900085449219,309.82000732421875,309.69000244140625,309.79998779296875,37363
2026-08-05 13:19:00-04:00,309.7850036621094,309.8298034667969,309.6600036621094,309.7699890136719,43482
2026-08-05 13:20:00-04:00,309.7749938964844,309.7998962402344,309.72698974609375,309.7900085449219,32916
2026-08-05 13:21:00-04:00,309.7900085449219,309.79949951171875,309.6000061035156,309.739990234375,49236
2026-08-05 13:22:00-04:00,309.7449951171875,309.75,309.6600036621094,309.6700134277344,27102
2026-08-05 13:23:00-04:00,309.6600036621094,309.7300109863281,309.5799865722656,309.6300048828125,41636
2026-08-05 13:24:00-04:00,309.614990234375,309.8494873046875,309.5950012207031,309.80999755859375,54933
2026-08-05 13:25:00-04:00,309.7799987792969,309.7900085449219,309.67999267578125,309.739990234375,30428
2026-08-05 13:26:00-04:00,309.75,309.82000732421875,309.7099914550781,309.75,28709
2026-08-05 13:27:00-04:00,309.7401123046875,309.760009765625,309.6499938964844,309.6600036621094,25919
2026-08-05 13:28:00-04:00,309.6600036621094,309.7099914550781,309.6300048828125,309.69500732421875,34965
2026-08-05 13:29:00-04:00,309.70001220703125,309.7477111816406,309.5899963378906,309.739990234375,34401
2026-08-05 13:30:00-04:00,309.75,309.81988525390625,309.7300109863281,309.760009765625,39488
2026-08-05 13:31:00-04:00,309.75,309.8599853515625,309.6400146484375,309.8599853515625,39305
2026-08-05 13:32:00-04:00,309.8599853515625,310.04998779296875,309.8031921386719,310.0199890136719,78283
2026-08-05 13:33:00-04:00,310.0199890136719,310.05999755859375,309.9599914550781,310.0249938964844,39805
2026-08-05 13:34:00-04:00,310.0299987792969,310.1700134277344,310.0299987792969,310.1449890136719,50499
2026-08-05 13:35:00-04:00,310.1400146484375,310.20001220703125,310.1000061035156,310.19500732421875,33823
2026-08-05 13:36:00-04:00,310.20001220703125,310.2200012207031,310.05010986328125,310.05010986328125,40757
2026-08-05 13:37:00-04:00,310.07000732421875,310.07000732421875,309.9100036621094,310.0,60019
2026-08-05 13:38:00-04:00,309.9800109863281,309.989990234375,309.7699890136719,309.8599853515625,50360
2026-08-05 13:39:00-04:00,309.8599853515625,309.8699951171875,309.67999267578125,309.760009765625,73793
2026-08-05 13:40:00-04:00,309.7650146484375,309.95001220703125,309.75,309.8599853515625,49354
2026-08-05 13:41:00-04:00,309.864990234375,309.8699951171875,309.7200012207031,309.7200012207031,37731
2026-08-05 13:42:00-04:00,309.7200012207031,309.75,309.60009765625,309.6099853515625,38791
2026-08-05 13:43:00-04:00,309.6050109863281,309.69000244140625,309.4200134277344,309.6622009277344,66374
2026-08-05 13:44:00-04:00,309.67999267578125,309.7099914550781,309.590087890625,309.625,40644
2026-08-05 13:45:00-04:00,309.6050109863281,309.6050109863281,309.3804931640625,309.5,69558
2026-08-05 13:46:00-04:00,309.5,309.6099853515625,309.4849853515625,309.5050048828125,36960
2026-08-05 13:47:00-04:00,309.489990234375,309.510009765625,309.2099914550781,309.25201416015625,68008
2026-08-05 13:48:00-04:00,309.260009765625,309.29998779296875,309.1600036621094,309.19000244140625,33892
2026-08-05 13:49:00-04:00,309.19500732421875,309.260009765625,309.1400146484375,309.24200439453125,32274
2026-08-05 13:50:00-04:00,309.239990234375,309.2950134277344,309.1000061035156,309.1300048828125,42484
2026-08-05 13:51:00-04:00,309.135009765625,309.2099914550781,309.0899963378906,309.17999267578125,46778
2026-08-05 13:52:00-04:00,309.18499755859375,309.18499755859375,308.989990234375,309.1206970214844,38903
2026-08-05 13:53:00-04:00,309.1300048828125,309.14990234375,309.0,309.1300048828125,28934
2026-08-05 13:54:00-04:00,309.1300048828125,309.1600036621094,309.04998779296875,309.1400146484375,31263
2026-08-05 13:55:00-04:00,309.1400146484375,309.17999267578125,309.0870056152344,309.1300048828125,28867
2026-08-05 13:56:00-04:00,309.1300048828125,309.15008544921875,309.0899963378906,309.0950012207031,24960
2026-08-05 13:57:00-04:00,309.0950012207031,309.0950012207031,308.8299865722656,308.875,45756
2026-08-05 13:58:00-04:00,308.875,308.8865051269531,308.739990234375,308.8299865722656,35307
2026-08-05 13:59:00-04:00,308.8399963378906,308.989990234375,308.80499267578125,308.9200134277344,43203
2026-08-05 14:00:00-04:00,308.9200134277344,308.9599914550781,308.81500244140625,308.8599853515625,33213
2026-08-05 14:01:00-04:00,308.8500061035156,308.9100036621094,308.7300109863281,308.7950134277344,33957
2026-08-05 14:02:00-04:00,308.7799987792969,308.80999755859375,308.6000061035156,308.6650085449219,48293
2026-08-05 14:03:00-04:00,308.6600036621094,308.739990234375,308.6181945800781,308.739990234375,34944
2026-08-05 14:04:00-04:00,308.75,308.760009765625,308.6700134277344,308.7300109863281,35196
2026-08-05 14:05:00-04:00,308.7049865722656,308.7650146484375,308.6199951171875,308.739990234375,64466
2026-08-05 14:06:00-04:00,308.7349853515625,308.75,308.6000061035156,308.70001220703125,41871
2026-08-05 14:07:00-04:00,308.69500732421875,308.7300109863281,308.6004943847656,308.6300048828125,33531
2026-08-05 14:08:00-04:00,308.6099853515625,308.7099914550781,308.5400085449219,308.70001220703125,44289
2026-08-05 14:09:00-04:00,308.7300109863281,308.74951171875,308.6449890136719,308.6499938964844,34607
2026-08-05 14:10:00-04:00,308.6400146484375,308.6499938964844,308.510009765625,308.57000732421875,40162
2026-08-05 14:11:00-04:00,308.57000732421875,308.6199951171875,308.54998779296875,308.55999755859375,26299
2026-08-05 14:12:00-04:00,308.55999755859375,308.56988525390625,308.3299865722656,308.33770751953125,65277
2026-08-05 14:13:00-04:00,308.32501220703125,308.4949951171875,308.3219909667969,308.4895935058594,48426
2026-08-05 14:14:00-04:00,308.4800109863281,308.5199890136719,308.4150085449219,308.510009765625,29728
2026-08-05 14:15:00-04:00,308.5199890136719,308.6449890136719,308.4100036621094,308.6449890136719,46483
2026-08-05 14:16:00-04:00,308.6449890136719,308.656005859375,308.5801086425781,308.6000061035156,38671
2026-08-05 14:17:00-04:00,308.614990234375,308.6700134277344,308.57000732421875,308.6300048828125,56124
2026-08-05 14:18:00-04:00,308.6400146484375,308.6400146484375,308.55999755859375,308.5799865722656,32285
2026-08-05 14:19:00-04:00,308.57000732421875,308.614990234375,308.510009765625,308.614990234375,24041
2026-08-05 14:20:00-04:00,308.6199951171875,308.6199951171875,308.5299987792969,308.56219482421875,26454
2026-08-05 14:21:00-04:00,308.55999755859375,308.57000732421875,308.5,308.5400085449219,23445
2026-08-05 14:22:00-04:00,308.5450134277344,308.5450134277344,308.45001220703125,308.4549865722656,61818
2026-08-05 14:23:00-04:00,308.4549865722656,308.5799865722656,308.3500061035156,308.4100036621094,44765
2026-08-05 14:24:00-04:00,308.3999938964844,308.4100036621094,308.31500244140625,308.3450012207031,48912
2026-08-05 14:25:00-04:00,308.3450927734375,308.42999267578125,308.32000732421875,308.42498779296875,55569
2026-08-05 14:26:00-04:00,308.4200134277344,308.4200134277344,308.3399963378906,308.4100036621094,38758
2026-08-05 14:27:00-04:00,308.4049987792969,308.4100036621094,308.260009765625,308.2900085449219,50723
2026-08-05 14:28:00-04:00,308.2900085449219,308.32000732421875,308.1400146484375,308.1600036621094,87285
2026-08-05 14:29:00-04:00,308.15008544921875,308.2099914550781,308.0799865722656,308.1900939941406,60561
2026-08-05 14:30:00-04:00,308.2091979980469,308.2900085449219,308.0899963378906,308.0899963378906,73587
2026-08-05 14:31:00-04:00,308.0849914550781,308.239990234375,308.0849914550781,308.2099914550781,52367
2026-08-05 14:32:00-04:00,308.2049865722656,308.260009765625,308.1199951171875,308.17999267578125,46984
2026-08-05 14:33:00-04:00,308.17999267578125,308.29998779296875,308.1700134277344,308.2550048828125,736813
2026-08-05 14:34:00-04:00,308.2550048828125,308.3500061035156,308.239990234375,308.32000732421875,43857
2026-08-05 14:35:00-04:00,308.32000732421875,308.4949951171875,308.32000732421875,308.4200134277344,72065
2026-08-05 14:36:00-04:00,308.4200134277344,308.45001220703125,308.3517150878906,308.44000244140625,40924
2026-08-05 14:37:00-04:00,308.43499755859375,308.45001220703125,308.3599853515625,308.4049987792969,35889
2026-08-05 14:38:00-04:00,308.3999938964844,308.4649963378906,308.3100891113281,308.44000244140625,37156
2026-08-05 14:39:00-04:00,308.4364929199219,308.4599914550781,308.3900146484375,308.44989013671875,35685
2026-08-05 14:40:00-04:00,308.4599914550781,308.6700134277344,308.42498779296875,308.5899963378906,50482
2026-08-05 14:41:00-04:00,308.6000061035156,308.70001220703125,308.54998779296875,308.69000244140625,54107
2026-08-05 14:42:00-04:00,308.68499755859375,308.739990234375,308.6499938964844,308.70001220703125,60826
2026-08-05 14:43:00-04:00,308.70001220703125,308.7099914550781,308.510009765625,308.5299987792969,50821
2026-08-05 14:44:00-04:00,308.5299987792969,308.6300048828125,308.510009765625,308.6300048828125,41813
2026-08-05 14:45:00-04:00,308.625,308.7099914550781,308.625,308.6600036621094,44290
2026-08-05 14:46:00-04:00,308.6600036621094,308.68499755859375,308.5238952636719,308.56500244140625,39760
2026-08-05 14:47:00-04:00,308.56500244140625,308.57000732421875,308.4849853515625,308.510009765625,41724
2026-08-05 14:48:00-04:00,308.5126953125,308.739990234375,308.5,308.6499938964844,47348
2026-08-05 14:49:00-04:00,308.6549987792969,308.7300109863281,308.6499938964844,308.6910095214844,27962
2026-08-05 14:50:00-04:00,308.70001220703125,308.8299865722656,308.65240478515625,308.80499267578125,41961
2026-08-05 14:51:00-04:00,308.80499267578125,308.8699951171875,308.760009765625,308.7799987792969,40605
2026-08-05 14:52:00-04:00,308.7699890136719,308.864990234375,308.760009765625,308.79998779296875,28638
2026-08-05 14:53:00-04:00,308.7900085449219,308.989990234375,308.7900085449219,308.989990234375,38105
2026-08-05 14:54:00-04:00,308.9800109863281,309.1199951171875,308.9599914550781,309.0354919433594,60556
2026-08-05 14:55:00-04:00,309.0400085449219,309.0899963378906,308.9800109863281,309.0000915527344,40968
2026-08-05 14:56:00-04:00,309.010009765625,309.05999755859375,308.94000244140625,309.05999755859375,29796
2026-08-05 14:57:00-04:00,309.06500244140625,309.06500244140625,308.9242858886719,308.9750061035156,40632
2026-08-05 14:58:00-04:00,308.9700012207031,308.9800109863281,308.8800048828125,308.94000244140625,34891
2026-08-05 14:59:00-04:00,308.9309997558594,308.9700012207031,308.79998779296875,308.9599914550781,46563
2026-08-05 15:00:00-04:00,308.95001220703125,309.010009765625,308.8500061035156,309.0,44243
2026-08-05 15:01:00-04:00,308.989990234375,309.0799865722656,308.94000244140625,308.94000244140625,47853
2026-08-05 15:02:00-04:00,308.9599914550781,308.9800109863281,308.8699951171875,308.8699951171875,28402
2026-08-05 15:03:00-04:00,308.8500061035156,308.8800048828125,308.7005920410156,308.7650146484375,35866
2026-08-05 15:04:00-04:00,308.7699890136719,308.7950134277344,308.70001220703125,308.7699890136719,44529
2026-08-05 15:05:00-04:00,308.7723083496094,308.94000244140625,308.7099914550781,308.8699951171875,42410
2026-08-05 15:06:00-04:00,308.8699951171875,309.05999755859375,308.8699951171875,309.0050048828125,60500
2026-08-05 15:07:00-04:00,309.010009765625,309.1400146484375,308.989990234375,309.04998779296875,50127
2026-08-05 15:08:00-04:00,309.05999755859375,309.0790100097656,308.9700012207031,309.0050048828125,37930
2026-08-05 15:09:00-04:00,309.010009765625,309.04998779296875,309.0,309.0350036621094,34783
2026-08-05 15:10:00-04:00,309.0350036621094,309.0400085449219,308.9599914550781,309.0199890136719,246935
2026-08-05 15:11:00-04:00,309.0150146484375,309.0199890136719,308.94000244140625,308.9700012207031,246850
2026-08-05 15:12:00-04:00,308.9700012207031,308.9949951171875,308.8599853515625,308.8949890136719,53026
2026-08-05 15:13:00-04:00,308.8949890136719,308.92498779296875,308.8349914550781,308.8500061035156,36144
2026-08-05 15:14:00-04:00,308.8500061035156,308.95001220703125,308.8399963378906,308.9100036621094,47004
2026-08-05 15:15:00-04:00,308.9150085449219,309.0350036621094,308.9150085449219,309.0299987792969,38307
2026-08-05 15:16:00-04:00,309.0400085449219,309.0791015625,309.0199890136719,309.05499267578125,36233
2026-08-05 15:17:00-04:00,309.04998779296875,309.07000732421875,309.0,309.0,36501
2026-08-05 15:18:00-04:00,309.0,309.0299987792969,308.92999267578125,309.0,36278
2026-08-05 15:19:00-04:00,309.0050048828125,309.03509521484375,308.9700012207031,309.0,39293
2026-08-05 15:20:00-04:00,308.9949951171875,309.0799865722656,308.9599914550781,309.06500244140625,36875
2026-08-05 15:21:00-04:00,309.06500244140625,309.1300048828125,308.9800109863281,309.0899963378906,47337
2026-08-05 15:22:00-04:00,309.0799865722656,309.2499084472656,309.07000732421875,309.1549987792969,46502
2026-08-05 15:23:00-04:00,309.1499938964844,309.6400146484375,309.1499938964844,309.6400146484375,111358
2026-08-05 15:24:00-04:00,309.6300048828125,309.8699951171875,309.6300048828125,309.8599853515625,98204
2026-08-05 15:25:00-04:00,309.8599853515625,309.8699951171875,309.7401123046875,309.80999755859375,85801
2026-08-05 15:26:00-04:00,309.80999755859375,309.8789978027344,309.79998779296875,309.81500244140625,70062
2026-08-05 15:27:00-04:00,309.80999755859375,309.8500061035156,309.739990234375,309.7850036621094,74828
2026-08-05 15:28:00-04:00,309.7699890136719,309.7749938964844,309.6700134277344,309.7099914550781,84923
2026-08-05 15:29:00-04:00,309.7149963378906,309.7900085449219,309.614990234375,309.6200866699219,114458
2026-08-05 15:30:00-04:00,309.6099853515625,309.8949890136719,309.5799865722656,309.8800048828125,125867
2026-08-05 15:31:00-04:00,309.8945007324219,310.0,309.79998779296875,309.9909973144531,93542
2026-08-05 15:32:00-04:00,309.989990234375,310.05999755859375,309.9150085449219,309.92999267578125,111247
2026-08-05 15:33:00-04:00,309.94500732421875,310.010009765625,309.8999938964844,309.9549865722656,67411
2026-08-05 15:34:00-04:00,309.95001220703125,310.05999755859375,309.92999267578125,309.989990234375,55612
2026-08-05 15:35:00-04:00,309.9800109863281,309.9800109863281,309.8500061035156,309.8949890136719,78971
2026-08-05 15:36:00-04:00,309.8999938964844,309.9049987792969,309.6600036621094,309.69000244140625,81847
2026-08-05 15:37:00-04:00,309.70001220703125,309.7190856933594,309.4200134277344,309.4200134277344,96713
2026-08-05 15:38:00-04:00,309.4200134277344,309.6400146484375,309.3900146484375,309.5899963378906,58642
2026-08-05 15:39:00-04:00,309.5801086425781,309.67999267578125,309.5199890136719,309.67999267578125,79801
2026-08-05 15:40:00-04:00,309.67999267578125,309.7099914550781,309.5700988769531,309.70001220703125,72852
2026-08-05 15:41:00-04:00,309.7001037597656,309.7300109863281,309.5199890136719,309.54998779296875,77308
2026-08-05 15:42:00-04:00,309.55999755859375,309.6700134277344,309.5400085449219,309.6700134277344,79977
2026-08-05 15:43:00-04:00,309.67498779296875,309.79998779296875,309.635009765625,309.75,76835
2026-08-05 15:44:00-04:00,309.7300109863281,309.9700012207031,309.7300109863281,309.9049987792969,61119
2026-08-05 15:45:00-04:00,309.9200134277344,310.1431884765625,309.9200134277344,310.04998779296875,128350
2026-08-05 15:46:00-04:00,310.04998779296875,310.0799865722656,309.95831298828125,310.0199890136719,98123
2026-08-05 15:47:00-04:00,310.02081298828125,310.2250061035156,310.0101013183594,310.1499938964844,99621
2026-08-05 15:48:00-04:00,310.1300048828125,310.1300048828125,309.94000244140625,309.9700012207031,83242
2026-08-05 15:49:00-04:00,309.9800109863281,310.1199951171875,309.81500244140625,310.1199951171875,89129
2026-08-05 15:50:00-04:00,310.1400146484375,310.4700012207031,310.1400146484375,310.4599914550781,234682
2026-08-05 15:51:00-04:00,310.4700012207031,310.6199951171875,310.45001220703125,310.5799865722656,169073
2026-08-05 15:52:00-04:00,310.57000732421875,310.6300048828125,310.5,310.6000061035156,160142
2026-08-05 15:53:00-04:00,310.6099853515625,310.7200012207031,310.5504150390625,310.67999267578125,214014
2026-08-05 15:54:00-04:00,310.6499938964844,310.92999267578125,310.55999755859375,310.92999267578125,328665
2026-08-05 15:55:00-04:00,310.92999267578125,311.55499267578125,310.9100036621094,311.3324890136719,468913
2026-08-05 15:56:00-04:00,311.3349914550781,311.4100036621094,310.92999267578125,310.92999267578125,409324
2026-08-05 15:57:00-04:00,310.92999267578125,311.3800048828125,310.8999938964844,311.375,494966
2026-08-05 15:58:00-04:00,311.3699951171875,311.4224853515625,311.17999267578125,311.4200134277344,640688
2026-08-05 15:59:00-04:00,311.42498779296875,311.42498779296875,310.760009765625,310.9200134277344,1290103
2026-08-06 09:30:00-04:00,314.3399963378906,316.1300048828125,314.2099914550781,314.67999267578125,1639773
2026-08-06 09:31:00-04:00,314.67999267578125,315.75,314.0199890136719,315.7300109863281,206049
2026-08-06 09:32:00-04:00,315.739990234375,315.8500061035156,314.82000732421875,315.216796875,252619
2026-08-06 09:33:00-04:00,315.18499755859375,315.7749938964844,314.57000732421875,314.69000244140625,262739
2026-08-06 09:34:00-04:00,314.5570068359375,314.7200012207031,313.7301025390625,314.42999267578125,298815
2026-08-06 09:35:00-04:00,314.4200134277344,314.93499755859375,314.19000244140625,314.36370849609375,162959
2026-08-06 09:36:00-04:00,314.3299865722656,314.3598937988281,313.489990234375,313.9100036621094,261803
2026-08-06 09:37:00-04:00,313.94000244140625,314.0350036621094,313.55999755859375,313.57000732421875,116766
2026-08-06 09:38:00-04:00,313.57000732421875,314.29998779296875,313.5150146484375,314.239990234375,147192
2026-08-06 09:39:00-04:00,314.1449890136719,314.6300048828125,313.8800048828125,313.94000244140625,141144
2026-08-06 09:40:00-04:00,313.9237976074219,314.1700134277344,313.8399963378906,314.0849914550781,115964
2026-08-06 09:41:00-04:00,314.0849914550781,314.17999267578125,313.8599853515625,313.9700012207031,91848
2026-08-06 09:42:00-04:00,313.9700012207031,314.5450134277344,313.9700012207031,314.30999755859375,129255
2026-08-06 09:43:00-04:00,314.3055114746094,315.1499938964844,314.2200927734375,314.9800109863281,184479
2026-08-06 09:44:00-04:00,314.9649963378906,315.0450134277344,314.5799865722656,314.7699890136719,135908
2026-08-06 09:45:00-04:00,314.7001037597656,315.5799865722656,314.55999755859375,315.4949951171875,177389
2026-08-06 09:46:00-04:00,315.50201416015625,315.8500061035156,315.4700012207031,315.7300109863281,135737
2026-08-06 09:47:00-04:00,315.739990234375,315.9700012207031,315.3900146484375,315.75,171241
2026-08-06 09:48:00-04:00,315.7900085449219,315.9100036621094,315.2699890136719,315.4280090332031,179010
2026-08-06 09:49:00-04:00,315.45098876953125,315.92498779296875,315.45098876953125,315.489990234375,158052
2026-08-06 09:50:00-04:00,315.5199890136719,315.84991455078125,315.3599853515625,315.5299987792969,117659
2026-08-06 09:51:00-04:00,315.5050048828125,315.6700134277344,315.04998779296875,315.19500732421875,147473
2026-08-06 09:52:00-04:00,315.20001220703125,315.6400146484375,315.1900939941406,315.614990234375,111306
2026-08-06 09:53:00-04:00,315.5899963378906,315.79998779296875,315.43499755859375,315.7449951171875,165971
2026-08-06 09:54:00-04:00,315.75,316.05999755859375,315.7099914550781,316.010009765625,188837
2026-08-06 09:55:00-04:00,316.0,316.2893981933594,315.8500061035156,315.9599914550781,208703
2026-08-06 09:56:00-04:00,315.9305114746094,316.2300109863281,315.70220947265625,316.2300109863281,123839
2026-08-06 09:57:00-04:00,316.239990234375,316.2499084472656,315.510009765625,315.760009765625,132180
2026-08-06 09:58:00-04:00,315.760009765625,315.7831115722656,315.3100891113281,315.4700012207031,99545
2026-08-06 09:59:00-04:00,315.4800109863281,315.5078125,314.7699890136719,314.7699890136719,280718
2026-08-06 10:00:00-04:00,314.79998779296875,315.1600036621094,314.67999267578125,315.1400146484375,114371
2026-08-06 10:01:00-04:00,315.1400146484375,315.19000244140625,314.8599853515625,315.1199951171875,91178
2026-08-06 10:02:00-04:00,315.1058044433594,315.1199951171875,314.739990234375,314.8894958496094,117357
2026-08-06 10:03:00-04:00,314.8599853515625,314.8599853515625,314.3299865722656,314.5899963378906,139714
2026-08-06 10:04:00-04:00,314.5799865722656,314.92999267578125,314.5199890136719,314.78448486328125,77380
2026-08-06 10:05:00-04:00,314.79998779296875,314.79998779296875,314.1700134277344,314.30499267578125,109492
2026-08-06 10:06:00-04:00,314.30499267578125,314.6199951171875,314.29010009765625,314.5,99037
2026-08-06 10:07:00-04:00,314.52398681640625,314.7200012207031,314.3599853515625,314.3977966308594,83208
2026-08-06 10:08:00-04:00,314.3900146484375,314.3999938964844,314.0199890136719,314.2099914550781,92625
2026-08-06 10:09:00-04:00,314.19000244140625,314.19000244140625,313.6000061035156,313.6400146484375,170956
2026-08-06 10:10:00-04:00,313.6549987792969,313.760009765625,313.5350036621094,313.67559814453125,131761
2026-08-06 10:11:00-04:00,313.510009765625,313.510009765625,313.510009765625,313.510009765625,0
